場所名稱,場所地址,區域代碼,緯度,經度,場所分類,場所類型,AED放置地點,AED地點描述
國立臺灣師範大學校本部(和平東路1段162號) ,和平東路1段162號,63000030,25.02603,121.528283,學校、大型集會場所,大專院校,校本部體育館2樓,校本部體育館2樓體育室外
國立故宮博物院,至善路2段221號,63000110,25.10235,121.548432,大型休閒場所,博物館,國立故宮博物院研究大樓1樓大廳,國立故宮博物院右側第1棟研究大樓
國立故宮博物院,至善路2段221號,63000110,25.10235,121.548432,大型休閒場所,博物館,地下一樓醫務室醫務室,國立故宮博物院地下一樓醫務室
中國文化大學 大恩館,華岡路55號,63000110,25.136543,121.538749,學校、大型集會場所,大專院校,大孝館(體育館),中國文化大學校本部大孝館(體育館)2樓，進入體育館後右手邊方向。
福容大飯店股份有限公司台北分公司,建國南路一段266號,63000030,25.036628,121.53721,其他,其他場所,一樓大廳櫃檯前方,大廳櫃檯前方
市府轉運站,忠孝東路五段六號,63000020,25.040914,121.565136,交通要衝,轉運站,售票大廳,售票大廳
統一時代百貨台北店,忠孝東路5段8號,63000020,25.040587,121.565888,大型購物場所,百貨業,統一時代百貨台北店,一樓服務台(忠孝東路側)
交通部民用航空局臺北國際航空站(松山機場),敦化北路340-9號,63000010,25.06369,121.552742,交通要衝,機場,國際線2樓內候機室(東),5、6登機門間
財團法人臺灣敦睦聯誼會所屬作業組織圓山大飯店,中山北路4段1巷1號,63000040,25.078611,121.526287,旅宿場所,旅館,聯誼會游泳池,在游泳池教練室
國立臺灣大學(醫學校區),仁愛路1段1號,63000050,25.040772,121.520655,學校、大型集會場所,大專院校,醫學體育館,大門入口偏左側柱子前。
國立臺灣大學(醫學校區),仁愛路1段1號,63000050,25.040772,121.520655,學校、大型集會場所,大專院校,醫學基醫大樓,仁愛路大門入口左側，駐警室櫃台前。
國立臺灣大學(醫學校區),仁愛路1段1號,63000050,25.040772,121.520655,學校、大型集會場所,大專院校,醫學國際會議中心,基因體醫學研究中心大樓南側門入口走道上，駐警值班室前。
中國文化大學推廣教育部 大新館,延平南路127號一樓,63000050,25.038274,121.50869,學校、大型集會場所,大專院校,大新館一樓,中國文化大學推廣教育部大新館一樓處
國立臺北護理健康大學,明德路365號,63000120,25.117539,121.520679,學校、大型集會場所,大專院校,科技大樓一樓健康中心對面,置於科技大樓一樓健康中心對面
中國文化大學推廣教育部 大夏館,建國南路2段231號1樓,63000030,25.026078,121.538016,學校、大型集會場所,大專院校,六樓電梯口處,大夏館六樓電梯口處
臺北市南港運動中心,玉成街69號,63000090,25.048938,121.58184,學校、大型集會場所,健身中心,二樓健身入口處,臺北市南港運動中心二樓健身入口處
台北凱撒大飯店,忠孝西路1段38號,63000050,25.046259,121.516422,旅宿場所,飯店,飯店大廳,飯店大廳櫃檯旁
臺北表演藝術中心,劍潭路1號,63000110,25.0846148,121.5241572,大型休閒場所,演藝廳,10樓辦公區,10樓辦公區
松山文創園區,光復南路133號,63000020,25.044363,121.559901,觀光旅遊地區,文化園區,育嬰室,全家外置物櫃旁，水泥倉庫與育嬰室中間
松山文創園區,光復南路133號,63000020,25.044363,121.559901,觀光旅遊地區,文化園區,二號倉庫旁,園區二號倉庫旁
交通部民用航空局臺北國際航空站(松山機場),敦化北路340-9號,63000010,25.06369,121.552742,交通要衝,機場,國際線3樓環亞貴賓室,國際線3樓環亞貴賓室外帶區旁
中租控股股份有限公司,瑞光路362號,63000100,25.077252,121.572369,其他,其他場所,公司咖啡廳門口,放置於公司咖啡廳門口外之牆邊
寒居酒店,松江路116號,63000040,25.0518068,121.5325824,旅宿場所,飯店,健身中心,10樓
寒居酒店,松江路116號,63000040,25.0518068,121.5325824,旅宿場所,飯店,飯店大廳,1樓
臺北表演藝術中心,劍潭路1號,63000110,25.0846148,121.5241572,大型休閒場所,演藝廳,5F 大劇院門口,5F 大劇院門口
日勝生加賀屋國際溫泉飯店,光明路236號,63000120,25.135921,121.50689,大型公眾浴場或溫泉區,溫泉區,2樓手扶梯上來右側,2樓103吋電視旁
臺北表演藝術中心,劍潭路1號,63000110,25.0846148,121.5241572,大型休閒場所,演藝廳,1F大廳 服務台旁,1F大廳 服務台旁
松山文創園區,光復南路133號,63000020,25.044363,121.559901,觀光旅遊地區,文化園區,北二門,製菸工廠東向一樓，微熱山丘與垃圾廚房間
臺北表演藝術中心,劍潭路1號,63000110,25.0846148,121.5241572,大型休閒場所,演藝廳,7樓後場,7樓後場
臺北表演藝術中心,劍潭路1號,63000110,25.0846148,121.5241572,大型休閒場所,演藝廳,本館4樓藍盒子劇場,本館4樓藍盒子劇場
臺北表演藝術中心,劍潭路1號,63000110,25.0846148,121.5241572,大型休閒場所,演藝廳,2樓大廳,2樓大廳
臺北市立信義幼兒園,基隆路一段364巷24號,63000020,25.0349859,121.559024,其他,其他場所,台北市信義區基隆路一段364巷24號,辦公室暨健康中心
台北世貿中心展覽大樓,信義路5段5號,63000020,25.03317,121.562245,其他,其他場所,世貿中心展覽大樓南大門哺乳室旁,信義路南大門醫護室旁
台北世貿中心展覽大樓,信義路5段5號,63000020,25.03317,121.562245,其他,其他場所,世貿中心展覽大樓西大門郵局旁,世貿中心展覽大樓西大門郵局旁
台北世貿中心展覽大樓,信義路5段5號,63000020,25.03317,121.562245,其他,其他場所,世貿中心展覽大樓二樓貴賓室旁,世貿中心展覽大樓二樓貴賓室右側旁
台北世貿中心展覽大樓,信義路5段5號,63000020,25.03317,121.562245,其他,其他場所,展覽大樓5樓D區21室前,展覽大樓5樓D區21室展售間柱子旁旁
外貿協會台北國際會議中心,信義路5段1號,63000020,25.03369,121.561022,大型休閒場所,演藝廳,1樓大廳服務台,服務台旁邊
台北世界貿易中心國際貿易大樓,基隆路1段333號,63000020,25.034417,121.560814,其他,其他場所,一樓大廳服務台,一樓大廳24小時警衛服務台
臺北農產運銷股份有限公司 總公司(第二果菜批發市場),民族東路336號,63000040,25.067471,121.537218,其他,其他場所,中控室旁,中控室旁
臺北農產運銷股份有限公司 第一果菜批發市場,萬大路533號,63000070,25.016648,121.496902,其他,其他場所,前大門一樓業管組辦公室,"臺北農產運銷股份有限公司
第一果菜批發市場
前大門一樓業管組辦公室"
Curves女性專用30分鐘健身中心捷運中山店,承德路一段77-1號2樓,63000060,25.052264,121.517719,學校、大型集會場所,健身房,店內,店內靠承德路面
香港商世界健身事業有限公司西門分公司,西寧南路36號B1,63000070,25.045226,121.506498,學校、大型集會場所,健身房,會員休息區,入口右轉沙發區旁
香港商世界健身事業有限公司台北分公司,忠孝西路1段50號地下二樓,63000050,25.04630432,121.515823,學校、大型集會場所,健身房,忠孝西路店客服櫃台前方,客服櫃台前方空曠處
信義房屋股份有限公司,信義路五段100號1樓,63000020,25.032515,121.565783,其他,其他場所,1樓,信義房屋(信義大樓1樓)
大潤發流通事業股份有限公司南湖分公司,舊宗路1段188號,63000100,25.062902,121.575896,大型購物場所,賣場,賣場的入口直走進來的正前方,"敘述(1):在賣場正門口走進來的牆壁上；星巴克的招牌斜對角。
敘述(2):在自助榨果汁機的旁邊的牆上。
敘述(3):於LEE服飾店的旁邊的牆上。"
香港商世界健身事業有限公司內湖分公司,康寧路3段72號6樓,63000100,25.070238,121.611276,學校、大型集會場所,健身房,內湖店6樓心肺區,6樓心肺區
潤泰創新國際股份有限公司中崙分公司,八德路二段306號地下三樓,63000040,25.046873,121.542555,大型購物場所,商場,B2賣場出口,B2賣場出口滅火器旁
洛碁大飯店南港館,忠孝東路七段528號,63000090,25.0523268,121.6115069,旅宿場所,旅館,本館大廳座位區,本館大廳座位區
洛碁大飯店南京館,南京東路三段8號,63000040,25.0517484,121.5373432,旅宿場所,旅館,本館大廳座位區,大廳門口與座位區
京庚健康世界股份有限公司民生分公司,民生東路3段156號地下1樓,63000010,25.057461,121.547572,學校、大型集會場所,健身房,地下1樓入口左側,放置於進入館內自動門左側
教育部,中山南路5號,63000050,25.04275,121.519083,其他,其他場所,大廳右側,中山南路5號大廳右側
台北花園大酒店股份有限公司,中華路二段1號,63000050,25.03645563,121.5068646,旅宿場所,飯店,本館大廳,本館大廳，櫃檯中心右前方，客梯旁
臺北市政府環境保護局山豬窟游泳池館,舊莊街一段290巷32號,63000090,25.032825,121.624634,學校、大型集會場所,健身房,一樓大廳,一樓大廳 大門正前方
臺北市至善老人安養護中心,仰德大道二段二巷50號,63000110,25.101951,121.543237,其他,其他場所,中心大廳,本中心一樓大廳
臺北市士林區士東國民小學,中山北路六段392號,63000110,25.112934,121.526814,其他,其他場所,士東國小健康中心,士東國小健康中心
臺北南港展覽館1館,經貿二路1號,63000090,25.056902,121.618175,其他,其他場所,1樓大廳,1樓大廳
臺北南港展覽館1館,經貿二路1號,63000090,25.056902,121.618175,其他,其他場所,4樓服務台,台北南港展覽館1館4樓服務台
大潤發流通事業股份有限公司南湖分公司,舊宗路1段188號,63000100,25.062902,121.575896,大型購物場所,賣場,3F未購物出口(食品入口)對面柱子上,"(1)3F未購物出口(食品入口)對面柱子上
(2)3F賣場出入口旁
(3)結帳區對面靠近出入口之柱子
(4)堡獅龍服飾旁牆上"
西門就業服務站,峨嵋街81號,63000070,25.044067,121.505259,其他,其他場所,西門就業服務站,櫃台後方，後門左側
統一大樓管理委員會,東興路8號,63000010,25.050314,121.565037,其他,其他場所,10樓梯廳,10樓梯廳右側
國立政治大學附設實驗國民小學,指南路三段12號,63000080,24.984837,121.57996,其他,其他場所,健康中心,放置於健康中心一進門右手邊牆面上
慈濟內湖聯絡處環保站,成功路5段168號,63000100,25.083426,121.605294,其他,其他場所,環保站,辦公室入口(血壓器旁)
慈濟內湖聯絡處人文館,成功路5段168號,63000100,25.083426,121.605294,其他,其他場所,人文館入口左側,人文館入口左側
臺北市立大學博愛校區,愛國西路1號,63000050,25.037044,121.51333,學校、大型集會場所,大專院校,勤樸樓一樓健康促進中心門外,臺北市立大學博愛校區勤樸樓健康促進中心門外，本校24小時對外開放，可由愛國西路正門口進入。本校週一～週五08：00～17：00有受過AED訓練之護理人員值班。
Curves女性專用30分鐘健身中心萬華青年公園店,青年路30巷2-3號1樓,63000070,25.025995,121.504789,學校、大型集會場所,健身房,環狀運動圈內,放置在環狀運動圈
臺北市議會,仁愛路4段507號,63000020,25.038463,121.562251,學校、大型集會場所,議會,1樓大廳右側警衛台旁,1樓大廳右側警衛台旁
最高法院第二辦公室寶慶院區,長沙街一段27號,63000050,25.040388,121.509748,學校、大型集會場所,法院,最高法院第二辦公室寶慶院區,進大門（警衛室）直走，上樓梯門口左邊
國立臺灣科學教育館,士商路189號,63000110,25.095757,121.516602,大型休閒場所,博物館,本館1樓服務台旁,本館一樓服務台旁
凱羅斯健康有限公司（練健康),南京東路三段29號B1,63000040,25.052245,121.537984,學校、大型集會場所,健身房,台北市中山區南京東路三段29號B1,健身房地下一樓櫃台旁
臺北市私立復興實驗高級中學,敦化南路一段262號,63000030,25.039435,121.548432,學校、大型集會場所,高中職,學校慎思樓四樓電梯口,該處位於學校慎思樓四樓電梯口，為師生進出頻繁的要道，位置明顯。
吸引力生活事業股份有限公司 ATT 4 FUN,松壽路12號,63000020,25.035666,121.566075,大型購物場所,百貨業,ATT 4 FUN B2F,ATT 4 FUN B2F 客服中心外。
幼華學校財團法人臺北市幼華高級中等學校,北投路二段55號,63000120,25.133393,121.49689,學校、大型集會場所,高中職,教學大樓保健室內,保健室內
臺灣土地銀行和平分行,和平東路三段15號,63000030,25.02483356,121.547465,其他,其他場所,1樓營業廳,1樓營業廳
台北遠東香格里拉/Shangri-La Far Eastern Taipei (鼎鼎大飯店股份有限公司),敦化南路二段201號,63000030,25.026612,121.549282,旅宿場所,飯店,1F 客務部辦公室,一樓客務部辦公室影印機旁
美麗華大直影城,敬業三路22號6樓,63000040,25.08324,121.557863,大型休閒場所,電影片映演場所(戲院、電影院),6樓客梯左方,美麗華大直影城6樓客梯左方
管家婆科技股份有限公司(禮客時尚館公館店),思源街16號1F,63000050,25.0143914,121.5307463,大型購物場所,百貨業,特賣區正對面走道上,禮客公館店出入口旁，正對男廁門口處
禮客Outlet內湖一館,民善街205號1F,63000100,25.064243,121.57476,大型購物場所,商場,禮客內湖一館西雅圖旁,禮客內湖一館西雅圖旁
三軍總醫院汀州院區,汀州路三段40號,63000050,25.016476,121.529829,其他,其他場所,綜合大樓1樓門診大廳,1樓門診大廳
三軍總醫院汀州院區,汀州路三段40號,63000050,25.016476,121.529829,其他,其他場所,綜合大樓2樓大廳,二樓大廳，汀州行政組門口右側
三軍總醫院汀州院區,汀州路三段40號,63000050,25.016476,121.529829,其他,其他場所,介壽大樓1樓大廳,介壽大樓1樓大廳
大同大學,中山北路3段40號,63000040,25.06684013,121.5222096,學校、大型集會場所,大專院校,德惠宿舍,服務台
財團法人台北市松山慈祐宮,八德路4段761號,63000010,25.051054,121.577742,其他,其他場所,服務台正前方,服務台正前方
松山慈惠堂,福德街251巷33號,63000020,25.03652,121.587484,其他,其他場所,服務台外左側,服務台外左側
台北美國學校,11152 中山北路六段 800號,63000110,25.1164004,121.5301123,學校、大型集會場所,高中職,LS Playground Entrance,1st ?oor end of the hallway towards the lower school playground
台北美國學校,11152 中山北路六段 800號,63000110,25.1164004,121.5301123,學校、大型集會場所,高中職,US Entrance Foyer,2nd ?oor left side of the atrium beside counselor o?ce
彩色人生興業股份有限公司(三二行館),中山路32號,63000120,25.137778,121.510497,大型公眾浴場或溫泉區,大型公眾浴場,二樓迎賓櫃檯旁,迎賓大門貴賓休息區旁
彩色人生興業股份有限公司(三二行館),中山路32號,63000120,25.137778,121.510497,大型公眾浴場或溫泉區,大型公眾浴場,3F VIP室,3F貴賓專屬湯屋
台北偶戲館,市民大道五段99號2樓,63000010,25.047712,121.561213,大型休閒場所,博物館,2樓展場大門旁,2樓展場
臺北市立萬芳高級中學,興隆路3段115巷1號,63000080,25.000625,121.558914,學校、大型集會場所,高中職,警衛室,臺北市立萬芳高級中學警衛室
臺北市文山區戶政事務所（景美辦事處）,興隆路二段160號3樓,63000080,25.001643,121.551576,其他,其他場所,3樓戶政事務所民眾等待區,放置於三樓戶政事務所民眾等待區
臺北市南港區公所,南港路1段360號,63000090,25.054514,121.606781,其他,其他場所,2樓服務台旁,2樓服務台旁
臺北市立麗山國民中學,內湖路一段629巷42號,63000100,25.081617,121.575688,其他,其他場所,健康中心,健康中心內
臺北市內湖區公所,民權東路六段99號,63000100,25.069231,121.589099,其他,其他場所,1樓駐警台旁,臺北市內湖區行政中心大樓1樓駐警台旁
臺北市立松山高級中學,基隆路一段156號,63000020,25.043646,121.565588,學校、大型集會場所,高中職,本校穿堂,一進入學校大門，即可看見穿堂，AED設置於穿堂右側走道上。
臺北市大同區戶政事務所,昌吉街57號三樓之1,63000060,25.06606,121.515119,其他,其他場所,大門入口明顯處,大門入口明顯處
臺北市大同區公所,昌吉街57號4樓,63000060,25.066061,121.515106,其他,其他場所,為民服務區(西側入口),臺北市大同區公所為民服務區(西側入口)
臺北市大同運動中心,大龍街51號,63000060,25.064769,121.516146,學校、大型集會場所,健身中心,B2泳池館救護站,"臺北市大同運動中心B2泳池館
救護站"
臺北市松山區戶政事務所,八德路4段692號4樓,63000010,25.049907,121.57726,其他,其他場所,4樓入口處進門右側服務檯內,臺北市松山區戶政事務所4樓入口處進門右側服務檯內。
臺北市南港運動中心,玉成街69號,63000090,25.048938,121.58184,學校、大型集會場所,健身中心,六樓羽球場,臺北市南港運動中心六樓羽球場
臺北市松山區公所,八德路4段692號7樓,63000010,25.049768,121.577126,其他,其他場所,7樓電梯口,7樓電梯出口左側。
臺北市寧夏商圈發展協會,位於民生西路至南京西路間。,63000060,25.05608,121.51532,其他,其他場所,台北市寧夏夜市協會,台北市大同區寧夏路58號2樓
臺北市信義運動中心,松勤街100號,63000020,25.03180456,121.5667558,學校、大型集會場所,健身中心,本館四樓,本館四樓男淋浴室入口處
臺北市大安區戶政事務所,新生南路二段86號一樓,63000030,25.02642,121.534511,其他,其他場所,一樓志工服務台旁,新生南路二段86號一樓
臺北市中正區戶政事務所,羅斯福路一段8號5樓,63000050,25.0326066,121.5180767,其他,其他場所,AED放置於5樓電梯出來後往前走進入大廳左手邊,AED放置於5樓電梯出來後往前走進入大廳左手邊
臺北市中正區公所,羅斯福路一段8號6樓,63000050,25.032193,121.518325,其他,其他場所,6樓洽公區前梯廳,臺北市中正區公所6樓洽公區前梯廳(進門左側)
臺北市大安區公所,新生南路2段86號,63000030,25.02642,121.534511,其他,其他場所,區公所8樓大廳(電梯出口),臺北市大安區公所8樓大廳
臺北市文山區公所,木柵路3段220號8.9樓,63000080,24.98964,121.570083,其他,其他場所,行政中心8樓區公所大門口入口,區公所大門入口
臺北市文山運動中心,興隆路三段222號,63000080,24.997017,121.559673,學校、大型集會場所,健身中心,三樓游泳池,三樓游泳池管理室、垃圾筒旁
臺北市立中崙高級中學,八德路四段101號,63000010,25.049505,121.562213,學校、大型集會場所,高中職,1樓川堂,1樓川堂，雙電梯右前方，近室內籃球場。
台北美國學校,11152 中山北路六段 800號,63000110,25.1164004,121.5301123,學校、大型集會場所,高中職,MS Outside Entrance,1st ?oor entrance to B building near MS o?ces in the outside foyer
台北美國學校,11152 中山北路六段 800號,63000110,25.1164004,121.5301123,學校、大型集會場所,高中職,LS Gym Back Foyer,"1st ?oor, LS Gym equipment room area"
台北美國學校,11152 中山北路六段 800號,63000110,25.1164004,121.5301123,學校、大型集會場所,高中職,Tech Cube,4th ?oor sky bridge entrance to tech cube
台北美國學校,11152 中山北路六段 800號,63000110,25.1164004,121.5301123,學校、大型集會場所,高中職,Mobile Nurse’s AED,"1st ?oor, nurse health o?ce; in the rest area’s wooden cabinets"
台北美國學校,11152 中山北路六段 800號,63000110,25.1164004,121.5301123,學校、大型集會場所,高中職,US 4th Floor,4th ?oor on wall to the right of auditorium in H building
台北美國學校,11152 中山北路六段 800號,63000110,25.1164004,121.5301123,學校、大型集會場所,高中職,Pool Deck,2nd ?oor on wall closest to the stairwell leading to the ?eld
教育部體育署,朱崙街20號,63000040,25.049685,121.539728,其他,其他場所,教育部體育署,教育部體育署體育聯合辦公大樓1樓大廳櫃台旁
臺北市立復興高級中學,復興四路70號,63000120,25.143591,121.5018,學校、大型集會場所,高中職,校門入口右側勤學樓1樓,勤學樓1樓衛生組前
國立臺灣師範大學附屬高中,信義路三段143號(師大附中),63000030,25.033674,121.540411,學校、大型集會場所,高中職,中正樓穿堂,中正樓穿堂
臺北市萬華運動中心,西寧南路6-1號,63000070,25.047075,121.50674,學校、大型集會場所,健身中心,B1游泳池,女蒸氣室前方柱子
臺北體育園區田徑場,敦化北路3號,63000010,25.049461,121.551034,大型休閒場所,運動場館(如小巨蛋),臺北田徑場行政廊道,臺北田徑場行政廊道口，警衛櫃檯旁
臺北市立大安國民中學,大安路二段63號,63000030,25.03076435,121.5461936,學校、大型集會場所,國中,輔導室前樓梯旁,從校門口經圖書館後右轉，輔導室前樓梯旁
臺北市立聯合醫院松德院區,松德路309號,63000020,25.030508,121.574895,其他,其他場所,松德院區第三院區一樓,位於松德院區第三院區一樓，又稱8A、又一村、蘭亭書院；AED設備24小時可取用，二樓辦公室人員為周一到週五上班(08:00-17:00)。
臺北市立明湖國民中學,康寧路3段60號,63000100,25.07062,121.610643,其他,其他場所,健康中心外,位於校園中心點，在校門口與操場中間點。
臺北體育館羽球場,南京東路4段10號7樓,63000010,25.051292,121.552094,大型休閒場所,運動場館(如小巨蛋),7樓羽球場,7樓羽球場東側走道
臺北市北投運動中心,石牌路1段39巷100號,63000120,25.116473,121.509762,學校、大型集會場所,健身中心,一樓中控室前方,一樓中控室前方，靠近販賣部
臺北市北投區公所,立功街9號11樓-1,63000120,25.12453876,121.4688592,其他,其他場所,北投區公所11樓-1,立功街9號11樓-1
臺北市政府體育局體育行政樓,南京東路4段10號1樓,63000010,25.051292,121.552094,其他,其他場所,1樓電梯旁,1樓電梯旁
臺北巿松山運動中心,敦化北路1號,63000010,25.048607,121.550231,學校、大型集會場所,健身中心,一樓泳池,一樓50公尺泳池池畔
臺北市立松山高級工農職業學校,忠孝東路5段236巷15號,63000020,25.039645,121.57203,學校、大型集會場所,高中職,松山工農警衛室,校門口警衛室
三軍總醫院,成功路二段325號,63000100,25.071562,121.593965,其他,其他場所,女醫護宿舍,女醫護宿舍一樓大門左側
臺北市立聯合醫院陽明院區,雨聲街105號,63000110,25.104846,121.531212,其他,其他場所,健檢中心入口左側櫃檯旁,陽明院區後棟大樓--宿舍入口右側(健檢中心)
臺北市花卉批發市場,新湖三路28號,63000100,25.062877,121.574525,其他,其他場所,A館管理室入口旁,A館民善街.新湖三路側行人入口處管理室旁
臺北巿立介壽國民中學,延壽街401號,63000010,25.056421,121.55628,學校、大型集會場所,國中,校門口穿堂活動教室(二)藍廳門口前,校門口穿堂活動教室(二)藍廳門口前
臺北市中山區公所,松江路367號,63000040,25.064408,121.533456,其他,其他場所,臺北市中山區行政中心1樓大廳,臺北市中山區行政中心1樓大廳
臺北市公有環南市場 ,環河南路二段245號,63000070,25.029942,121.489814,其他,其他場所,環南市場清潔辦公室前,環南市場清潔辦公室前
臺北市士林區公所,中正路439號1樓,63000110,25.092762,121.519559,其他,其他場所,9樓洽公民眾區,9樓洽公民眾區
臺北市公有建國市場,伊通街94號,63000040,25.053519,121.534265,其他,其他場所,公廁外,公廁外
財團法人臺北市私立愛愛院,大理街175巷27號,63000070,25.034614,121.495453,其他,其他場所,愛愛院入口1樓接待大廳,1樓接待大廳
國立臺灣戲曲學院-內湖校區,內湖路2段177號,63000100,25.08146821,121.5865892,學校、大型集會場所,大專院校,警衛室,警衛室會客室
三軍總醫院,成功路二段325號,63000100,25.071562,121.593965,其他,其他場所,西迴二樓入口,二樓大廳門口邊
臺北市立西松高級中學,健康路325巷7號,63000010,25.055551,121.567082,學校、大型集會場所,高中職,活動中心一樓,西松高中側門 進入後  右側即是活動中心 活動中心一樓 即是放置處
臺北市萬華區戶政事務所,和平西路三段120號4樓,63000070,25.03467,121.499877,其他,其他場所,4樓服務台旁,服務台旁
臺北市立大同高級中學,長春路167號,63000040,25.055031,121.535198,學校、大型集會場所,高中職,活動中心３樓,活動中心為大型集會或體育課活動場所，故置放於此以便緊急救護。
三軍總醫院,成功路二段325號,63000100,25.071562,121.593965,其他,其他場所,牙科門診入口,二樓牙科門診入口旁
臺北市立士林高級商業職業學校,士商路150號,63000110,25.095825,121.515731,學校、大型集會場所,高中職,體育組,"行政大樓1樓右轉至體育組內
進門右手邊
圖1為體育組走廊"
臺北市立西松高級中學,健康路325巷7號,63000010,25.055551,121.567082,學校、大型集會場所,高中職,一樓穿堂,學校大門進入後走上階梯就是穿堂  放置在右側
臺北市立明倫高級中學,承德路3段336號,63000060,25.075448,121.519905,學校、大型集會場所,高中職,1樓健康中心門口旁,"進學校大門直走靠右邊，
AED位於1樓健康中心門口旁。"
華西街臨時攤販集中場,華西街，位於廣州街至西園路一段72巷口,63000070,25.037647,121.498361,其他,其他場所,華西街商圈區協會辦公室(台北市華西街28之1號2樓),華西街商圈區協會辦公室(台北市華西街28之1號2樓)
臺北市立華江高級中學,西藏路213號(健康中心),63000070,25.028594,121.496058,學校、大型集會場所,高中職,健康中心,健康中心
臺北市立建國高級中學,南海路56號,63000050,25.0312,121.512152,學校、大型集會場所,高中職,建國中學校門,建國中學傳達室
臺北市立西湖國民中學,環山路一段27號,63000100,25.085027,121.565695,學校、大型集會場所,國中,大門口穿堂,面對穿堂左前方
臺北市立聯合醫院附設萬華門診部,東園街152號,63000070,25.023174,121.497642,其他,其他場所,大門入口右側,東園街152號
臺北市立大同高級中學,長春路167號,63000040,25.055031,121.535198,學校、大型集會場所,高中職,健康中心前走廊,緊急事故發生時皆會通知健康中心及教官室，故置於健康中心前走廊以便取得。
三軍總醫院,成功路二段325號,63000100,25.071562,121.593965,其他,其他場所,門診就診區,門診就診區121診旁電話亭
臺北市中山區戶政事務所,松江路367號2樓,63000040,25.064408,121.533456,其他,其他場所,電機室門口,電機室門口(中山戶政事務所入口處即可看見)
國立臺灣戲曲學院-木柵校區,木柵路三段66巷8之1號,63000080,24.986627,121.566231,學校、大型集會場所,大專院校,木柵校區警衛室,警衛室內
三軍總醫院,成功路二段325號,63000100,25.071562,121.593965,其他,其他場所,正子中心1樓,正子中心內
臺北市立建國高級中學,南海路56號,63000050,25.0312,121.512152,學校、大型集會場所,高中職,體育組,"活動中心旁邊
操場及籃球場旁
體育教師辦公室"
臺北市立松山高級商業家事職業學校,松山路655號,63000020,25.035129,121.58005,學校、大型集會場所,高中職,健康中心,健康中心室內
三軍總醫院,成功路二段325號,63000100,25.071562,121.593965,其他,其他場所,B1演講廳大廳,演講廳大廳電視下方
臺北市萬華區公所,和平西路3段120號11樓,63000070,25.035002,121.499888,其他,其他場所,11樓服務台,11樓服務台後側左方
新光信義傑仕堡,信義路5段126-128號,63000020,25.032515,121.569156,其他,其他場所,正門進入1樓大廳,1樓大廳沙發區旁
內政部國家公園署陽明山國家公園管理處遊客中心,竹子湖路1-20號,63000120,25.155336,121.546662,觀光旅遊地區,國家公園,遊客中心服務台旁,遊客中心大門進入後的右邊服務台旁
內政部國家公園署陽明山國家公園管理處小油坑遊客服務站,竹子湖路69號,63000120,25.176434,121.546896,觀光旅遊地區,國家公園,小油坑遊客服務站內,"設置地點於遊客服務站內,清楚易見"
內政部國家公園署陽明山國家公園管理處擎天崗遊客服務站,菁山路101巷246號(擎天崗遊客服務站),63000110,25.167212,121.574182,觀光旅遊地區,國家公園,服務站大門入口處,服務站門口側邊
內政部國家公園署陽明山國家公園管理處冷水坑遊客服務站,菁山路101巷170號(冷水坑遊客服務站),63000110,25.165613,121.56391,觀光旅遊地區,國家公園,一樓展場內,冷水坑遊客服務站一樓展場內
交通部民用航空局臺北國際航空站(松山機場),敦化北路340-9號,63000010,25.06369,121.552742,交通要衝,機場,國內線報到大廳,服務檯內
交通部民用航空局臺北國際航空站(松山機場),敦化北路340-9號,63000010,25.06369,121.552742,交通要衝,機場,國內線內候機室1樓,12登機門前座椅區
交通部民用航空局臺北國際航空站(松山機場),敦化北路340-9號,63000010,25.06369,121.552742,交通要衝,機場,國際線3樓入境廊道:昇恒昌對面,昇恒昌對面
交通部民用航空局臺北國際航空站(松山機場),敦化北路340-9號,63000010,25.06369,121.552742,交通要衝,機場,國內線內候機室2樓,廁所前方
交通部民用航空局臺北國際航空站(松山機場),敦化北路340-9號,63000010,25.06369,121.552742,交通要衝,機場,國際線2樓內候機室:8R登機門東側,8R登機門東側
國營臺灣鐵路股份有限公司北區營運處臺北運務段萬華站,康定路382號,63000070,25.033349,121.500442,交通要衝,台鐵車站,一月台行車室,月台在地下層.行車室在第8車位置.
交通部臺灣鐵路管理局臺北運務段臺北站,北平西路3號1樓,63000050,25.047924,121.517081,交通要衝,台鐵車站,B2F月台層第三月台旅客響導室內,B2F月台層第三月台旅客響導室內
國營臺灣鐵路股份有限公司北區營運處臺北運務段松山站,永吉里松山路11號,63000020,25.049263,121.578054,交通要衝,台鐵車站,松山站旅客諮詢服務中心旁,松山站旅客諮詢服務中心
行政院人事行政總處公務人力發展學院福華國際文教會館,新生南路3段30號,63000030,25.022831,121.534192,旅宿場所,飯店,1樓大廳東側,公務人力發展學院福華國際文教會館1F大廳東側
誠品生活股份有限公司204號辦公室,松德路204號B1,63000020,25.034413,121.574268,其他,其他場所,大會議室1門口,誠品生活204號辦公室為地下一樓，進入大門之後馬上左轉，再往左看即可看到AED設備，設備正好置於「大會議室1」門口
誠品生活股份有限公司西門店,峨眉街52號B1F-3F,63000070,25.043798,121.505412,大型購物場所,百貨業,誠品生活西門店B1F,服務台旁
誠品生活股份有限公司武昌店,武昌街2段77號,63000070,25.04517,121.505568,大型購物場所,百貨業,誠品武昌店4F服務台旁,誠品武昌店4F服務台旁
誠品生活股份有限公司台大店,新生南路3段98號,63000030,25.016996,121.533065,大型購物場所,百貨業,誠品書店台大店1F緊急逃生出口處,誠品書店台大店1F緊急逃生出口
豐隆大飯店股份有限公司(台北君悅酒店),松壽路2號,63000020,25.035255,121.562439,旅宿場所,飯店,一樓商務中心旁,一樓大廳商務中心旁
學校財團法人中華浸信會基督教台灣浸會神學院,吳興街394巷1號,63000020,25.023742,121.566763,學校、大型集會場所,大專院校,二號辦公室,AED 安裝區: 緊鄰文具收納櫃旁的那面牆
武甲運動事業有限公司古亭營業所,羅斯福路二段93號B1,63000030,25.025228,121.524275,學校、大型集會場所,健身房,台北市羅斯福路二段93號B1,B1休息區及櫃檯所交接處。
天成大飯店,忠孝西路一段四十三號,63000050,25.0467151,121.5156511,旅宿場所,旅館,飯店一樓大廳,飯店一樓大廳旋轉樓梯下方
臺北市政府衛生局社區心理衛生中心,金山南路一段5號,63000050,25.041679,121.529652,其他,其他場所,1樓大廳,1樓開放空間包含民眾休憩及候診區域
交通部公路總局臺北市區監理所,八德路4段21號,63000010,25.048478,121.558997,其他,其他場所,監理所1樓,位於1樓服務台正前方牆面
GYMEFIT健康店,台北市松山區健康路227號,63000010,25.0543148,121.5626807,其他,其他場所,入們扣口左側牆上,入們扣口左側牆上
臺北市士林區公所,中正路439號1樓,63000110,25.092762,121.519559,其他,其他場所,士林行政中心1樓電梯左側,士林行政中心1樓電梯左側
香港商世界健身事業有限公司台北松仁分公司,松仁路277號B1.1樓,63000020,25.024338,121.569739,學校、大型集會場所,健身房,健身中心B1,教練櫃台旁
臺北南港展覽館2館,經貿二路2號,63000090,25.056239,121.615618,其他,其他場所,展覽館7樓,服務台附近
交通部觀光署,忠孝東路4段290號9樓,63000030,25.041247,121.555697,其他,其他場所,9樓服務台,9樓服務台
台北亞都麗緻大飯店,民權東路2段41號,63000040,25.06282,121.530058,其他,其他場所,台北市民權東路二段41號,飯店大廳
香港商世界健身事業有限公司忠孝分公司,忠孝東路4段201號3樓,63000030,25.041677,121.551655,學校、大型集會場所,健身房,健身中心三樓洽談區,香港商世界健身事業有限公司忠孝分公司(10690 台北市大安區忠孝東路四段201號3F)
香港商世界健身事業有限公司飛動公館分公司,羅斯福路三段281號,63000030,25.018002,121.531381,學校、大型集會場所,健身房,櫃台大廳,櫃檯前方
嘉禾新村,永春街131巷,63000050,25.0156342,121.5269975,觀光旅遊地區,文化園區,嘉禾故事館服務台,嘉禾故事館服務台
臺北市私立延平高級中學,建國南路1段275號,63000030,25.036378,121.538413,學校、大型集會場所,高中職,操場 司令台,操場 司令台
臺北市萬華老人服務中心,開封街二段39號3樓,63000070,25.04714076,121.5064315,其他,其他場所,萬華老人中心3樓公共區域辦公室旁,萬華老人服務中心位於福星社宅3樓，AED設置於萬華老人中心公共區域辦公室旁。
GonnaFat-權宇,長安東路二段99號2樓,63000040,25.0485735,121.5349587,學校、大型集會場所,健身房,二樓櫃台旁,全家旁樓梯
財團法人台北市文化基金會台北當代藝術館,長安西路39號,63000060,25.050725,121.518975,大型休閒場所,美術館,售票大廳處,放置於售票服務大廳
醫療財團法人好心肝基金會好心肝診所,公園路30號2樓之2,63000050,25.044454,121.516835,其他,其他場所,醫療財團法人好心肝基金會好心肝診所,好心肝診所防火門處
衛生福利部中央健康保險署臺北業務組,公園路15之1號5樓,63000050,25.044786,121.517406,其他,其他場所,聯合服務中心五樓服務台前方,聯合服務中心五樓服務台前方
公務人員保障暨培訓委員會,試院路1之3號,63000080,24.987862,121.549293,其他,其他場所,玉衡樓1樓大廳,玉衡樓1樓大廳
衛生福利部疾病管制署研檢南港臨時辦公室,研究院路二段128號(中央研究院院區內),63000090,25.04201962,121.6166635,其他,其他場所,研檢南港臨時辦公室一樓大廳,研檢南港臨時辦公室大門入口右側(警衛櫃台對面)
國營臺灣鐵路股份有限公司北區營運處臺北運務段 南港站,南港路1段313號,63000090,25.053216,121.607058,交通要衝,台鐵車站,第二月台行車室門前,第二月台行車室門前
衛生福利部,忠孝東路六段488號,63000090,25.050197,121.595335,其他,其他場所,1樓東側梯廳前,1樓東側梯廳前
衛生福利部,忠孝東路六段488號,63000090,25.050197,121.595335,其他,其他場所,8樓西側公共空間,衛生福利大樓8樓西側公共空間
衛生福利部,忠孝東路六段488號,63000090,25.050197,121.595335,其他,其他場所,3樓西側哺乳室前,衛生福利大樓3樓西側哺乳室前
中國科技大學臺北校區,興隆路3段56號,63000080,24.997535,121.554239,學校、大型集會場所,大專院校,中山育樂館2樓,中山育樂館2樓舞台左前方
實踐大學台北校區,大直街70號,63000040,25.084817,121.544749,學校、大型集會場所,大專院校,G棟1樓衛生保健一組前,實踐大學衛保組，G棟一樓衛生保健一組門口
愛健康肌力教室,內湖路二段73號1樓,63000100,25.079821,121.5823711,其他,其他場所,門口,進門左側
臺北市立金華國民中學,新生南路二段32號,63000030,25.031201,121.533178,其他,其他場所,中穿堂樓梯旁廊道,中穿堂樓梯旁廊道
財團法人臺灣敦睦聯誼會所屬作業組織圓山大飯店,中山北路4段1巷1號,63000040,25.078611,121.526287,旅宿場所,旅館,本館2樓健身房,本館2樓健身房內
虎鐵健身工作室,重慶南路一段88號2樓,63000050,25.043012,121.512982,大型休閒場所,運動場館(如小巨蛋),入口處,入口處
潤泰百益股份有限公司/CITYLINK松山壹號店,松山路11號,63000020,25.04919,121.578299,大型購物場所,商場,2樓服務台 右方,2樓服務台 右方
欣欣大眾市場股份有限公司,林森北路247號,63000040,25.05421,121.525601,大型購物場所,百貨業,B1美食街,"欣欣百貨位在台北市中山區林森北路14、15號公園旁，距中山捷運站1,000公尺，對面為晶華酒店，是多元化的百貨商場，包含Wellcome超級市場、生活工場、美食街、百貨商場及晶華影城、星巴克咖啡館、藍屋日本餐廳與古拉爵意大利餐廳。"
華山1914文化創意產業園區,八德路一段一號,63000050,25.04413,121.529399,觀光旅遊地區,文化園區,紅磚區哨所,紅磚區保全警衛室
剝皮寮歷史街區西側,廣州街151號,63000070,25.036768,121.501879,觀光旅遊地區,文化園區,廣州街155號,位於廣州街155號後門相接廣場處
國立臺灣師範大學公館校區(汀州路4段88號),汀州路4段88號,63000080,25.007963,121.536905,學校、大型集會場所,大專院校,公館校區學七舍1樓,學七舍1樓大廳
台北京站威秀影城,市民大道一段209號5F,63000060,25.049369,121.517479,大型休閒場所,電影片映演場所(戲院、電影院),5F大廳,5F大廳售票處左側
銘傳大學台北校區(士林區中山北路5段),中山北路5段250號,63000110,25.086068,121.527551,學校、大型集會場所,大專院校,男生宿舍2樓,銘傳大學男生宿舍2樓
華山1914文化創意產業園區,八德路一段一號,63000050,25.04413,121.529399,觀光旅遊地區,文化園區,側門警衛室,側門警衛室
臺北市立中山幼兒園,大直街25號1樓,63000040,25.0819332,121.5467679,其他,其他場所,幼兒園 大門口,1樓大門入口處 左側牆面 (保全人員座位旁)
台灣水泥股份有限公司,中山北路2段113號,63000040,25.060735,121.52322,其他,其他場所,大廳右側入口,"台泥大樓一樓大廳內,右側入口處"
台灣水泥股份有限公司,中山北路2段113號,63000040,25.060735,121.52322,其他,其他場所,3樓前廳,台泥大樓三樓士敏廳入場處左側
威秀影城股份有限公司信義分公司,松壽路20號,63000020,25.035636,121.567099,大型休閒場所,電影片映演場所(戲院、電影院),2F售票處,2F男廁入口手扶梯前
中國文化大學 大恩館,華岡路55號,63000110,25.136543,121.538749,學校、大型集會場所,大專院校,大恩館,中國文化大學校本部大恩館2樓，學務處旁
台南海鮮會館,基河路130號B1,63000110,25.089169,121.523022,其他,其他場所,會館大廳櫃檯,會館大廳櫃檯
臺北市立中崙高級中學,八德路四段101號,63000010,25.049505,121.562213,學校、大型集會場所,高中職,1樓健康中心門口,1樓面對健康中心門口左側(健康中心與體育組辦公室之間)
臺北市立中山國民中學,復興北路361巷7號,63000010,25.060537,121.54535,其他,其他場所,健康中心內,學校健康中心
臺北醫學大學 環保暨安全衛生處,吳興街250號,63000020,25.025685,121.561929,學校、大型集會場所,大專院校,綜合大樓,前棟一樓門口內
臺北醫學大學 環保暨安全衛生處,吳興街250號,63000020,25.025685,121.561929,學校、大型集會場所,大專院校,體育館,體育館一樓大門門口外
臺北醫學大學 環保暨安全衛生處,吳興街250號,63000020,25.025685,121.561929,學校、大型集會場所,大專院校,拇山學院,拇山學院一樓門口內右側
臺北市內湖國中,台北市內湖區陽光街1號,63000100,25.077035,121.58869,學校、大型集會場所,國中,學務處走廊,學務處走廊，電梯前方
臺北市立麗山高級中學,環山路2段100號,63000100,25.08437,121.577969,學校、大型集會場所,高中職,學務處門口,本校AED設置地點位於南棟教學大樓2樓學務處門口
好市多股份有限公司內湖分公司,舊宗路1段268號,63000100,25.063967,121.576059,大型購物場所,賣場,3樓藥局櫃台旁,3樓藥局櫃台旁
臺北市立三民國中,114台北市內湖區民權東路六段45號,63000100,25.0698092,121.5860526,學校、大型集會場所,國中,穿堂,門口穿堂
臺北市中山運動中心,中山北路2段44巷2號,63000040,25.054844,121.521326,學校、大型集會場所,健身中心,1樓客梯旁,"臺北市中山運動中心
運動場館
AED位於1樓客梯旁"
臺北市立動物園,新光路二段30號,63000080,24.998347,121.581036,其他,其他場所,大門入口服務台,服務台後方
臺北市士林運動中心,士商路一號,63000110,25.089668,121.521411,學校、大型集會場所,健身中心,二樓健身房設施,放置二樓健身房設施，靠近服務櫃檯處
臺北市內湖運動中心,洲子街12號,63000100,25.078266,121.575229,學校、大型集會場所,健身中心,5樓健身房,放置內湖運動中心5樓健身房入口
好市多股份有限公司內湖分公司,舊宗路1段268號,63000100,25.063967,121.576059,大型購物場所,賣場,1樓賣場大門出入口旁,賣場大門出入口旁
臺北市公有永樂市場(布業商場),迪化街1段21號,63000060,25.054862,121.51055,其他,其他場所,永樂市場布業商場二樓自治會辦公室,永樂市場布業商場二樓自治會辦公室外
臺北市立仁愛國民中學,仁愛路4段130號,63000030,25.037529,121.550674,其他,其他場所,司令台後方,司令台後方
國立政治大學附屬高級中學,政大一街353號,63000080,24.98668,121.583376,學校、大型集會場所,高中職,籃球場,體育館4樓籃球場旁
臺北市龍山寺地下街商場,西園路1段145號 B1 行政中心,63000070,25.036085,121.499544,大型購物場所,地下街,B1 B區廣場,B1 B區廣場
國立臺灣師範大學校本部(和平東路1段162號) ,和平東路1段162號,63000030,25.02603,121.528283,學校、大型集會場所,大專院校,校本部誠大樓5樓走廊,校本部誠大樓5樓博士班教室外面走廊牆上
臺北市懷愛館,辛亥路3段330號,63000030,25.013535,121.552553,學校、大型集會場所,殯儀館,第二殯儀館駐警室入口處,民眾治喪場所
臺北市松山區松山國民小學,八德路4段746號,63000010,25.051109,121.579143,其他,其他場所,游泳池,松山國小游泳池內
臺北市大同區健康服務中心,昌吉街52號,63000060,25.065792,121.516316,其他,其他場所,大門入口處,大門入口處
士林官邸正館,福林路60號,63000110,25.094898,121.530152,觀光旅遊地區,地方政府主管風景區,正館一樓,正館一樓服務台旁
臺北市大安區健康服務中心,臥龍里辛亥路三段15號,63000030,25.021577,121.544274,其他,其他場所,1樓服務台,1樓服務台後方
臺北孔廟,大龍街275號,63000060,25.072762,121.516179,觀光旅遊地區,文化園區,孔廟明倫堂1樓近劇院,孔廟明倫堂1樓近劇院入口處
臨江街夜市,大安區臨江街，位於通化街至基隆路口間。,63000030,25.028995,121.552906,其他,其他場所,臺北市大安區臨江街89之5號,自治會辦公室（臨江街89之5號）
保證責任臺北市站前地下街場地利用合作社,忠孝西路1段50-1號 B1,63000050,25.04691,121.51532,大型購物場所,地下街,控制中心門口,"控制中心門口旁,鄰近四號廣場,及Z1承德路出口,和Z4館前路出口"
臺北市懷愛館,辛亥路3段330號,63000030,25.013535,121.552553,學校、大型集會場所,殯儀館,景行樓1F駐警室旁,景行樓1F駐警室旁
大同大學,中山北路3段40號,63000040,25.06684013,121.5222096,學校、大型集會場所,大專院校,大同大學警衛室,門口警衛室
臺北市公有水源市場,羅斯福路4段92號,63000050,25.013743,121.535005,其他,其他場所,水源市場一樓機房旁走道,水源市場一樓機房旁
天母運動場區棒球場,忠誠路二段77號,63000110,25.113451,121.532875,大型休閒場所,運動場館(如小巨蛋),行政辦公室入口右側,天母棒球場1樓行政辦公室入口右側
臺北市中山堂管理所,延平南路98號,63000050,25.043085,121.510168,大型休閒場所,演藝廳,中正廳入口,正門進入後右手邊
臺北市公有永春市場,松山路294號,63000020,25.043229,121.577153,其他,其他場所,永春市場一樓128攤位旁,市場一樓128攤位旁
國立臺灣師範大學校本部(和平東路1段162號) ,和平東路1段162號,63000030,25.02603,121.528283,學校、大型集會場所,大專院校,校本部誠大樓6樓,誠大樓6樓走廊
臺北市立啟聰學校,重慶北路3段320號,63000060,25.074684,121.513385,學校、大型集會場所,高中職,一樓健康中心,靠近運動場、操場
財團法人臺北市會展產業發展基金會(花博公園圓山園區),玉門街一號,63000040,25.07035947,121.5204969,其他,其他場所,爭豔館內,花博園區爭艷館內
臺北自來水園區,思源街1號(臺北自來水園區),63000050,25.013286,121.530253,觀光旅遊地區,地方政府主管風景區,思源票口,放置於思源票口左側
臺北市北投區健康服務中心,石牌路二段111號,63000120,25.118031,121.517118,其他,其他場所,1樓服務台,"北投區健康服務中心1樓服務台,男廁所旁邊"
臺北市饒河街觀光夜市,饒河街186號2樓,63000010,25.0506881,121.5765572,其他,其他場所,藥局前,藥局前
中國文化大學 大恩館,華岡路55號,63000110,25.136543,121.538749,學校、大型集會場所,大專院校,曉峰紀念館(圖書館),本校圖書館2樓文化咖啡旁
台北二二八紀念館,凱達格蘭大道3號,63000050,25.040363,121.515469,大型休閒場所,博物館,1樓服務台,台北二二八紀念館1樓入口處服務台側邊
陽明公園,湖山路2段26號,63000120,25.159213,121.540131,其他,其他場所,遊客服務中心,陽明公園遊客服務中心
財團法人台北市文化基金會西門紅樓,成都路10號1樓,63000070,25.042065,121.506935,其他,其他場所,西門紅樓八角樓,八角樓一樓服務台旁
東吳大學(雙溪校區),臨溪路70號,63000110,25.094004,121.546276,學校、大型集會場所,大專院校,第一教研大樓門口,"1.開放式空間，便於取用
2.具有簷廊遮陽及防雨，不易損壞
3.位於第一教研大樓，方便取用"
天母運動場區網球場,忠誠路二段77號,63000110,25.113749,121.535564,其他,其他場所,網球場辦公室南側大門旁,網球場辦公室南側大門和服務臺中間
臺北市立天文科學教育館,基河路363號,63000110,25.095829,121.518299,大型休閒場所,博物館,一樓大廳哺集乳室旁,一樓大廳哺集乳室旁
南機場臨時攤販集中場,中華路2段313巷30號1樓,63000050,25.028629,121.506825,其他,其他場所,南機場夜市自治會辦公室(台北市中華路2段309巷26號),南機場夜市自治會辦公室(台北市中華路2段313巷30號1樓)
關渡自然公園,關渡路55號,63000120,25.119378,121.471433,觀光旅遊地區,地方政府主管風景區,自然中心一樓,電梯口旁
國立臺灣師範大學校本部(和平東路1段162號) ,和平東路1段162號,63000030,25.02603,121.528283,學校、大型集會場所,大專院校,本校游泳館內,本校游泳館內
臺北市公有長春市場,長春路299號,63000040,25.054729,121.542336,其他,其他場所,長春路側出入口,出入口右側牆面
統一綜合證券股份有限公司,東興路8號1樓,63000010,25.050271,121.565177,其他,其他場所,1樓大廳,一樓大廳入口處右側服務台後
中央研究院,研究院路2段128號,63000090,25.042905,121.613095,其他,其他場所,綜合體育館大廳,中央研究院綜合體育館大廳
教育部第三辦公室,徐州路48-1號,63000050,25.040115,121.525078,其他,其他場所,2樓大廳正面左側,徐州路48-1號2樓大廳正面左側
合作金庫商業銀行-員工訓練中心,中山北路七段81巷49號,63000110,25.12302961,121.5287632,其他,其他場所,1樓警衛櫃台前,1樓警衛櫃台前
臺北市立石牌國民中學,石牌路一段139號,63000120,25.114965,121.514231,學校、大型集會場所,國中,操場內的司令台後方,操場內的司令台後方
凱基證券股份有限公司(台開大樓),重慶南路1段2號14樓,63000050,25.0468931,121.5134161,其他,其他場所,台開大樓14樓,凱基證券公共辦公區
台北遠百信義A13威秀影城,松仁路58號10樓,63000020,25.036882,121.568314,大型購物場所,商場,售票大廳,影城10樓手扶梯後方旁
國立臺灣師範大學校本部(師大路11號) ,師大路11號,63000030,25.025765,121.528664,學校、大型集會場所,大專院校,校本部男一舍1樓,師大學生宿舍男一舍1樓
臺北市萬華運動中心,西寧南路6-1號,63000070,25.047075,121.50674,學校、大型集會場所,健身中心,3F,萬華運動中心3樓體適能櫃台後面
體育客體適能學院,和平東路三段246號1樓,63000030,25.02174455,121.5550488,其他,其他場所,大廳,場所大廳
臺灣集中保管結算所股份有限公司,復興北路363號2樓,63000010,25.060561,121.544388,其他,其他場所,台北市松山區復興北路365號2樓,台北市松山區復興北路365號2樓-業務部
中央研究院,研究院路2段128號,63000090,25.042905,121.613095,其他,其他場所,學術活動中心,中央研究院學術活動中心
臺北市大同區雙蓮國民小學,錦西街51號,63000060,25.060161,121.51669,其他,其他場所,警衛室,警衛室裡面
台灣高速鐵路(股)公司-台北車站,北平西路3號,63000050,25.047916,121.517002,交通要衝,高鐵站,二月台站務室北側柱面,二月台站務室北側柱面(北上月台)
台灣高速鐵路公司,經貿二路66號,63000090,25.057297,121.61647,長距離交通工具,高鐵,11號車列車長室(6.7車間),營運列車列車長室
台灣高速鐵路公司,經貿二路66號,63000090,25.057297,121.61647,長距離交通工具,高鐵,23號車列車長室(6.7車間),營運列車列車長室
台灣高速鐵路公司,經貿二路66號,63000090,25.057297,121.61647,長距離交通工具,高鐵,25號車列車長室(6.7車間),營運列車列車
台灣高速鐵路公司,經貿二路66號,63000090,25.057297,121.61647,長距離交通工具,高鐵,16號車列車長室(6.7車間),營運列車列車長室
台灣高速鐵路公司,經貿二路66號,63000090,25.057297,121.61647,長距離交通工具,高鐵,20號車列車長室(6.7車間),營運列車列車長室
台灣高速鐵路公司,經貿二路66號,63000090,25.057297,121.61647,長距離交通工具,高鐵,4號車列車長室(6.7車間),營運列車列車長室
台灣高速鐵路公司,經貿二路66號,63000090,25.057297,121.61647,長距離交通工具,高鐵,6號車列車長室(6.7車間),營運列車列車長室
台灣高速鐵路公司,經貿二路66號,63000090,25.057297,121.61647,長距離交通工具,高鐵,30號車列車長室(6.7車間),營運列車列車長室
台灣高速鐵路公司,經貿二路66號,63000090,25.057297,121.61647,長距離交通工具,高鐵,26號車列車長室(6.7車間),營運列車列車長室
台灣高速鐵路公司,經貿二路66號,63000090,25.057297,121.61647,長距離交通工具,高鐵,21號車列車長室(6.7車間),營運列車列車長室
台灣高速鐵路公司,經貿二路66號,63000090,25.057297,121.61647,長距離交通工具,高鐵,29號車列車長室(6.7車間),營運列車列車長室
台灣高速鐵路公司,經貿二路66號,63000090,25.057297,121.61647,長距離交通工具,高鐵,9號車列車長室(6.7車間),營運列車列車長室
台灣高速鐵路公司,經貿二路66號,63000090,25.057297,121.61647,長距離交通工具,高鐵,32號車列車長室(6.7車間),營運列車列車長室
台灣高速鐵路公司,經貿二路66號,63000090,25.057297,121.61647,長距離交通工具,高鐵,33號車列車長室(6.7車間),營運列車列車長室
台灣高鐵 營運列車,經貿二路66號,63000090,25.057065,121.616403,交通要衝,高鐵站,34號車列車長室(6.7車間),營運列車
台灣高速鐵路公司,經貿二路66號,63000090,25.057297,121.61647,長距離交通工具,高鐵,10號車列車長室(6.7車間),營運列車列車長室
台灣高速鐵路公司,經貿二路66號,63000090,25.057297,121.61647,長距離交通工具,高鐵,18號車列車長室(6.7車間),營運列車列車長室
台灣高速鐵路公司,經貿二路66號,63000090,25.057297,121.61647,長距離交通工具,高鐵,2號車列車長室(6.7車間),營運列車列車長室
台灣高速鐵路公司,經貿二路66號,63000090,25.057297,121.61647,長距離交通工具,高鐵,31號車列車長室(6.7車間),營運列車列車長室
台灣高速鐵路公司,經貿二路66號,63000090,25.057297,121.61647,長距離交通工具,高鐵,27號車列車長室(6.7車間),營運列車列車長室
台灣高速鐵路公司,經貿二路66號,63000090,25.057297,121.61647,長距離交通工具,高鐵,12號車列車長室(6.7車間),營運列車列車長室
台灣高速鐵路公司,經貿二路66號,63000090,25.057297,121.61647,長距離交通工具,高鐵,15號車列車長室(6.7車間),營運列車列車長室
台灣高速鐵路公司,經貿二路66號,63000090,25.057297,121.61647,長距離交通工具,高鐵,7號車列車長室(6.7車間),營運列車列車長室
台灣高速鐵路公司,經貿二路66號,63000090,25.057297,121.61647,長距離交通工具,高鐵,28號車列車長室(6.7車間),營運列車列車長室
台灣高速鐵路公司,經貿二路66號,63000090,25.057297,121.61647,長距離交通工具,高鐵,22號車列車長室(6.7車間),營運列車列車長室
台灣高速鐵路公司,經貿二路66號,63000090,25.057297,121.61647,長距離交通工具,高鐵,14號車列車長室(6.7車間),營運列車列車長室
台灣高速鐵路公司,經貿二路66號,63000090,25.057297,121.61647,長距離交通工具,高鐵,13號車列車長室(6.7車間),營運列車列車長室
台灣高速鐵路公司,經貿二路66號,63000090,25.057297,121.61647,長距離交通工具,高鐵,24號車列車長室(6.7車間),營運列車列車長室
台灣高速鐵路公司,經貿二路66號,63000090,25.057297,121.61647,長距離交通工具,高鐵,19號車列車長室(6.7車間),營運列車列車長室
台灣高速鐵路公司,經貿二路66號,63000090,25.057297,121.61647,長距離交通工具,高鐵,3號車列車長室(6.7車間),營運列車列車長室
台灣高速鐵路公司,經貿二路66號,63000090,25.057297,121.61647,長距離交通工具,高鐵,1號車列車長室(6.7車間),營運列車列車長室
台灣高速鐵路公司,經貿二路66號,63000090,25.057297,121.61647,長距離交通工具,高鐵,5號車列車長室(6.7車間),營運列車列車長室
台灣高速鐵路公司,經貿二路66號,63000090,25.057297,121.61647,長距離交通工具,高鐵,17號車列車長室(6.7車間),營運列車列車長室
台灣高速鐵路公司,經貿二路66號,63000090,25.057297,121.61647,長距離交通工具,高鐵,8號車列車長室(6.7車間),營運列車列車長室
慈濟中山八德聯絡處,八德路二段118號,63000040,25.046084,121.537041,其他,其他場所,一樓大廳,一樓大廳
臺北高等行政法院,福國路101號,63000110,25.101359,121.518767,學校、大型集會場所,法院,本院1樓法警室,本院1樓法警室入口處
水美溫泉浴室企業股份有限公司,光明路224號,63000120,25.136189,121.505068,大型公眾浴場或溫泉區,溫泉區,大廳右方,本會館入口處右方
最高法院-6樓東側,長沙街1段6號,63000050,25.040018,121.509905,學校、大型集會場所,法院,本院辦公室6樓東側電梯前空地,靠近總統府
新光三越百貨股份有限公司台北天母分公司-一館,天母東路68號地下一樓.地上1樓至7樓,63000110,25.11795,121.533924,大型購物場所,商場,A棟6樓醫護室,A棟6樓醫護室
豐隆大飯店股份有限公司(台北君悅酒店),松壽路2號,63000020,25.035255,121.562439,旅宿場所,飯店,5樓健身中心,5樓兩側客用電梯正中間
故宮晶華股份有限公司,至善路二段221號,63000110,25.101359,121.547821,其他,其他場所,故宮晶華股份有限公司,放置於1F電梯旁
交通部臺灣鐵路管理局臺北運務段臺北站,北平西路3號1樓,63000050,25.047924,121.517081,交通要衝,台鐵車站,1F值班站長室旁,1樓值班站長室旁
交通部臺灣鐵路管理局臺北運務段臺北站,北平西路3號1樓,63000050,25.047924,121.517081,交通要衝,台鐵車站,B3F捷運共構轉乘處候車休息區內,地下3樓捷運共構轉乘處候車休息區內
銘傳大學台北校區(士林區中山北路5段),中山北路5段250號,63000110,25.086068,121.527551,學校、大型集會場所,大專院校,A棟學務處1樓誠實商店,學校A棟學務處誠實商店
臺北市北投運動中心,石牌路1段39巷100號,63000120,25.116473,121.509762,學校、大型集會場所,健身中心,5F大廳樓梯旁,5F大廳樓梯旁
國家圖書館,中山南路20號,63000050,25.037241,121.516883,大型休閒場所,圖書館,入口左側,進入圖書館右轉(服務台旁邊\)
臺灣高等法院民事庭大廈,貴陽路1段233號,63000050,25.039805,121.510763,學校、大型集會場所,法院,1樓大廳,1樓大廳
臺北市立動物園,新光路二段30號,63000080,24.998347,121.581036,其他,其他場所,新光特展館,新光特展館一樓出口處
臺灣臺北地方法院寶慶院區,長沙街一段27號,63000050,25.040388,121.509748,學校、大型集會場所,法院,一樓孺慕堂大門入口左側,一樓孺慕堂大門入口左側
三德觀光大飯店股份有限公司,承德路3段49號,63000060,25.064848,121.518555,旅宿場所,飯店,一樓大廳,三德大飯店一樓大廳入口右側旁
交通部民用航空局臺北國際航空站(松山機場),敦化北路340-9號,63000010,25.06369,121.552742,交通要衝,機場,國際線報到大廳,第3、4號櫃台南側牆面
交通部民用航空局臺北國際航空站(松山機場),敦化北路340-9號,63000010,25.06369,121.552742,交通要衝,機場,國際線共用貴賓室,貴賓室內
交通部民用航空局臺北國際航空站(松山機場),敦化北路340-9號,63000010,25.06369,121.552742,交通要衝,機場,國際線3樓入境廊道-6號入境門對面,6號入境門對面
交通部民用航空局臺北國際航空站(松山機場),敦化北路340-9號,63000010,25.06369,121.552742,交通要衝,機場,國際線入境證照查驗大廳,入境查驗大廳寫字檯附近
交通部民用航空局臺北國際航空站(松山機場),敦化北路340-9號,63000010,25.06369,121.552742,交通要衝,機場,國際線入境大廳,ATM區內
中國文化大學推廣教育部 大夏館,建國南路2段231號1樓,63000030,25.026078,121.538016,學校、大型集會場所,大專院校,"大夏館一樓,C樓梯梯間","大夏館一樓,C樓梯梯間"
松山文創園區,光復南路133號,63000020,25.044363,121.559901,觀光旅遊地區,文化園區,辦公區,服務中心外(辦公廳舍一樓大門間)
交通部民用航空局臺北國際航空站(松山機場),敦化北路340-9號,63000010,25.06369,121.552742,交通要衝,機場,國際線入境行李提領大廳,工作通道飲水機旁
臺北市公有東門市場,信義路二段81號,63000050,25.034539,121.526707,其他,其他場所,自治會辦公室,自治會辦公室
臺北轉運站,市民大道一段209號1樓,63000060,25.048786,121.518569,交通要衝,轉運站,1樓大廳,服務台旁
臺北市中山運動中心,中山北路2段44巷2號,63000040,25.054844,121.521326,學校、大型集會場所,健身中心,2樓健身房旁,泳池、健身中心、籃球場、羽球場
監察院,忠孝東路一段2號,63000050,25.045221,121.519995,其他,其他場所,大門入口,一樓大廳公關科前面
忠順里辦公處,興隆路四段145巷30號,63000080,24.98512,121.563104,其他,其他場所,興隆路四段145巷30號,租用AED放置地點在里辦公處大門口左側
臺北市職能發展學院,士東路301號,63000110,25.11374,121.537773,其他,其他場所,行政大樓1樓志工服務台旁,行政大樓1樓志工服務台旁
全真概念健康事業股份有限公司-古亭館,和平西路一段2號,63000050,25.026785,121.521713,學校、大型集會場所,健身房,1F櫃檯旁,放置櫃檯左側後方
臺北市大同區雙蓮國民小學,錦西街51號,63000060,25.060161,121.51669,其他,其他場所,活動中心三樓,活動中心三樓與球場
交通部公路總局台北市區監理所士林監理站,承德路5段80號,63000110,25.094378,121.51417,其他,其他場所,行政大樓1樓,士林監理站行政大樓1樓服務台旁
臺北市至善老人安養護中心,仰德大道二段二巷50號,63000110,25.101946,121.543183,其他,其他場所,安養3樓服務台前,安養3樓服務台前
漾館時尚溫泉飯店,溫泉路63號,63000120,25.135224,121.504667,大型公眾浴場或溫泉區,溫泉區,大廳公廁前方,大廳公廁前方
德明財經科技大學,環山路1段56號,63000100,25.086706,121.565225,學校、大型集會場所,大專院校,又新樓1樓電梯旁,又新樓1樓電梯旁走道牆
民航人員訓練所,濱江街362號,63000010,25.071722,121.550707,其他,其他場所,105教室前面,濱江街362號塔台對面民航人員訓練所
臺北市客家文化主題公園,汀州路3段2號,63000050,25.019752,121.525715,觀光旅遊地區,文化園區,客家文化中心,客家文化中心，入口義民爺後方牆面，在置物櫃旁
德明財經科技大學,環山路1段56號,63000100,25.086706,121.565225,學校、大型集會場所,大專院校,綜合大樓學務處衛保組,"衛保組辦公室外,女廁門口旁"
香港商世界健身事業有限公司大安分公司,信義路四段6號3樓,63000030,25.033176,121.544145,學校、大型集會場所,健身房,健身中心三樓入口大廳,健身中心三樓入口大廳辦公室入口
德明財經科技大學,環山路1段56號,63000100,25.086706,121.565225,學校、大型集會場所,大專院校,綜合大樓六樓重量訓練室門口處,綜合大樓六樓重量訓練室門口處
臺北市大同區雙蓮國民小學,錦西街51號,63000060,25.060161,121.51669,其他,其他場所,健康中心內,第3棟1樓第1間健康中心內鐵櫃裡
台北 NPO 聚落,重慶南路三段2號,63000050,25.0295551,121.5151256,學校、大型集會場所,大專院校,四樓櫃檯旁,我們匯集多元的社會創新夥伴，發揮集合影響力。
葫蘆國小-鷹萬游泳學苑,環河北路三段95號1F,63000110,25.0841054,121.5071659,學校、大型集會場所,健身中心,救生員辦公室,救生員辦公室
臺北市萬華親子館,水源路199號2樓,63000070,25.02386,121.506936,其他,其他場所,服務台左側,服務台左側
剝皮寮歷史街區西側,廣州街151號,63000070,25.036768,121.501879,觀光旅遊地區,文化園區,遊客諮詢中心,放置於遊客諮詢中心內(康定路173巷33號)
南港老爺行旅,台北市南港區經貿二路196號10樓,63000090,25.0598354,121.6148153,旅宿場所,旅館,10樓健身房,10樓健身房入口處
臺北市立動物園,新光路二段30號,63000080,24.998347,121.581036,其他,其他場所,爬蟲館,出口處
臺北市立大理高級中學,長順街2號,63000070,25.03022,121.490958,學校、大型集會場所,高中職,勤學樓穿堂,長順街學校大門入口直行哲學大道至底
松山慈惠堂,福德街251巷33號,63000020,25.03652,121.587484,其他,其他場所,義消辦公室外左側,義消辦公室外左側
國營臺灣鐵路股份有限公司北區營運處臺北運務段 南港站,南港路1段313號,63000090,25.053216,121.607058,交通要衝,台鐵車站,南港火車站B2營運層旅客出口處,南港火車站B2營運層旅客出口處
臺北市松山區美仁里里民活動場所(久石讓大樓),南京東路4段118號,63000010,25.051478,121.554888,其他,其他場所,南京東路4段118號,久石讓大樓
松山慈惠堂,福德街251巷33號,63000020,25.03652,121.587484,其他,其他場所,文昌帝君殿左側,文昌帝君殿左側
財團法人台北市木柵忠順廟,中崙路13號,63000080,24.983651,121.564602,其他,其他場所,大廳金紙放置旁,木柵忠順廟大廳金紙放置旁
寧安街8號1樓,寧安街8號1樓,63000010,25.048789,121.55412,其他,其他場所,寧安街8號1樓,一般住宅大樓
臺北市松山區美仁里里民活動場所(敦北傑座大樓),八德路3段97號,63000010,25.048342,121.55344,其他,其他場所,八德路3段97號,敦北傑座大樓
臺北市松山區美仁里里民活動場所(敦傑大樓),南京東路4段52巷8號,63000010,25.05076,121.553489,其他,其他場所,南京東路4段52巷8號,敦傑大樓
臺北市松山區美仁里里民活動場所(祥園),北寧路66---66-1號,63000010,25.050896,121.552842,其他,其他場所,北寧路66---66-1號,一般住宅大樓
臺北市松山區美仁里里民活動場所(敦化林園大樓),北寧路62號,63000010,25.050614,121.553013,其他,其他場所,北寧路62號,敦化林園大樓
臺北市松山區美仁里里民活動場所(詠堅商業大樓),八德路3段27號,63000010,25.048393,121.552728,其他,其他場所,八德路3段27號,詠堅商業大樓
臺北市松山區美仁里里民活動場所 (福之鄉大廈),八德路3段75號,63000010,25.048356,121.553028,其他,其他場所,八德路3段75號,福之鄉大樓
安橋綜合設施管理服務,八德路三段20號10樓之1及之2,63000010,25.04807,121.551105,其他,其他場所,公司門口,"台資大樓10樓電梯出來門口,台資大樓皆有保全24小時開放"
Curves女性專用30分鐘健身中心南京三民店,南京東路5段202號3F-5,63000010,25.051193,121.564752,學校、大型集會場所,健身房,環狀運動區,環狀運動區柱子旁、飲水機旁
李長榮化學工業股份有限公司,八德路4段85號3樓,63000010,25.048609,121.560537,其他,其他場所,85號3樓電梯旁,公司行號
臺北市私立稻江高級商業職業學校,民權西路225巷24號,63000060,25.06419,121.512032,學校、大型集會場所,高中職,警衛室,校門口警衛室裡
臺北市藝文推廣處-大稻埕戲苑,迪化街一段21號8、9樓,63000060,25.054862,121.51055,其他,其他場所,9樓劇場服務台後方,放置於本處大稻埕戲苑9樓劇場服務台後方，為室內開放空間，利於設備維護。
臺北市大龍養護中心,民族西路105號1樓,63000060,25.069011,121.516978,其他,其他場所,1樓護理站,AED位置在臺北市大龍養護中心1樓護理站處
香港商世界健身事業有限公司南京分公司,南京東路5段196號1樓,63000010,25.051197,121.564067,學校、大型集會場所,健身房,一樓櫃檯,進門直走左側心肺區電視銀幕下方
交通部民用航空局臺北國際航空站(松山機場),敦化北路340-9號,63000010,25.06369,121.552742,交通要衝,機場,本站停車場,第二停車場(管理室)
交通部民用航空局臺北國際航空站(松山機場),敦化北路340-9號,63000010,25.06369,121.552742,交通要衝,機場,本站停車場,第三停車場(管理室)
台北市私立崇生康復之家,重慶北路2段188號3樓,63000060,25.062297,121.513358,其他,其他場所,機構活動區,"機構活動區,入門即看見"
微風廣場實業股份有限公司台大分公司,中山南路7號B1,63000050,25.040274,121.519159,大型購物場所,商場,微風台大醫院商場服務台左側,微風台大醫院商場服務台左側
陽昇牙醫診所,忠孝東路路四段216巷11弄6號3樓,63000030,25.04068859,121.5532909,其他,其他場所,陽昇牙醫診所,大門外牆壁上
交通部民用航空局臺北國際航空站(松山機場),敦化北路340-9號,63000010,25.06369,121.552742,交通要衝,機場,國際線2樓外候機室,販賣機與飲水機間
臺北市湖田實驗國民小學,竹子湖路17-2號,63000120,25.168429,121.538771,其他,其他場所,1樓走廊校長室門口,1樓走廊校長室門口
中華民國紅十字會台灣省分會,博愛路230巷6號,63000050,25.033752,121.509952,其他,其他場所,走道,走道
臺北市北投區關渡國民小學,中央北路4段581號,63000120,25.126631,121.466292,學校、大型集會場所,國小,穿堂走廊,川堂右手邊走道牆柱上
淡江大學台北校園,金華街199巷5號,63000030,25.031176,121.528366,學校、大型集會場所,大專院校,大門警衛台旁,大門入口警衛台旁
臺北市立明德國民中學,明德路50號,63000120,25.108023,121.51866,其他,其他場所,四維樓1樓,校門口進來右手邊四維樓1樓
國立臺灣師範大學校本部(和平東路1段162號) ,和平東路1段162號,63000030,25.02603,121.528283,學校、大型集會場所,大專院校,校本部樸大樓2樓,校本部樸大樓2樓教師休息室外
臺北市北投區文化國民小學,文化三路一號,63000120,25.137094,121.496669,其他,其他場所,學校正門穿堂,放置於進入校門口穿堂右側牆面
臺北市私立靜修高級中學,寧夏路59號,63000060,25.057931,121.515496,學校、大型集會場所,高中職,警衛室,AED目前設置於警衛室
國立臺北藝術大學_展演中心,學園路1號展演中心,63000120,25.132457,121.469349,學校、大型集會場所,大專院校,展演中心大門入口處,展演中心靠近舞蹈系館的入口
天母國際聯誼會,中山北路六段88號B1,63000110,25.104917,121.525007,學校、大型集會場所,健身房,B2游泳池旁,B2游泳池旁
臺北市士林區天母國民小學,天玉街12號,63000110,25.120167,121.527422,其他,其他場所,警衛室內,臺北市士林區天母國小警衛室
財團法人台北市關渡宮,知行路360號,63000120,25.1179329,121.4632106,學校、大型集會場所,宗教聚會場所,本宮正殿,"正殿金紙服務處前方,電視螢幕下。"
體線運動工作室,南京東路4段186號6F之9,63000010,25.05135843,121.5574794,學校、大型集會場所,健身房,櫃檯,體線運動工作室
台灣高速鐵路(股)公司-台北車站,北平西路3號,63000050,25.047916,121.517002,交通要衝,高鐵站,B1西進候車區,B1西進候車區
台北文華東方酒店,敦化北路158號,63000010,25.055711,121.54811,旅宿場所,飯店,6F SPA 辦公室,6F SPA 櫃檯辦公室
台北文華東方酒店,敦化北路158號,63000010,25.055726,121.548336,旅宿場所,飯店,一樓客務部辦公室,一樓客務部辦公室
台北文華東方酒店,敦化北路158號,63000010,25.055779,121.548384,旅宿場所,飯店,B3 安全辦公室,B3 安全辦公室
財團法人中華民國佛教慈濟慈善事業基金會-台北東區聯絡處,松隆路327號1樓,63000020,25.048578,121.578673,其他,其他場所,台北市信義區松隆路327號1樓,一樓門口處
Fit Five Fitness,濟南路三段31-1號一樓,63000030,25.04004214,121.5352807,學校、大型集會場所,健身房,大門口,Fit Five Fitness 大門口
臺北市朱崙老人公寓,龍江路15號4樓,63000040,25.047436,121.540497,其他,其他場所,朱崙老人公寓4樓大廳,老人公寓4樓服務台外側左方
交通部觀光署,忠孝東路4段290號9樓,63000030,25.041247,121.555697,其他,其他場所,6樓服務台,6樓服務台
臺北大巨蛋,忠孝東路4段545號,63000020,25.04260664,121.5614553,大型休閒場所,運動場館(如小巨蛋),巨蛋廣場B2,巨蛋廣場B2
于賓診所,忠孝東路3段305號7樓之5,63000030,25.041809,121.543397,其他,其他場所,一診診療室,一診醫師診療室
臺北市政府環境保護局內湖垃圾焚化廠,安康路290號,63000100,25.062515,121.605298,其他,其他場所,管理大樓1樓廠房電梯前,由管理大樓1樓進入廠房區域，AED設置於1樓廠房電梯右前方
城市學校財團法人臺北城市科技大學,學園路2號,63000120,25.133617,121.468879,學校、大型集會場所,大專院校,財經大樓大廳,財經大樓大廳
華信航空股份有限公司,台北市松山區敦化北路405巷123弄3號,63000010,25.06304,121.557636,長距離交通工具,航空器,B16860飛機,B16860飛機
財團法人台北基督徒南京東路禮拜堂,南京東路二段110號,63000040,25.0517397,121.5322723,學校、大型集會場所,宗教聚會場所,教堂三樓大廳,"由教堂一樓大廳入口直接搭乘專用電梯,至三樓大廳,AED即在大廳左前方角落處"
臺北市大龍老人住宅,民族西路105號4樓,63000060,25.068726,121.517358,其他,其他場所,臺北市大龍老人住宅,4樓老人住宅入口左側大廳服務台旁
糖部文化園區,大理街132-10號,63000070,25.033203,121.495065,觀光旅遊地區,文化園區,糖業文化展示館左邊大門入口右側,位於台北市萬華區大理街底
華信航空股份有限公司,台北市松山區敦化北路405巷123弄3號,63000010,25.06304,121.557636,長距離交通工具,航空器,B16861飛機,B16861飛機
臺北大巨蛋,忠孝東路4段545號,63000020,25.04260664,121.5614553,大型休閒場所,運動場館(如小巨蛋),80米通廊,80米通廊與花園綠廊交界
台北府城隍廟,虎林街3號,63000010,25.047184,121.577092,其他,其他場所,福德正神旁,福德正神旁
臺北大巨蛋,忠孝東路4段545號,63000020,25.04260664,121.5614553,大型休閒場所,運動場館(如小巨蛋),GATE 7 出口,GATE 7 出口
臺北大巨蛋,忠孝東路4段545號,63000020,25.04260664,121.5614553,大型休閒場所,運動場館(如小巨蛋),GATE 8,GATE 8 出口
臺北大巨蛋,忠孝東路4段545號,63000020,25.04260664,121.5614553,大型休閒場所,運動場館(如小巨蛋),B1職場辦公室,B1職場辦公室門口
國立臺北藝術大學_游泳館大門外,學園路1號游泳館大門外,63000120,25.132518,121.469682,學校、大型集會場所,大專院校,北藝大游泳館大門外,游泳館大門外牆面壁掛
台灣虎航股份有限公司,敦化北路405巷123弄3號,63000010,25.06304,121.557636,長距離交通工具,航空器,"B-50006航機, 第13排 DEF行李艙",台灣虎航股份有限公司B-50006航機
華信航空股份有限公司,台北市松山區敦化北路405巷123弄3號,63000010,25.06304,121.557636,長距離交通工具,航空器,B16863飛機,B16863飛機
臺北大巨蛋,忠孝東路4段545號,63000020,25.04260664,121.5614553,大型休閒場所,運動場館(如小巨蛋),影城棟停車場1F出口,影城棟停車場1F出口
臺北市內湖區康寧國民小學,星雲街121號,63000100,25.080064,121.594819,其他,其他場所,活動中心平台,活動中心平台
華信航空股份有限公司,台北市松山區敦化北路405巷123弄3號,63000010,25.06304,121.557636,長距離交通工具,航空器,B-16853飛機,B-16867飛機，18排座位KH上方
華信航空股份有限公司,台北市松山區敦化北路405巷123弄3號,63000010,25.06304,121.557636,長距離交通工具,航空器,B-16866飛機,B-16866飛機
華信航空股份有限公司,台北市松山區敦化北路405巷123弄3號,63000010,25.06304,121.557636,長距離交通工具,航空器,B16858飛機,B16858飛機
臺北大巨蛋,忠孝東路4段545號,63000020,25.04260664,121.5614553,大型休閒場所,運動場館(如小巨蛋),棒球博物館入口,B2棒球博物館入口
華信航空股份有限公司,台北市松山區敦化北路405巷123弄3號,63000010,25.06304,121.557636,長距離交通工具,航空器,B16859飛機,B16859飛機
凱達格蘭文化館,中山路3-1號,63000120,25.137067,121.505788,大型休閒場所,博物館,一樓大廳大門左側,1樓大廳大門左側
台北市河濱自行車租借站大稻埕站,民生西路底，大稻埕疏散門進入，大稻埕碼頭旁。,63000060,25.056367,121.507598,其他,其他場所,大稻埕租車站貨櫃內,台北市河濱自行車租借站大稻埕站，民生西路底，大稻埕疏散門進入，大稻埕碼頭旁。
台北市河濱自行車租借站馬場町站,開車請由青年路底水源路交叉口，馬場疏散門進入。,63000070,25.019772,121.504435,其他,其他場所,櫃台右側,馬場町租車站主貨櫃內
台北市河濱自行車租借站景福站,自來水園區公館水岸廣場上(思源路底)永福橋旁,63000050,25.011213,121.528235,其他,其他場所,景福租借站內,台北市河濱自行車租借站景福站 自來水園區公館水岸廣場上(思源路底)永福橋旁
台北市河濱自行車租借站木柵站,新光路2段，動物園前方道南河濱公園廣場上。,63000080,24.999429,121.580152,其他,其他場所,台北市河濱自行車租借站木柵站,台北市河濱自行車租借站木柵站 新光路2段，動物園前方道南河濱公園廣場上。
台北市河濱自行車租借站觀山站,塔悠路轉入塔悠疏散門往大直橋方向，高速公路橋下方。,63000010,25.0714489,121.566628,其他,其他場所,櫃檯後方,觀山租車站主貨櫃內
台北市河濱自行車租借站大佳站,大佳河濱公園九號水門旁,63000010,25.07469,121.541101,其他,其他場所,櫃檯後方,大佳租車站主貨櫃內
台北市河濱自行車租借站彩虹站,開車經越堤坡道(新湖2路與堤頂大道交會口臨河側附近)轉入河濱公園於麥帥一橋右岸下、步行由彩虹橋或行善路前往麥帥一橋右岸),63000010,25.052849,121.573795,其他,其他場所,彩虹租車站內,台北市河濱自行車租借站彩虹站 開車經越堤坡道(新湖2路與堤頂大道交會口臨河側附近)轉入河濱公園於麥帥一橋右岸下、步行由彩虹橋或行善路前往麥帥一橋右岸)
台北市河濱自行車租借站美堤站,美堤疏散門(敬業三路底)進入後左轉，土坡曲道賽場旁。,63000040,25.075376,121.558549,其他,其他場所,台北市河濱自行車租借站美堤站,台北市河濱自行車租借站美堤站 美堤疏散門(敬業三路底)進入後左轉，土坡曲道賽場旁。
台北市河濱自行車租借站關渡站,知行路上，關渡宮北側，關渡碼頭旁。,63000120,25.12242,121.461888,其他,其他場所,櫃台右側,關渡租車站主貨櫃內
臺北市立松山高級商業家事職業學校,松山路655號,63000020,25.035129,121.58005,學校、大型集會場所,高中職,傳達室,傳達室內
臺北市松山區美仁里里民活動場所(3鄰鄰長住宅),寧安街68巷15-1號1樓,63000010,25.051284,121.554335,其他,其他場所,寧安街68巷15-1號1樓,鄰長住宅
臺北市松山區美仁里里民活動場所(敦北園中園大樓),北寧路58號,63000010,25.050254,121.552833,其他,其他場所,北寧路58號,敦北園中園大樓
育達學校財團法人臺北市私立育達高級中等學校,寧安街12號,63000010,25.04992,121.554447,學校、大型集會場所,高中職,學校健康中心,家聲大樓1樓
臺北市松山區美仁里里民活動場所,八德路3段99巷12-8號,63000010,25.049193,121.553517,其他,其他場所,八德路3段99巷12-8號1樓,美仁里里民活動場所
臺北自來水園區環境教育中心,思源街1號,63000050,25.012506,121.532342,觀光旅遊地區,地方政府主管風景區,環教中心1樓,環教中心1樓入口到底樓梯旁
統一超商股份有限公司總公司,東興路65號2F,63000020,25.046907,121.566594,其他,其他場所,總公司辦公室2F,2樓電梯出口
財團法人台北市文化基金會臺北市影視音實驗教育機構,汀州路三段230巷18弄7-1號,63000050,25.010089,121.532141,其他,其他場所,臺北市中正區汀州路三段230巷16弄11-3號,臺北市影視音實驗教育機構11-3號教室門口
欣葉國際餐飲-台灣料理創始店,雙城街34-1號,63000040,25.066547,121.524153,其他,其他場所,1樓門市入口處,餐廳1樓入口處
國泰商旅股份有限公司敦南分公司(台北慕軒飯店，臻品之選),敦化南路1段331號,63000030,25.033942,121.54929,旅宿場所,飯店,一樓大廳走道,飯店內1樓走道
前港公園游泳池,前港街45號,63000110,25.085832,121.521127,其他,其他場所,入口大廳右側,放置入口大廳右側
台灣新光保全股份有限公司科技總部,行愛路128號1樓,63000100,25.063894,121.580118,其他,其他場所,大門入口右側,面對大樓1樓右側屋內
台灣新光保全股份有限公司2館優勢領航大樓,新湖二路128號3樓,63000100,25.062436,121.578749,其他,其他場所,3樓左側屋內,出電梯面對3樓左側屋內
臺北市私立南華高級中學職業進修學校,汀州路三段58號,63000050,25.01568,121.531079,學校、大型集會場所,高中職,一樓川堂,學校一樓進入直視，醒目
財團法人台北市南海普陀山慧濟寺,中山北路七段190巷34-1號,63000110,25.12634,121.536201,其他,其他場所,寺務處門口,慧濟寺寺務處門口
澤力有限公司,仁愛路四段407-1號,63000030,25.038069,121.555829,其他,其他場所,休息區,學員休息區
sky fitness,承德路三段9-1號,63000060,25.063301,121.518681,其他,其他場所,入口右手邊,入口處右手邊
臺北市萬華區龍山國民小學,和平西路3段235號,63000070,25.036439,121.495917,其他,其他場所,健康中心內,健康中心內部
長庚生物科技公司-身心靈轉化中心,民生東路4段54號1樓,63000010,25.057665,121.551118,學校、大型集會場所,健身房,健身房入口,大門直走，健身房入口
家福股份有限公司台北桂林分公司(家樂福桂林店),桂林路1號,63000070,25.037743,121.50629,大型購物場所,賣場,3F,3F
康達盛通生活事業股份有限公司臺北重慶分公司(家樂福重慶店),重慶北路二段171號,63000060,25.059148,121.513807,大型購物場所,賣場,B1收銀線,B1收銀線結帳處
欣葉國際餐飲-台灣料理忠孝店,忠孝東路4段112號2樓,63000030,25.041364,121.546893,其他,其他場所,餐廳櫃檯前與#10桌間”大柱子”上,餐廳櫃檯前與#10桌間”大柱子”上
臺灣士林地方法院,士東路190號,63000110,25.112514,121.53308,學校、大型集會場所,法院,法警室門口,置於本院法警室旁，公共電話區域，近西大門及電梯口。
欣葉國際餐飲-日本料理健康店,健康路156號,63000010,25.053597,121.557174,其他,其他場所,餐廳入口處,餐廳入口處(櫃檯前方)
JF fitness,仙岩路7號1樓,63000080,24.9984568,121.5479866,學校、大型集會場所,健身房,櫃檯後方,櫃檯後方
臺北市私立靜心高級中學游泳池,興隆路二段46號游泳池,63000080,24.9983423,121.5475398,學校、大型集會場所,高中職,游泳池川堂,游泳池川堂
臺北市中山區吉林國民小學,長春路116號,63000040,25.054721,121.52963,其他,其他場所,穿堂,吉林國小穿堂健康中心旁電話亭上
馬偕學校財團法人馬偕醫護管理專科學校(關渡校區),聖景路92號,63000120,25.12194737,121.4645596,學校、大型集會場所,大專院校,關渡校區慈輝樓1樓,慈輝樓1樓
華信航空股份有限公司,台北市松山區敦化北路405巷123弄3號,63000010,25.06304,121.557636,長距離交通工具,航空器,B-16868飛機,B-16868飛機，18排座位KH上方
臺北市私立金甌女子高級中學,杭州南路2段1號,63000030,25.034768,121.524182,學校、大型集會場所,高中職,警衛室,大門進來右手邊警衛室
台灣虎航股份有限公司,敦化北路405巷123弄3號,63000010,25.06304,121.557636,長距離交通工具,航空器,B-50001航機，第13排 DEF行李艙,台灣虎航股份有限公司B-50001航機
台灣虎航股份有限公司,敦化北路405巷123弄3號,63000010,25.06304,121.557636,長距離交通工具,航空器,"B-50016航機, 第13排 DEF行李艙",台灣虎航股份有限公司B-50016航機
日勝生加賀屋國際溫泉飯店,光明路236號,63000120,25.135921,121.50689,大型公眾浴場或溫泉區,溫泉區,5樓櫃台後方逃生口旁走道,5樓櫃台後方逃生口旁走道
國立臺北藝術大學_警衛室,學園路1號警衛室,63000120,25.130315,121.466847,學校、大型集會場所,大專院校,警衛室,本校校門口收費崗哨內之警衛室
台灣虎航股份有限公司,敦化北路405巷123弄3號,63000010,25.06304,121.557636,長距離交通工具,航空器,"B-50018航機, 第13排 DEF行李艙",台灣虎航股份有限公司B-50018航機
臺北大巨蛋,忠孝東路4段545號,63000020,25.04260664,121.5614553,大型休閒場所,運動場館(如小巨蛋),巨蛋國際中心一樓大廳,巨蛋國際中心一樓大廳
凱基證券股份有限公司(大直 總公司),明水路700號4樓,63000040,25.085031,121.551862,其他,其他場所,四樓電梯出口左方,四樓電梯出口左方
中國文化大學 大恩館,華岡路55號,63000110,25.136543,121.538749,學校、大型集會場所,大專院校,大雅館（女生宿舍）,中國文化大學校本部大雅館(女生宿舍)6樓，大廳左側。
國立臺灣師範大學公館校區(汀州路4段88號),汀州路4段88號,63000080,25.007963,121.536905,學校、大型集會場所,大專院校,公館校區體育運動大樓一樓,體育運動大樓一樓競技系門口(面向運動場)
臺北市政府青年局,仁愛路一段17號,63000050,25.038999,121.522365,其他,其他場所,本局1樓大廳,1樓大廳服務臺與駐警櫃台間
臺北市中山區行孝里辦公處,民族東路282號5樓,63000040,25.068077,121.534973,其他,其他場所,行孝里辦公處,行孝里辦公處
大同大學,中山北路3段40號,63000040,25.06684013,121.5222096,學校、大型集會場所,大專院校,體育室-辦公室,體育室辦公室的鐵櫃
臺北市政府青年局,仁愛路一段17號,63000050,25.038999,121.522365,其他,其他場所,本局地下1樓直排輪場域,地下1樓(直排輪場域)於服務臺前
臺北市立內湖高級工業職業學校,內湖路一段520號,63000100,25.079369,121.575514,學校、大型集會場所,高中職,行政大樓1樓川堂,臺北市立內湖高工行政大樓1樓，一進門右手邊靠牆。
臺北市私立東方高級工商職業學校,信義路四段186巷8號,63000030,25.032235,121.551453,學校、大型集會場所,高中職,大門口警衛室內,本校警衛室24小時隨時可使用
兄弟大飯店,南京東路三段255號,63000010,25.051998,121.544478,旅宿場所,飯店,商店部門口,大門進入後右轉商店部門口
臺北市私立稻江高級護理家事職業學校,新生北路3段55號,63000040,25.065354,121.528616,學校、大型集會場所,高中職,稻江護家警衛室,稻江護家校門口警衛室內
福容大飯店股份有限公司台北分公司,建國南路一段266號,63000030,25.036628,121.53721,其他,其他場所,三樓麗泉俱樂部內,三樓麗泉俱樂部，進門左手方
國立教育廣播電臺,南海路45號,63000050,25.032621,121.51123,其他,其他場所,大門進入後之大廳右側,"AED放置地點:從場所(國立教育廣播電臺)大門進入即可
見到左側駐警室,直入廣播大樓大廳左側即為AED放置地點"
臺北市私立志仁高級中學職業進修學校,南京西路64巷17號,63000060,25.052162,121.518758,學校、大型集會場所,高中職,1樓辦公室,1樓辦公室進門右手邊
開南學校財團法人臺北市開南高級中等學校,濟南路一段6號,63000050,25.04242,121.521821,學校、大型集會場所,高中職,健康中心,開南商工健康中心
臺北市立百齡高級中學,承德路四段177號,63000110,25.08699,121.523062,學校、大型集會場所,高中職,一樓穿堂 公用電話旁,一樓穿堂 值勤室外 公用電話旁
臺北市私立泰北高級中學,福林路240號,63000110,25.097366,121.533946,學校、大型集會場所,高中職,泰北高中向榮樓健康中心前方,泰北高中向榮樓健康中心前方
健身銀行(在一起運動工作室),忠孝東路五段423巷4弄16號,63000020,25.0412995,121.5762301,其他,其他場所,忠孝東路5段423巷4弄16號,教室左斜前方牆上
臺北市私立華岡藝術學校,建業路73巷8號,63000110,25.137145,121.549095,學校、大型集會場所,高中職,保健室,進大門右邊之保健室
臺北市私立大誠高級中學,秀明路2段175號,63000080,24.991053,121.578524,學校、大型集會場所,高中職,健康中心,本校校區大樓3樓為學生進出校園或至球場常出入場所，臨近3F健康中心，因此將AED設備設置於健康中心。
臺北市私立東山高級中學,老泉街26巷3號,63000080,24.972689,121.561698,學校、大型集會場所,高中職,健康中心外,校園停車場直行上彎道後再右彎左手邊辦公室
臺北市立大學博愛校區,愛國西路1號,63000050,25.037044,121.51333,學校、大型集會場所,大專院校,公誠樓地下2樓游泳池櫃台對面,游泳池旁邊
健身工廠-信義廠,松壽路22號4樓,63000020,25.03556542,121.5677343,學校、大型集會場所,健身房,4樓入口處,4樓入口處
臺北市立動物園,新光路二段30號,63000080,24.998347,121.581036,其他,其他場所,非洲區,河馬教室
臺北市立動物園,新光路二段30號,63000080,24.998347,121.581036,其他,其他場所,穿山甲館,2F入口牆面
臺北市立動物園,新光路二段30號,63000080,24.998347,121.581036,其他,其他場所,列車總站,候車處旁
臺北市立動物園,新光路二段30號,63000080,24.998347,121.581036,其他,其他場所,亞洲熱帶雨林區,老虎店旁廁所
臺北市立動物園,新光路二段30號,63000080,24.998347,121.581036,其他,其他場所,兒童動物區,無尾熊廁所
臺北市立動物園,新光路二段30號,63000080,24.998347,121.581036,其他,其他場所,鳥園,生態保育牆
臺北市立動物園,新光路二段30號,63000080,24.998347,121.581036,其他,其他場所,臺灣動物區,臺灣區廁所
臺北市立動物園,新光路二段30號,63000080,24.998347,121.581036,其他,其他場所,保養場,列車司機室外牆
臺北市立動物園,新光路二段30號,63000080,24.998347,121.581036,其他,其他場所,昆蟲館,1F入口右側
臺北市立動物園,新光路二段30號,63000080,24.998347,121.581036,其他,其他場所,蟲蟲探索谷,蟲蟲探索谷廁所
臺北市立動物園,新光路二段30號,63000080,24.998347,121.581036,其他,其他場所,澳洲動物區,澳洲動物區廁所
臺北市立動物園,新光路二段30號,63000080,24.998347,121.581036,其他,其他場所,教育中心,1F入口右側
臺北市立動物園,新光路二段30號,63000080,24.998347,121.581036,其他,其他場所,行政大樓,1F販賣機旁
臺北市立動物園,新光路二段30號,63000080,24.998347,121.581036,其他,其他場所,38號涼亭,38號涼亭椅子旁
臺北市私立達人高級中學,內湖路2段314號,63000100,25.081253,121.587643,學校、大型集會場所,高中職,輔導中心前,教學大樓1樓輔導中心前約8公尺
哈拉數位影城,康寧路3段72號,63000100,25.06982,121.611421,大型休閒場所,電影片映演場所(戲院、電影院),四樓大廳中間,哈拉數位影城 四樓大廳中間位置
北都汽車股份有限公司-lexus內湖所廠,瑞光路356號,63000100,25.077034,121.572925,其他,其他場所,入口玻璃門旁,從車道口進入服務廠後，入口玻璃門旁。
首都飯店松山館,八德路四段658號,63000010,25.0498897,121.5756847,旅宿場所,旅館,旅館大廳,旅館1樓大廳內
北都汽車股份有限公司-lexus大安所,忠孝東路三段1號億光大樓,63000010,25.042019,121.538104,其他,其他場所,展示間,北都汽車lexus大安營業所展示間內
國都汽車LEXUS松江所,松江路433號,63000040,25.06575046,121.5334977,其他,其他場所,營業所展間,營業所展間
北都汽車股份有限公司-內湖所廠,內湖路一段91巷34號,63000100,25.085628,121.56227,其他,其他場所,營業櫃檯後方,台北市內湖區內湖路一段91巷34號
北都汽車股份有限公司-敦化所,八德路三段2號1樓,63000010,25.048114,121.549426,其他,其他場所,展示間吧台處,營業所大門入口右側吧台
中國石油化學工業開發股份有限公司臺北營業所,東興路12號(臺北營業所),63000010,25.0496968,121.5650519,其他,其他場所,本棟大樓9樓,電梯口
臺北市信義區吳興國民小學,松仁路226號,63000020,25.025743,121.568716,其他,其他場所,交通安全室外,校門口進入，第一間教室外面
焠齡運動空間,景興路59、61號1樓,63000080,24.996541,121.5448579,學校、大型集會場所,健身房,本館飲水機上方,大門進入後直走到底即可看到
洛碁大飯店中華館,中華路一段41號13樓,63000050,25.044924,121.509441,旅宿場所,旅館,飯店大廳 電梯口,13樓櫃台 電梯口
北都汽車股份有限公司-光復所廠,光復北路15號,63000010,25.049718,121.558073,其他,其他場所,1樓結帳辦公室,1樓結帳出入口
北都汽車股份有限公司-松山廠,基隆路一段88號,63000020,25.046411,121.567326,其他,其他場所,3樓結帳櫃檯後方,3樓結帳櫃檯後方
北都汽車股份有限公司中古車所,南港路3段92號,63000090,25.053879,121.590551,其他,其他場所,接洽大廳,入口自動門旁
北都汽車總公司大樓,南港路2段312號,63000090,25.054884,121.59429,其他,其他場所,客戶休息室內,客休室吧檯區旁
北都汽車股份有限公司-中正廠,忠孝東路2段122號,63000050,25.042475,121.531596,其他,其他場所,1樓辦公室結帳櫃檯後方,結帳櫃檯後方
北都汽車股份有限公司-萬大廠,艋舺大道91號,63000070,25.033782,121.502704,其他,其他場所,客戶休息室,客戶休息室2號桌旁
hamerfitness石牌店,東華街二段6號2樓,63000120,25.1157933,121.5150171,學校、大型集會場所,健身房,場館進門左手邊,位於石牌捷運站 東華街二段6號2樓 馬可先生樓上
天溪綠地游泳池,中山北路7段219巷3弄170號,63000110,25.128423,121.53118,其他,其他場所,盥洗室出路口,盥洗室出路口
立偉電子股份有限公司,經貿二路135號9樓,63000090,25.0593599,121.6175411,其他,其他場所,F棟9樓電梯口,F棟9樓電梯口
國都汽車TOYOTA士林所廠,文昌路69號,63000110,25.095783,121.521022,其他,其他場所,營業所展示間,營業所展示間
桑富士運動俱樂部,平陽街29號,63000060,25.055138,121.516998,學校、大型集會場所,健身房,一樓櫃台正前方牆面,文化京都大樓1樓右側進入桑富士 一樓櫃台正前方牆面
臺北市立大學附設實驗國民小學,公園路29號,63000050,25.036073,121.515246,其他,其他場所,教務處前飲水機旁,忠棟教務處前飲水機旁
北都汽車股份有限公司-撫遠廠,撫遠街419號,63000010,25.067394,121.566188,其他,其他場所,服務接待櫃台後方,客休室入口處
國都汽車LEXUS濱江所廠,濱江街251號,63000040,25.072852,121.541586,其他,其他場所,服務廠客休室,服務廠客休室
臺北市私立華興小學,仰德大道一段101號,63000110,25.104975,121.538437,其他,其他場所,教學大樓鐵捲門旁,教學大樓鐵捲門旁
Curves女性專用30分鐘健身中心-信義通化店,信義路四段263號3樓之1,63000030,25.033406,121.553989,學校、大型集會場所,健身房,大門入口側邊櫃子上,場所出入口側邊櫃子上
上引水產有限公司(台北漁市),民族東路410巷2弄18號,63000040,25.066673,121.537108,大型購物場所,商場,賣場中央位置區,賣場中央位置區
國都汽車TOYOTA南松江所,松江路127號,63000040,25.053374,121.533248,其他,其他場所,營業所展示間,展示間
Curves可爾姿女性30分鐘環狀運動 內湖西湖店,內湖路1段360巷15號7樓之4,63000100,25.081241,121.571049,學校、大型集會場所,健身房,辦公室冰箱上面,台灣企銀旁入口上7樓
嘉賓閣旅館股份有限公司,光明路230號,63000120,25.135904,121.506039,大型公眾浴場或溫泉區,溫泉區,光明路230號3樓,辦公室走道
南山人壽保險股份有限公司(南山人壽大樓),民權東路二段144號,63000040,25.062269,121.533887,其他,其他場所,1樓大廳,1樓大門入口左側
康達盛通生活事業股份有限公司台北內湖分公司,民善街88號,63000100,25.060415,121.575298,大型購物場所,賣場,2F收銀線結帳處,2F收銀線結帳處
Curves女性專用30分鐘健身中心信義永康店,信義路二段222號2樓,63000030,25.033409,121.531367,學校、大型集會場所,健身房,辦公室,辦公室
南港轉運站西站,忠孝東路七段359號,63000090,25.052485,121.606593,交通要衝,轉運站,1樓大廳,2號月台旁
臺北市公有華山市場,忠孝東路1段108號,63000050,25.044194,121.524834,其他,其他場所,2樓1號攤前公共走道,2樓1號攤前公共走道
台北之家（光點台北）,中山北路二段18號,63000040,25.053279,121.522161,大型休閒場所,電影片映演場所(戲院、電影院),1F入口處,AED設置於1F入口處明顯處，靠近服務台、珈琲時光與光點生活營業空間進出口，便於緊急救護
勁能健身俱樂部,八德路四段465號2樓,63000010,25.050068,121.570909,學校、大型集會場所,健身房,健身區,進門左手邊健身區
臺北市政府工務局衛生下水道工程處,酒泉街235號,63000060,25.0725688,121.5104486,其他,其他場所,本處一樓大廳,本處一樓大廳
東南亞秀泰影城,羅斯福路4段136巷3號,63000050,25.012775,121.535355,大型休閒場所,電影片映演場所(戲院、電影院),2樓販賣部旁邊,2樓販賣部旁邊
大直橋下基層訓練站,基隆河左岸大佳段大直橋下貨櫃屋,63000040,25.074788,121.531518,其他,其他場所,基隆河左岸大佳段大直橋下貨櫃屋,基隆河左岸大佳段大直橋下貨櫃屋
青年公園棒球場,水源路199號,63000070,25.022052,121.506905,大型休閒場所,運動場館(如小巨蛋),正門入口處,青年公園棒球場正門入口處
臺北網球場,南京東路四段6號,63000010,25.051289,121.551796,大型休閒場所,運動場館(如小巨蛋),台北網球場,臺北網球場一進門口左邊 茶水間前面
臺北市極限運動訓練中心,忠孝東路七段382號,63000090,25.051855,121.607311,學校、大型集會場所,健身房,訓練中心一樓重訓室,訓練中心一樓重訓室落地窗旁
臺北體育館技擊館,南京東路4段10號4樓,63000010,25.051128,121.552002,學校、大型集會場所,健身中心,4樓球場東側走道,南京東路4段臺北體育館4樓技擊館
新生公園棒球場,新生北路3段105號,63000040,25.068958,121.532543,其他,其他場所,正門入口處,新生公園棒球場1樓正門口右側
台北大倉久和大飯店健身俱樂部,南京東路1段9號20樓,63000040,25.052506,121.523313,學校、大型集會場所,健身房,20樓健身房入口正前方,大倉久和大飯店20樓健身俱樂部之健身房
臺北市松山區美仁里里民活動場所,八德路3段99巷12-8號,63000010,25.049193,121.553517,其他,其他場所,八德路3段99巷12-8號,美仁里里民活動場所
臺北市松山區美仁里里民活動場所,八德路3段99巷12-8號,63000010,25.049193,121.553517,其他,其他場所,八德路3段99巷12-8號,美仁里里民活動場所
南港東明青銀就業服務站,南港路二段60巷19號1、2樓,63000090,25.054443,121.604794,其他,其他場所,南港東明青銀就業服務站2樓,放至於電梯出入口明顯處
臺北市私立華興高級中等學校,仰德大道1段101號,63000110,25.095049,121.524608,學校、大型集會場所,大專院校,美齡樓4樓,華興中學美齡樓4樓公用電話旁
雲來寺,公館路186號,63000120,25.1285077,121.5069685,學校、大型集會場所,宗教聚會場所,1F大廳,西單後方牆上
香港商世界健身事業有限公司天母分公司,中山北路7段34號,63000110,25.119924,121.531148,學校、大型集會場所,健身房,1樓洽談區,1樓洽談區
國都汽車TOYOTA濱江所廠,濱江街269號,63000040,25.072604,121.542531,其他,其他場所,服務廠展間,服務廠展間
Curves女性專用30分鐘環狀運動北投店,磺港路8號4樓,63000120,25.133249,121.502095,學校、大型集會場所,健身房,置物櫃旁,置物櫃旁
Curves女性專用30分鐘健身中心內湖成功店,成功路四段34號二樓,63000100,25.081816,121.591676,學校、大型集會場所,健身房,Curves女性30分鐘環狀運動,Curves女性運動中心，進門後左手邊柱子後方。
臺北市政府警察局松山分局東社派出所,敦化北路199巷5號,63000010,25.056688,121.550213,公眾服務單位設施,派出所,值班台旁,東社所值班台旁
臺北市政府警察局信義分局六張犁派出所,嘉興街301號,63000020,25.02367434,121.5551985,公眾服務單位設施,派出所,派出所大門進入直走到底後門旁,派出所大門進入值班台左邊
臺北市政府警察局松山分局松山派出所,八德路4段692號,63000010,25.049957,121.577389,公眾服務單位設施,派出所,值班台旁,松山派出所值班台旁
臺北市政府警察局中山分局建國派出所,民族東路284號,63000040,25.068007,121.536047,公眾服務單位設施,派出所,1樓門口,臺北市中山區民族東路284號1樓門口
臺北市政府警察局信義分局五分埔派出所,永吉路333號,63000020,25.045646,121.575887,公眾服務單位設施,派出所,一樓半,一樓半樓梯間
臺北市政府警察局南港分局玉成派出所,向陽路150號,63000090,25.055028,121.594756,公眾服務單位設施,派出所,受理報案區內,南港分局1樓玉成派出所受理報案區內
交通部高速公路局北區養護工程分局,成功路2段193巷12號,63000100,25.066261,121.591331,其他,其他場所,行政大樓1樓大廳,行政大樓1樓大廳會議室前
臺北市政府警察局南港分局南港派出所,經貿二路239號,63000090,25.06086616,121.6146164,公眾服務單位設施,派出所,1樓大廳值班台旁,南港派出所1樓大廳值班台旁
臺北市政府警察局中山分局圓山派出所,中山北路3段62號,63000040,25.072731,121.523861,公眾服務單位設施,派出所,一樓值班檯旁,圓山派出所值班檯旁
臺北市政府警察局南港分局舊莊派出所,舊莊街一段213號,63000090,25.038431,121.622663,公眾服務單位設施,派出所,一樓大門入口左側，值勤檯前,派出所一樓值勤檯前
臺北市政府警察局中山分局長安東路派出所,長安東路2段165號,63000040,25.048447,121.540529,公眾服務單位設施,派出所,值班台旁,長安東路派出所1樓值班台旁
台北大倉久和大飯店,南京東路一段9號1樓,63000040,25.052401,121.523334,旅宿場所,旅館,大廳,一樓大廳
臺北市政府警察局信義分局吳興街派出所,吳興街262號,63000020,25.026586,121.563928,公眾服務單位設施,派出所,派出所大門進入右方,派出所大門進入右方
臺北市政府警察局松山分局三民派出所,三民路5段163之1號,63000010,25.059536,121.563066,公眾服務單位設施,派出所,三民派出所備勤室內,三民派出所備勤室內
臺北市政府警察局信義分局福德街派出所,福德街86號(福德街派出所),63000020,25.03772618,121.5819729,公眾服務單位設施,派出所,1樓值班台後方,值班台左後方
臺北市政府警察局交通警察大隊信義分隊,信義路5段17號西側,63000020,25.03317,121.567508,其他,其他場所,一樓辦公室為民服務區,信義分局交通分隊辦公室
臺北市中山區力行里固定里民活動場所,遼寧街45巷24號,63000040,25.048745,121.542948,其他,其他場所,力行里固定里民活動場所,力行里固定里民活動場所
臺北市政府警察局中山分局警備隊,長安西路3號五樓,63000040,25.05016305,121.5212012,公眾服務單位設施,派出所,一樓辦公室(大門入口左側),5樓入口左側
臺北市政府警察局中山分局長春路派出所,長春路206號1樓,63000040,25.05464,121.536047,公眾服務單位設施,派出所,值班台旁,長春路派出所值班台左側。
Curves女性專用30分鐘健身中心古亭店,羅斯福路二段116號3樓之1,63000050,25.026369,121.52274,學校、大型集會場所,健身房,置物櫃左側,於置物櫃旁，距離運動圈約50公分處(大門進來前方約100公尺處)
英業達股份有限公司A棟,後港街66號,63000110,25.085703,121.52206,其他,其他場所,台北市士林區後港街66號,A棟大廳入口左側
Curves 女性專用30分鐘健身中心東湖店,東湖路33巷17號,63000100,25.069596,121.613479,學校、大型集會場所,健身房,運動區,運動區
北都汽車股份有限公司-大安所廠,和平東路二段128號,63000030,25.024602,121.543701,其他,其他場所,A廠出入口,A場與結帳櫃台間出入處
南京雙星國宅,南京東路五段四十五號、四十七號,63000010,25.051731,121.558625,其他,其他場所,南京雙星管委會會議室,南京雙星管委會會議室
Curves 女性專用30分鐘健身中心忠孝敦化店,忠孝東路4段250號2樓之3,63000030,25.041271,121.554177,學校、大型集會場所,健身房,健身區,健身區
寶藏巖國際藝術村,汀洲路3段230巷14弄2號,63000050,25.010654,121.532383,觀光旅遊地區,文化園區,寶藏巖國際藝術村,三角窗服務棧
楓肌力MP Health Fitness,富康街21號1樓,63000090,25.053742,121.617389,其他,其他場所,接待區,櫃台右前方
臺北市立大同高級中學,長春路167號,63000040,25.055031,121.535198,學校、大型集會場所,高中職,臺北市立大同高級中學游泳池,游泳池
臺北市大安區古亭國民小學,羅斯福路三段201號,63000030,25.020583,121.528777,其他,其他場所,健康中心,放置於進入健康中心後.左側牆面上
香港商世界健身事業有限公司公館分公司,羅斯福路四段68號2F,63000050,25.014616,121.53423,學校、大型集會場所,健身房,2F櫃檯飲料販賣機旁邊,櫃檯旁邊
優力國際安全認證有限公司,大業路260號1F,63000120,25.126384,121.498596,其他,其他場所,一樓逃生疏散樓梯旁,警衛室旁逃生疏散樓梯口牆邊
Curves女性30分鐘環狀運動和平科技店,和平東路二段257號3樓,63000030,25.024857,121.543868,學校、大型集會場所,健身房,"3F大門進入,櫃台前方約200公分距離","從2F大門進入後,面向櫃台(左)旁邊約200公分的柱子上"
臺北市立兒童新樂園,承德路5段55號,63000110,25.097094,121.514709,觀光旅遊地區,民營遊樂業,2樓美食街外廣場,二樓美食街電動門出入口旁
行政院人事行政總處公務人力發展學院福華國際文教會館,新生南路3段30號,63000030,25.022831,121.534192,旅宿場所,飯店,地下室一樓休閒中心櫃檯旁,地下室一樓休閒中心櫃檯旁
國立臺北教育大學(體育館),和平東路2段134號,63000030,25.022729,121.545103,學校、大型集會場所,大專院校,體育館一樓體育室門口,體育室門口
臺北市政府社會局委託財團法人台北市自閉兒社會福利基金會經營管理臺北市東湖發展中心,東湖路1號4、5樓,63000100,25.06910133,121.6123656,其他,其他場所,4樓走道空間2,4樓走道空間2
大同股份有限公司,中山北路3段22號,63000040,25.064449,121.521711,其他,其他場所,設工大樓一樓(健康中心旁),位於一樓健康中心及電梯中間
臺北市立民生國民中學,新東街30巷1號,63000010,25.059805,121.566737,其他,其他場所,民生國中室內游泳池,民生國中室內游泳池入口處，救生員服務區旁
臺北市政府警察局信義分局三張犁派出所,信義路五段17號1樓,63000020,25.0332045,121.5676304,公眾服務單位設施,派出所,臺北市信義區信義路五段17號1樓(三張犁派出所),松仁路側 三張犁派出所
財團法人國家實驗研究院國家地震工程研究中心,辛亥路三段200號,63000030,25.017325,121.547896,其他,其他場所,本中心大廳,大廳廣場的7-11販賣機旁
中華郵政股份有限公司金山大樓,金山南路二段55號,63000030,25.0322008,121.5272488,其他,其他場所,本棟大樓大廳,本大樓大廳右側AED箱內
Curves女性專用30分鐘健身中心天母店,天母西路3號3樓之11,63000110,25.119208,121.529596,其他,其他場所,3樓健身房面向運動區左方柱子後側,面向運動區左方柱子後側
康達盛通生活事業股份有限公司臺北天母分公司(家樂福天母店),德行西路47號,63000110,25.105749,121.52274,大型購物場所,賣場,2F收銀線外,家樂福天母店二樓結帳區
天溪綠地游泳池,中山北路7段219巷3弄170號,63000110,25.128423,121.53118,其他,其他場所,游泳池入口進入泳池旁,入口進入泳池旁
臺北南港展覽館2館,經貿二路2號,63000090,25.056239,121.615618,其他,其他場所,展覽館1樓,1樓P區
交通部運輸研究所,敦化北路240號,63000010,25.060121,121.549497,其他,其他場所,1樓大廳,1樓進出大廳  警衛台旁
超越體能顧問有限公司,南京東路四段17號b1,63000010,25.051908,121.550245,學校、大型集會場所,健身房,下樓梯右側,下地下室樓梯後右手邊櫃子上
台北美福大飯店,樂群二路55號,63000040,25.080489,121.553897,其他,其他場所,1樓商務中心,1樓大廳左側櫃檯及商務中心中間
誠品行旅,菸廠路98號,63000020,25.0445736,121.5614532,旅宿場所,旅館,飯店入口服務中心,飯店入口服務中心旁
沃田有限公司,中山北路7段127號,63000110,25.122814,121.531848,旅宿場所,旅館,1樓櫃檯,放置於1樓櫃檯，如需使用請洽櫃檯人員
禮客Outlet內湖二館,民善街215號1F,63000100,25.064639,121.574767,大型購物場所,商場,禮客內湖二館服務台前,禮客內湖二館服務台前
臺北市政府警察局刑事警察大隊,重慶北路二段219號,63000060,25.06095826,121.5137266,公眾服務單位設施,警察分局,1樓值班台及3樓特勤中隊值班台入口,3樓特勤中隊值班台入口
臺北市政府警察局大同分局寧夏路派出所,錦西街200號,63000060,25.05222458,121.5117383,公眾服務單位設施,派出所,一樓值勤臺右斜前方,一樓寧夏路派出所值勤臺右斜前方(大門入口的左側)
臺北市政府警察局中正第二分局廈門街派出所,廈門街43號,63000050,25.025864,121.517685,公眾服務單位設施,派出所,值班台旁,派出所值班台旁。
臺北市政府警察局大同分局民生西路派出所,保安街47-1號,63000060,25.059224,121.512054,公眾服務單位設施,派出所,值班台左後方，受理報案區,大同分局民生所AED置放於值班台左後方，受理報案區。
臺北市政府警察局大安分局羅斯福路派出所,羅斯福路4段113巷13號(羅斯福路派出所),63000030,25.011194,121.538127,公眾服務單位設施,派出所,派出所一樓值班台旁,派出所一樓值班台旁
臺北市政府警察局交通警察大隊大安分隊,新生南路1段157巷19號4樓,63000030,25.035039,121.535775,其他,其他場所,值班台旁,4樓值班台旁
臺北市政府警察局中正第一分局仁愛路派出所,仁愛路1段19號,63000050,25.039163,121.522573,公眾服務單位設施,派出所,值班臺旁,派出所內值班臺旁
臺北市政府警察局中正第一分局忠孝東路派出所,忠孝東路二段10號,63000050,25.043674,121.527171,公眾服務單位設施,派出所,大門口旁,面對大門口右手邊
臺北市政府警察局中正第二分局思源街派出所,汀州路三段72號,63000050,25.015134,121.532063,公眾服務單位設施,派出所,值班台右前方,值班台右前方。
臺北市政府警察局中山分局中山二派出所,中山北路二段59巷21號2樓之四,63000040,25.05591667,121.523941,公眾服務單位設施,派出所,本所值班台旁,本所值班台右側
臺北市政府警察局大同分局民族路派出所,重慶北路三段168號,63000060,25.068829,121.51348,公眾服務單位設施,派出所,進門右手邊角落(警報台旁),民族派出所進門右手邊角落(警報台旁)
臺北市政府警察局松山分局中崙派出所,南京東路4段12號,63000010,25.050613,121.552391,公眾服務單位設施,派出所,大門入口右側,派出所大門入口右側
臺北市政府警察局松山分局民有派出所,民權東路3段162號,63000010,25.061853,121.54812,公眾服務單位設施,派出所,民有派所值班台旁,民有派所值班台旁
臺北市政府警察局內湖分局潭美派出所,新明路324號,63000100,25.055359,121.581576,公眾服務單位設施,派出所,辦公室內,開放式辦公處所，24小時皆有人員值班，容易取得使用
臺北市政府警察局中正第一分局忠孝西路派出所,公園路15號,63000050,25.045088,121.517314,公眾服務單位設施,派出所,一樓值勤台旁,忠孝西路派出所值勤台旁
臺北市政府警察局南港分局同德派出所,同德路83號,63000090,25.046109,121.585677,公眾服務單位設施,派出所,1樓辦公室內,同德所內1樓辦公室內
臺北市政府警察局中山分局,中山北路2段1號,63000040,25.05260935,121.5228309,公眾服務單位設施,警察分局,1樓大廳出入口右側,1樓大廳出入口右側
臺北市政府警察局交通警察大隊大同分隊,昌吉街57號5樓之2,63000060,25.066061,121.515106,其他,其他場所,民眾洽公服務區,大同交通分隊民眾洽公服務區右上角落處
臺北市政府警察局大同分局延平派出所,延平北路一段86號,63000060,25.052166,121.511693,公眾服務單位設施,派出所,值班台旁,大同分局延平派出所值班台旁
臺北市政府警察局大同分局建成派出所,承德路1段80號,63000060,25.052725,121.517341,公眾服務單位設施,派出所,值班台右後側,台北市政府警察局大同分局建成派出所
臺北市政府警察局中山分局中山一派出所,中山北路一段110號,63000040,25.050006,121.521431,公眾服務單位設施,派出所,志工服務台左側,派出所
臺北市政府警察局大同分局重慶北路派出所,重慶北路三段320之2號,63000060,25.075351,121.513553,公眾服務單位設施,派出所,值勤臺右側,派出所值勤臺右側
臺北市政府警察局保安警察大隊,延壽街339號,63000010,25.0568,121.559617,公眾服務單位設施,警察分局,2樓大廳入口處(中庭右側),保安大隊大門進入2樓中庭右側
臺北市政府警察局萬華分局青年路派出所,萬大路423巷112號,63000070,25.021913,121.50212,公眾服務單位設施,派出所,1樓值勤臺旁,青年路派出所值勤臺旁
臺北市政府警察局交通警察大隊直屬第三分隊,泉州街40號10樓,63000050,25.024225,121.512129,其他,其他場所,10樓值班台前,泉州綜合行政大樓10樓值班台前
臺北市政府警察局刑事警察大隊,重慶北路二段219號,63000060,25.06095826,121.5137266,公眾服務單位設施,警察分局,1樓入口右邊,1樓入口右邊
臺北市政府警察局中正第二分局泉州街派出所,中華路二段503號,63000050,25.024304,121.512073,公眾服務單位設施,派出所,值班台旁,派出所值班台旁。
臺北市政府警察局交通警察大隊中正第二分隊,泉州街40號8樓,63000050,25.024511,121.512328,其他,其他場所,8樓勤臺旁,臺北市中正區泉州街40號8樓(泉州消防隊樓上)
臺北市政府警察局,延平南路96號1樓,63000050,25.0439422,121.5095664,公眾服務單位設施,警察分局,外事服務中心,進門正對面
臺北市政府警察局中正第二分局南昌路派出所,南昌路1段7號,63000050,25.032327,121.516608,公眾服務單位設施,派出所,值班台後方往二樓樓梯間。,派出所內值班台後方往二樓樓梯間。
臺北市政府警察局中正第一分局博愛路派出所,武昌街一段69號,63000050,25.04421956,121.5099944,公眾服務單位設施,派出所,民眾服務區櫃檯前,臺北市政府警察局中正第一分局博愛路派出所內
臺北市政府警察局交通警察大隊中正第一交通分隊,北平東路1號,63000050,25.047222,121.520938,其他,其他場所,駐地大門外側,中正第一交通分隊駐地大門外側
臺北市政府警察局交通警察大隊中山分隊,長安西路3號3樓,63000040,25.050229,121.521122,公眾服務單位設施,派出所,值班台右側,放置於分隊門口的進門左前方，值班台的右側。
臺北市政府警察局中正第二分局南海路派出所,南海路35號,63000050,25.032041,121.513975,公眾服務單位設施,派出所,值班台旁,派出所值班台旁。
臺北市政府警察局萬華分局莒光派出所,莒光路171號,63000070,25.031112,121.502761,公眾服務單位設施,派出所,一樓大門旁,一樓值勤台及大門旁
臺北市政府警察局萬華分局西園路派出所,東園街17號,63000070,25.028137,121.495632,公眾服務單位設施,派出所,值勤臺後方,值勤臺後方
臺北市政府警察局萬華分局東園街派出所,長泰街130號,63000070,25.022316,121.498205,公眾服務單位設施,派出所,值勤臺旁,派出所一樓值勤臺左側
臺北市政府警察局內湖分局西湖派出所,瑞光路515號,63000100,25.079179,121.569151,公眾服務單位設施,派出所,派出所備勤室,派出所備勤室
臺北市政府警察局內湖分局(本部),民權東路6段101號,63000100,25.069189,121.589565,公眾服務單位設施,警察分局,1樓便民服務臺後面,內湖分局1樓大廳
臺北市政府警察局內湖分局文德派出所,民權東路6段26號,63000100,25.066589,121.578944,公眾服務單位設施,派出所,派出所值班台後方,放置轄境圖旁
臺北市政府警察局萬華分局西門町派出所,康定路22號1樓,63000070,25.045083,121.502865,公眾服務單位設施,派出所,值勤臺旁,進入大門口右邊
臺北市政府警察局萬華分局漢中街機動派出所,漢中街122號,63000070,25.04200914,121.5073268,公眾服務單位設施,派出所,1樓值勤臺旁,1樓值勤臺旁
臺北市政府警察局萬華分局西門町機動所,漢中街45號,63000070,25.04428498,121.5075301,公眾服務單位設施,派出所,1樓值勤臺旁,1樓值勤臺旁
臺北市政府警察局萬華分局龍山派出所,桂林路135號1樓,63000070,25.03858,121.499354,公眾服務單位設施,派出所,一樓值班台旁,一樓值班台旁(面對值班台右手邊)
臺北市政府警察局萬華分局大理街派出所,大理街99號,63000070,25.034403,121.498298,公眾服務單位設施,派出所,大門入口左側,"大門入口左側-臨近萬華商圈,位在西園路大理街口"
臺北市政府警察局中山分局民權一派出所,新生北路二段127之1號,63000040,25.059955,121.527944,公眾服務單位設施,派出所,派出所內，詳洽值班台,派出所內，詳洽值班台
臺北市政府警察局萬華分局華江派出所,環河南路2段196號,63000070,25.034285,121.493218,公眾服務單位設施,派出所,值勤台右側,臺北市政府警察局萬華分局華江派出所值勤台右側
臺北市政府警察局交通警察大隊萬華分隊,環河南路2段102號6樓,63000070,25.036893,121.495492,其他,其他場所,值班台入口前,設置於單位值班台入口前
臺北市政府警察局交通警察大隊,愛國西路26號,63000050,25.035289,121.510978,公眾服務單位設施,警察分局,1樓值勤臺左側門旁,1樓值勤臺左側門旁
臺北市政府警察局萬華分局康定路派出所,和平西路3段112號,63000070,25.035082,121.50051,公眾服務單位設施,派出所,辦公室內,辦公室內
臺北市政府警察局中正第一分局介壽路派出所,公園路54號,63000050,25.039994,121.515535,公眾服務單位設施,派出所,派出所1樓辦公室後方,派出所1樓辦公室後方
臺北市政府警察局大安分局敦化南路派出所,復興南路1段219-1號,63000030,25.040373,121.546911,公眾服務單位設施,派出所,值班臺旁,敦化南路派出所值班臺旁
臺北市政府警察局大安分局,仁愛路3段2號,63000030,25.037872,121.533106,公眾服務單位設施,警察分局,1樓大廳值班臺旁,進大門1樓大廳右側
臺灣警察專科學校,興隆路三段153號,63000080,24.998038,121.561478,學校、大型集會場所,大專院校,樂群樓2樓,樂群樓2樓電梯旁
臺灣警察專科學校,興隆路三段153號,63000080,24.998038,121.561478,學校、大型集會場所,大專院校,游泳池入口處,游泳池
臺灣警察專科學校,興隆路三段153號,63000080,24.998038,121.561478,學校、大型集會場所,大專院校,大禮堂1樓,大禮堂1樓
臺北市政府警察局士林分局後港派出所,福港街151號1樓,63000110,25.08728,121.517957,其他,其他場所,大門右邊,大門進入後右手邊
臺灣警察專科學校,興隆路三段153號,63000080,24.998038,121.561478,學校、大型集會場所,大專院校,民生樓1樓,三民樓1樓
臺北市政府警察局大安分局和平東路派出所,和平東路1段143號,63000030,25.026615,121.530509,公眾服務單位設施,派出所,1樓門口值班臺前,進門左側值班臺前
臺北市政府警察局大安分局臥龍街派出所,臥龍街185號,63000030,25.018001,121.551835,公眾服務單位設施,派出所,大門入口處,大門入口處
臺北市政府警察局婦幼警察隊,信義路5段180號,63000020,25.033095,121.574318,其他,其他場所,1樓大廳右方,"臺北市政府警察局婦幼警察隊
進入1樓大廳右方"
臺北市政府警察局大安分局安和路派出所,信義路四段216號,63000030,25.032995,121.552185,公眾服務單位設施,派出所,一樓值班臺旁,一樓值班臺旁
臺北市政府警察局大安分局瑞安街派出所,瑞安街23巷17號,63000030,25.031193,121.545068,公眾服務單位設施,派出所,值班台旁鏡子前,進大門後左手邊，值班台旁鏡子前。
臺北市政府警察局內湖分局康寧派出所,金湖路83號,63000100,25.081261,121.597549,公眾服務單位設施,派出所,值勤臺後方,值勤臺後方，電梯入口左側
臺北市稅捐稽徵處,北平東路7之2號,63000050,25.046835,121.523005,其他,其他場所,前棟1樓東側走廊,前棟1樓東側走廊
臺北市政府警察局內湖分局康樂派出所,康樂街110巷16弄20號,63000100,25.070427,121.618388,公眾服務單位設施,派出所,一樓值班臺,一樓值班臺
臺北市政府警察局士林分局山仔后派出所,格致路39號,63000110,25.137285,121.546359,公眾服務單位設施,派出所,派出所內值班台旁,山仔后派出所值班台旁
臺北市政府警察局文山第一分局指南派出所,指南路2段177號1樓,63000080,24.987381,121.577867,公眾服務單位設施,派出所,值班台後方,指南派出所值班台後方
臺北市政府警察局北投分局光明派出所,泉源路14號,63000120,25.13737,121.504243,公眾服務單位設施,派出所,大門進入右側,派出所大門
臺北市政府警察局士林分局芝山岩派出所,仰德大道一段16號,63000110,25.101122,121.537886,其他,其他場所,一樓便民服務區內,芝山岩派出所一樓便民服務區內
臺北市政府警察局士林分局天母派出所,中山北路七段192號,63000110,25.125001,121.532966,公眾服務單位設施,派出所,派出所內值勤台旁,天母派出所內值勤台左後側
臺北市政府警察局北投分局奇岩派出所,公館路209巷11號,63000120,25.127651,121.508044,公眾服務單位設施,派出所,1樓值班台旁,奇岩派出所1F值班台旁
臺北市政府警察局北投分局石牌派出所,文林北路296號,63000120,25.109935,121.512507,公眾服務單位設施,派出所,1樓偵詢室旁,石牌派出所1樓偵詢室旁
臺北市政府警察局交通警察大隊士林分隊,福港街151號6樓,63000110,25.08728,121.517957,其他,其他場所,交通分隊辦公室值勤台後方,電梯搭至6樓左側進入本分隊辦公室，正面即為值勤台，AED設於值勤台後方明顯處。
臺北市政府警察局中山分局大直派出所,北安路456號,63000040,25.079511,121.544124,公眾服務單位設施,派出所,大門口旁,進門後值班台右手邊進門，即可看到AED
臺北市政府警察局交通警察大隊文山第二分隊,興隆路2段95巷8號,63000080,25.000021,121.546886,公眾服務單位設施,派出所,1樓辦公室內,1樓辦公室東北側
臺北市政府警察局北投分局公園派出所,紗帽路110號,63000120,25.148752,121.548615,公眾服務單位設施,派出所,門口旁,放置於近門口地帶之角落
臺北市政府警察局文山第二分局景美派出所,景中街2號,63000080,24.992734,121.541107,公眾服務單位設施,派出所,值班臺旁邊,景美派出所值班臺旁
臺北市政府警察局士林分局翠山派出所,中社路一段56號,63000110,25.108126,121.560262,其他,其他場所,值班台左前方,翠山派出所值班台
臺北市政府警察局文山第一分局木柵派出所,木柵路二段202號,63000080,24.988789,121.563546,公眾服務單位設施,派出所,木柵派出所大門旁(由外面對大門，門內右邊),於木柵派出所大門旁(由外面對大門，門內右邊)
臺北市政府警察局文山第二分局萬盛派出所,羅斯福路5段151號,63000080,25.003904,121.538908,公眾服務單位設施,派出所,一樓受理報案區旁,萬盛派出所一樓受理報案區旁
臺北市政府警察局北投分局長安派出所,中央北路1段1號1樓,63000120,25.133282,121.501298,公眾服務單位設施,派出所,入口進門左手邊,長安所入口進門左手邊約5公尺處牆邊
臺北市政府警察局士林分局溪山派出所平等駐在所,平等里平菁街86號,63000110,25.131156,121.576473,其他,其他場所,值勤臺後方,值勤臺後方
臺北市政府警察局北投分局關渡派出所,關渡里大度路3段305號,63000120,25.122997,121.465947,公眾服務單位設施,派出所,值班台右側,面對派出所內值班台右側
臺北市政府警察局士林分局溪山派出所,至善路3段263號,63000110,25.119736,121.584527,其他,其他場所,大門入口右側,士林分局溪山派出所大門入口右側
臺北市政府警察局士林分局永福派出所,仰德大道三段49號,63000110,25.118447,121.552328,公眾服務單位設施,派出所,值班台旁,值班台旁
臺北市政府警察局文山第一分局復興派出所,木柵路一段54號,63000080,24.986769,121.547017,公眾服務單位設施,派出所,受理民眾E化報案區旁,一樓大廳大門旁邊
臺北市政府警察局內湖分局東湖派出所,五分街10號,63000100,25.067469,121.61299,公眾服務單位設施,派出所,進門左側,派出所一進門左側便民服務區
臺北市政府警察局文山第一分局木新派出所,恆光街45號,63000080,24.982404,121.567298,公眾服務單位設施,派出所,一樓為民服務區內,木新派出所一樓為民服務區
臺北市政府警察局文山第二分局興隆派出所,興隆路2段156號,63000080,25.001512,121.551187,公眾服務單位設施,派出所,派出所大門口,在興隆派出所大門口
臺北市政府警察局士林分局文林派出所,文林路235號,63000110,25.090688,121.526763,其他,其他場所,一樓值勤台旁,士林分局一樓文林派出所值勤台旁
臺北市政府警察局交通警察大隊文山一分隊,萬美街1段50號3樓,63000080,25.002266,121.566897,公眾服務單位設施,派出所,辦公室門口,設置辦公室值班台前方
臺北市政府警察局北投分局大屯派出所,中和街534號,63000120,25.145513,121.49335,公眾服務單位設施,派出所,值班台後方,大屯派出所值班台後方
臺北市政府警察局內湖分局港墘派出所,內湖路1段550號,63000100,25.078846,121.576762,公眾服務單位設施,派出所,值勤臺後方,值勤臺後方(飲水機旁、男廁廁所外面)
臺北市政府警察局北投分局竹子湖派出所,竹子湖路16號,63000120,25.167467,121.540207,公眾服務單位設施,派出所,派出所內值班台左側,置於派出所內值班台左側
臺北市政府警察局內湖分局內湖派出所,內湖路二段261號,63000100,25.082075,121.590133,公眾服務單位設施,派出所,便民服務室內,內湖派出所為民服務室
臺北市政府警察局士林分局蘭雅派出所,中山北路6段153號,63000110,25.106571,121.524685,其他,其他場所,大門口右側，民眾服務區後方,"大門口,值班台右側"
臺北市政府警察局士林分局社子派出所,延平北路6段200號,63000110,25.08965604,121.5055377,其他,其他場所,值勤台旁,大門值勤台旁
臺北市政府警察局北投分局永明派出所,石牌路2段101號,63000120,25.117934,121.516949,公眾服務單位設施,派出所,值勤臺旁,值勤臺旁
臺北市私立新民高級中學,汀州路2段143號,63000050,25.025111,121.520172,學校、大型集會場所,高中職,守衛室,守衛室
外貿協會台北國際會議中心,信義路5段1號,63000020,25.03369,121.561022,大型休閒場所,演藝廳,2樓,北走廊休息區
北都汽車股份有限公司(文山所廠),羅斯福路六段92巷2號B1,63000080,24.998245,121.540099,其他,其他場所,一樓辦公室左側,文山保養廠一樓辦公室左側
外貿協會台北國際會議中心,信義路5段1號,63000020,25.03369,121.561022,大型休閒場所,演藝廳,3樓,北走廊宴會廳旁
國家表演藝術中心國家兩廳院(國家音樂廳),中山南路21-1號,63000050,25.037355,121.519244,大型休閒場所,電影片映演場所(戲院、電影院),音樂廳1樓,4號門服務台側
外貿協會台北國際會議中心,信義路5段1號,63000020,25.03369,121.561022,大型休閒場所,演藝廳,4樓,南走廊貴賓廳旁
北都汽車股份有限公司-信義廠,基隆路二段149-36號,63000020,25.02652,121.555235,其他,其他場所,客休室助理背後,位於客戶休息室，結帳櫃台助理人員背後之強壁上
臺北市立萬華國民中學,西藏路201號,63000070,25.029107,121.498835,其他,其他場所,敦品樓一樓,敦品樓一樓電梯旁
國都汽車LEXUS士林所廠,中正路350號,63000110,25.09457403,121.5215294,其他,其他場所,服務廠客休室,服務廠客休室
北都汽車股份有限公司-東湖廠,潭美街791號,63000100,25.063786,121.610599,其他,其他場所,工廠內客戶休息室,客戶休息室
國家表演藝術中心國家兩廳院(國家音樂廳),中山南路21-1號,63000050,25.037355,121.519244,大型休閒場所,電影片映演場所(戲院、電影院),音樂廳一號門售票口,音樂廳一號門售票口
英業達股份有限公司D棟,承德路四段166號,63000110,25.085741,121.523071,其他,其他場所,公司D棟大廳,D棟大廳櫃台旁
STEPX FITNESS,南京東路二段八號B1,63000040,25.05188954,121.5283693,學校、大型集會場所,健身房,健身房內,健身房入口左側，櫃台旁
漢杰健康事業股份有限公司(HowHowGym好好健身),光復南路180巷6號2樓,63000030,25.042523,121.557303,學校、大型集會場所,健身房,飲水機上方,飲水機上方
體育客團體教室,富陽街90號1樓,63000020,25.02116541,121.5564462,其他,其他場所,本院大廳,一樓大廳
耐森健身工作室,三合街二段435號1樓,63000120,25.1265032,121.5024596,學校、大型集會場所,健身房,大廳,三合街二段435號1樓
香港商世界健身事業有限公司台北通化分公司,臨江街87號2樓,63000030,25.0302378,121.5550116,學校、大型集會場所,健身房,2樓大廳,香港商世界健身事業有限公司台北通化分公司2樓大廳
香港商世界健身事業有限公司內湖分公司,康寧路3段72號6樓,63000100,25.070238,121.611276,學校、大型集會場所,健身房,8F教練部重訓區,8F教練部重訓區
臺北市士林區士東國民小學,中山北路六段392號,63000110,25.112934,121.526814,其他,其他場所,士東國小附設幼兒園內,幼兒園內茉莉班教室正前方
臺北市政府警察局文山第一分局萬芳派出所,萬美街1段50號,63000080,25.002266,121.566897,公眾服務單位設施,派出所,大門入口左側,派出所值班台前，門口左側
臺北市政府警察局,延平南路96號1樓,63000050,25.0439422,121.5095664,公眾服務單位設施,警察分局,本局大廳,入口處右手邊
臺北市政府警察局內湖分局大湖派出所,成功路五段1號,63000100,25.084248,121.601403,公眾服務單位設施,派出所,大湖所值班台左側,大湖所1樓辦公室內值班台左側
臺北市政府警察局大安分局新生南路派出所,仁愛路3段18號,63000030,25.037815,121.534012,公眾服務單位設施,派出所,1樓大門出入口旁,進入本所大門右側
臺北市政府警察局交通警察大隊內湖分隊,五分街8號六樓,63000100,25.067475,121.612902,其他,其他場所,值班台正後方,值班台正後方
內政部移民署台北市服務站,廣州街15號,63000050,25.036052,121.507998,其他,其他場所,一樓大廳服務台旁邊,一樓服務台旁邊
內政部國土管理署,八德路二段342號,63000010,25.04757307,121.5444254,其他,其他場所,一樓大門口,一樓大門口旁
臺北市松山區民生國民小學,敦化北路199巷18號,63000010,25.056463,121.552226,其他,其他場所,本校正門進入左側警衛室外,本校正門進入左側
臺北市國語實驗國民小學,南海路58號,63000050,25.0304771,121.5108887,其他,其他場所,健康中心走廊,警衛室窗口
中國文化大學推廣教育部 忠孝館,忠孝東路1段41號1樓,63000050,25.044512,121.525817,學校、大型集會場所,大專院校,忠孝分部國際語言中心一樓服務櫃台旁,ILI國際語言中心一樓服務櫃台旁
香港商世界健身事業有限公司台北松隆分公司,松隆路125號,63000020,25.046793,121.571808,學校、大型集會場所,健身房,香港商世界健身事業有限公司台北松隆分公司,B1教練櫃檯前方
中國石油化學工業開發股份有限公司臺北營業所,東興路12號(臺北營業所),63000010,25.0496968,121.5650519,其他,其他場所,本棟大樓10樓,電梯口
Marriott Taipei 台北萬豪酒店,樂群二路199號,63000040,25.08048916,121.5589431,旅宿場所,飯店,一樓FO櫃檯辦公室,FO辦公室入口
Marriott Taipei 台北萬豪酒店,樂群二路199號,63000040,25.08048916,121.5589431,旅宿場所,飯店,一樓安全部,一樓安全部辦公室外員工出入口
台北市中華基督教青年會永吉會館,永吉路500號,63000020,25.045231,121.579912,其他,其他場所,一樓櫃台右側,一樓入口右側，櫃台旁邊的牆面上
臺北流行音樂中心,市民大道八段99號,63000090,25.052319,121.59861,大型休閒場所,演藝廳,表演廳1樓前廳,表演廳1F前廳
榕錦時光生活園區-遊客服務中心,金華街167號,63000030,25.0304773,121.5256839,觀光旅遊地區,文化園區,台北市大安區金華街167號,AED放置位於榕錦時光生活園區-服務中心
德立莊酒店,秀山街4號,63000050,25.042787,121.509309,旅宿場所,旅館,一樓大廳,一樓大廳
Marriott Taipei 台北萬豪酒店,樂群二路199號,63000040,25.08048916,121.5589431,旅宿場所,飯店,萬豪酒店19F健身房大門旁,萬豪酒店19F健身房大門旁
臺北市立蘭州國民中學,大龍街187巷1號,63000060,25.069322,121.516736,其他,其他場所,本校大門口穿堂,本校大門口穿堂
成德國中運動中心-舞動陽光,東新街108巷23號,63000090,25.045059,121.587751,學校、大型集會場所,健身中心,1樓大廳,1樓大廳
內政部警政署保安警察第六總隊第二大隊第三中隊,自祥街36號,63000110,25.096268,121.534825,其他,其他場所,保六二大三中備勤室,台北市士林區自祥街36號
Dr.Nail足研所,南京東路五段108號6樓,63000010,25.051215,121.562072,其他,其他場所,大門進入後的右前方,Dr.Nail足研所大門進入後的右前方為AED放置位子
臺北南港展覽館2館,經貿二路2號,63000090,25.056239,121.615618,其他,其他場所,展覽館4樓,4樓R區
中興保全股份有限公司(1樓接待大廳),鄭州路139號,63000060,25.050491,121.510105,其他,其他場所,大廳入口左側,大廳入口左側
國家表演藝術中心國家兩廳院(國家戲劇院),中山南路21-1號,63000050,25.037355,121.519244,大型休閒場所,電影片映演場所(戲院、電影院),戲劇院大廳,戲劇院靠四號門大廳
果毅健身有限公司（O.M Fit 運動空間),林森北路147號2樓,63000040,25.050904,121.523097,學校、大型集會場所,健身房,健身運動教室,健身運動教室
香港商世界健身事業有限公司內湖民權分公司,民權東路六段180巷6號B2,63000100,25.068201,121.592457,學校、大型集會場所,健身房,櫃檯前方,櫃檯前方
臺北流行音樂中心,市民大道八段99號,63000090,25.052319,121.59861,大型休閒場所,演藝廳,表演廳1樓後場,表演廳1樓後場通道，近警衛室
臺北市文山區萬和里辦公處,汀洲路4段251號1樓,63000080,25.002948,121.535594,其他,其他場所,關懷據點內,關懷據點內右側牆壁上
臺北市金龍發展中心,金龍路136-1號,63000100,25.085765,121.590059,其他,其他場所,本棟2樓,從大門進入後(有門禁)，走樓梯至2樓左邊門(有門禁)，進入之後右邊牆上
臺灣菸酒股份有限公司,南昌路1段四號,63000050,25.03407,121.514877,其他,其他場所,法務處門口右側,臺灣菸酒股份有限公司法務處門口右側
碧湖公園,內湖路2段175號,63000100,25.082751,121.582899,其他,其他場所,管理室(小白宮),管理室1樓，駐警室旁
南港公園,東新街170之1號,63000090,25.045919,121.591476,其他,其他場所,南港公園駐警室內,進駐警室大門左側牆上
前山公園男公共浴室,建國街7-1號,63000120,25.150242,121.548548,大型公眾浴場或溫泉區,大型公眾浴場,管理室內,前山公園男公共浴室管理室
社子公園,永平街20巷37弄對面,63000110,25.090899,121.506612,其他,其他場所,社子公園圖書讀書閱覽室,社子公園圖書讀書閱覽室
台北遠東香格里拉/Shangri-La Far Eastern Taipei (鼎鼎大飯店股份有限公司),敦化南路二段201號,63000030,25.026612,121.549282,旅宿場所,飯店,6樓健身中心,位於台北市敦化南路2段6樓健身中心入口C區置物櫃旁
微風置地股份有限公司信義分公司,忠孝東路五段68號3F,63000020,25.041035,121.567002,大型購物場所,百貨業,3F服務台旁,"AED放置於3F服務台旁 , 近Chloe Chen專櫃旁"
台灣虎航股份有限公司,敦化北路405巷123弄3號,63000010,25.06304,121.557636,長距離交通工具,航空器,"B-50008航機, 第13排 DEF行李艙",台灣虎航股份有限公司B-50008航機
國立臺北護理健康大學(城區部),內江街89號,63000070,25.041755,121.503359,學校、大型集會場所,大專院校,學生活動中心外,學生活動中心與男生宿舍一樓外
中國科技大學臺北校區,興隆路3段56號,63000080,24.997535,121.554239,學校、大型集會場所,大專院校,格致樓3樓,格致樓3樓
微風置地股份有限公司信義分公司,忠孝東路五段68號3F,63000020,25.041035,121.567002,大型購物場所,百貨業,45樓電梯出口右手邊,45樓電梯出口右手邊與墨爾頓牛排館中間通道內
信義就業服務站,福德街86號8樓,63000020,25.03772618,121.5819729,其他,其他場所,台北市信義區福德街86號8樓,諮商室(2)門口
交通部航港局,和平東路3段1巷1號,63000030,25.025368,121.547303,其他,其他場所,一樓大廳,一樓大廳(可洽保全)
國立臺灣師範大學圖書館校區(和平東路1段129號) ,和平東路1段129號,63000030,25.026732,121.528263,學校、大型集會場所,大專院校,圖書館校區教育學院一樓大廳左側,教育學院一樓大廳左側
台灣虎航股份有限公司,敦化北路405巷123弄3號,63000010,25.06304,121.557636,長距離交通工具,航空器,"B-50011航機, 第13排 DEF行李艙",台灣虎航股份有限公司B-50011航機
台灣虎航股份有限公司,敦化北路405巷123弄3號,63000010,25.06304,121.557636,長距離交通工具,航空器,"B-50017航機, 第13排 DEF行李艙",台灣虎航股份有限公司B-50017航機
中國科技大學臺北校區,興隆路3段56號,63000080,24.997535,121.554239,學校、大型集會場所,大專院校,自強樓1樓,自強樓1樓電梯旁
臺北市立圖書館城中分館,濟南路2段46號3樓,63000050,25.0402103,121.530953,大型休閒場所,圖書館,3樓流通櫃台前,3樓流通櫃台前
微風置地股份有限公司南京分公司,南京東路三段337號,63000010,25.052006,121.548289,大型購物場所,百貨業,3F贈獎處旁,3F贈獎處旁，男女廁及殘障廁所前
臺北市立格致國民中學,仰德大道四段75號健康中心,63000110,25.13085,121.546354,其他,其他場所,格致國中健康中心外走廊牆上,校門進入至停車場到川堂左轉至健康中心走廊掛於牆壁上
財團法人臺灣敦睦聯誼會所屬作業組織圓山大飯店,中山北路4段1巷1號,63000040,25.078611,121.526287,旅宿場所,旅館,B1西側3.4號電梯右手邊,B1西側3.4號電梯右手邊
臺灣警察專科學校,興隆路三段153號,63000080,24.998038,121.561478,學校、大型集會場所,大專院校,莊敬樓1樓,莊敬樓1樓
海軍司令部醫務所,北安路305號,63000040,25.0809269,121.5380262,特殊機構,軍營,本所出入口,大直營區/天价樓/海軍司令部醫務所
臺灣警察專科學校,興隆路三段153號,63000080,24.998038,121.561478,學校、大型集會場所,大專院校,後操場司令台,後操場司令台內
臺北市松山區新東里辦公處,延壽街3號,63000010,25.057429,121.568992,其他,其他場所,里辦公處大門口左側,大門口左側
臺灣警察專科學校,興隆路三段153號,63000080,24.998038,121.561478,學校、大型集會場所,大專院校,民族樓3樓,民族樓3樓
臺灣警察專科學校,興隆路三段153號,63000080,24.998038,121.561478,學校、大型集會場所,大專院校,樹人樓1樓,樹人樓1樓
臺灣警察專科學校,興隆路三段153號,63000080,24.998038,121.561478,學校、大型集會場所,大專院校,中興樓1樓,中興樓1樓
臺北市立聯合醫院昆明大樓,昆明街100號,63000070,25.0443436,121.5047367,其他,其他場所,昆明大樓一樓大廳,一樓大廳批價櫃檯右側
MAJI MAJI集食行樂,玉門街1號,63000040,25.070457,121.520461,大型購物場所,商場,服務台前,服務台前
香港商世界健身事業有限公司台北民權東分公司,民權東路三段72號地下1樓,63000040,25.062119,121.543117,學校、大型集會場所,健身房,健身中心B1樓,客服櫃台旁走道。
香港商世界健身事業有限公司天母德行分公司,德行東路331巷35號,63000110,25.111802,121.537904,學校、大型集會場所,健身房,健身中心一樓,一樓手扶梯旁
Curves女性專用30分鐘健身中心松山店,八德路四段666號4樓,63000010,25.04988,121.576095,學校、大型集會場所,健身房,櫃台旁置物櫃,櫃台旁置物櫃
故宮晶華股份有限公司,至善路二段221號,63000110,25.101359,121.547821,其他,其他場所,故宮晶華1F大廳,1F大廳客用電梯旁
臺灣菸酒股份有限公司台北啤酒工場,八德路二段85號,63000040,25.047119,121.534198,觀光旅遊地區,文化園區,打卡室內,位於台北啤酒工場大門口警衛室旁打卡室內
維康生活股份有限公司,忠孝東路5段970號B1,63000090,25.044263,121.582314,學校、大型集會場所,健身房,門口左邊,大門口一進來左邊牆壁上
臺北市立百齡高級中學,承德路四段177號,63000110,25.08699,121.523062,學校、大型集會場所,高中職,活動中心2樓樓梯口右側,活動中心2樓樓梯口右側
臺灣集中保管結算所股份有限公司,復興北路363號2樓,63000010,25.060561,121.544388,其他,其他場所,台北市松山區復興北路363號11樓,"台北市松山區復興北路363號11樓
接待大廳"
Curves 女性30分鐘環狀運動 大安店,信義路三段192號2樓,63000030,25.0331889,121.5430092,學校、大型集會場所,健身房,大門左側,大門入口左側
臺灣集中保管結算所股份有限公司,復興北路363號2樓,63000010,25.060561,121.544388,其他,其他場所,台北市松山區復興北路363號3樓,"台北市松山區復興北路363號3樓
金業部-事務處理間"
臺灣集中保管結算所股份有限公司,復興北路363號2樓,63000010,25.060561,121.544388,其他,其他場所,台北市松山區復興北路363號9樓,台北市松山區復興北路363號9樓
臺灣集中保管結算所股份有限公司,復興北路363號2樓,63000010,25.060561,121.544388,其他,其他場所,台北市松山區復興北路363號7樓,台北市松山區復興北路363號7樓-股務部門口
臺北市私立再興小學,興隆路四段2號,63000080,24.990051,121.559309,其他,其他場所,1樓學務處穿堂,再興小學學務處1樓穿堂
香港商世界健身事業有限公司內湖港墘分公司,港墘路221巷33號2-4樓,63000100,25.0738669,121.5747656,學校、大型集會場所,健身房,3樓客服櫃台旁,香港商世界健身事業有限公司內湖港墘分公司(114台北市內湖區港墘路221巷33號2-4樓)
裕融企業股份有限公司,敦化南路二段2號13樓,63000030,25.033037,121.54904,其他,其他場所,13樓電梯出口左手處,裕融企業辦公室入口處，於13樓電梯左手處
統一健身俱樂部-市民館,重慶北路一段1-1號1樓,63000060,25.0494881,121.5139496,學校、大型集會場所,健身房,一樓櫃台旁,"統一健身俱樂部 市民館
台北市大同區重慶北路一段1-1號1樓"
臺灣集中保管結算所股份有限公司,復興北路363號2樓,63000010,25.060561,121.544388,其他,其他場所,台北市松山區復興北路363號10樓,"台北市松山區復興北路363號10樓
資訊規劃部門口"
臺北市私立開平餐飲職業學校,復興南路二段148巷24號,63000030,25.028796,121.542081,學校、大型集會場所,高中職,校本部1樓,1樓中庭後勤處辦公室外
臺北市立復興高級中學,復興四路70號,63000120,25.143591,121.5018,學校、大型集會場所,高中職,藝術大樓一樓,藝術組外
臺北市立復興高級中學,復興四路70號,63000120,25.143591,121.5018,學校、大型集會場所,高中職,篤行1樓男側外,福利社後方篤行樓
臺北市南港區舊莊國民小學,舊莊街一段100號,63000090,25.040245,121.619539,其他,其他場所,健康中心,健康中心入口左側
臺北市立復興高級中學,復興四路70號,63000120,25.143591,121.5018,學校、大型集會場所,高中職,復興大川堂,復興大樓1樓穿堂
欣葉國際餐飲股份有限公司新中山門市部,南京西路62號4樓,63000060,25.05275198,121.519042,其他,其他場所,臺北市大同區南京西路62號4樓,手扶梯上樓面對櫃台，於右手邊柱子
義華酒店,樂群二路197號,63000040,25.0805494,121.5596698,旅宿場所,旅館,2F義華俱樂部,義華俱樂部櫃台
臺北市建成地政事務所,和平西路3段120號7-9樓,63000070,25.035002,121.499888,其他,其他場所,8樓民眾服務區,洽公民眾能立即發現擺放位置
香港商世界健身事業有限公司台北寧夏分公司,寧夏路11號地下1樓,63000060,25.05471528,121.5150037,學校、大型集會場所,健身房,B1心肺區,B1心肺區通往B2樓梯口
梅庭,中山路6號,63000120,25.136932,121.508762,其他,其他場所,梅庭,展館內1樓客廳展區
臺北市大安地政事務所,信義路4段335巷6號,63000030,25.033834,121.556434,其他,其他場所,1樓大廳,1樓民眾洽公處(13號及14號櫃台對面)
台灣高速鐵路(股)公司-南港車站,南港路一段313號,63000090,25.053189,121.607064,交通要衝,高鐵站,台灣高速鐵路(股)公司-南港車站,B1南下1月台站務室B側，7車處柱面
台灣高速鐵路(股)公司-南港車站,南港路一段313號,63000090,25.053189,121.607064,交通要衝,高鐵站,台灣高速鐵路(股)公司-南港車站,B1南下2月台站務室B側，7車處柱面
台灣高速鐵路(股)公司-南港車站,南港路一段313號,63000090,25.053189,121.607064,交通要衝,高鐵站,台灣高速鐵路(股)公司-南港車站,B1南下3月台站務室A側，7車處柱面
台灣高速鐵路(股)公司-南港車站,南港路一段313號,63000090,25.053189,121.607064,交通要衝,高鐵站,台灣高速鐵路(股)公司-南港車站,B2付費區進出站閘門
Force Fitness 小巨蛋,八德路三段120號2樓,63000010,25.0480485,121.5540851,大型休閒場所,運動場館(如小巨蛋),台北市松山區八德路三段120號2樓,飲水幾旁
臺北市信義區興雅國民小學,基隆路一段83巷9號,63000020,25.046751,121.570022,學校、大型集會場所,國小,臺北市信義區興雅國民小學,臨近操場的廁所旁邊
好市多股份有限公司北投分公司,立德路117號,63000120,25.126936,121.471839,大型購物場所,賣場,賣場B1,賣場B1 國泰ATM旁
臺北市信義區博愛國民小學,松仁路95巷20號(博愛國小),63000020,25.036184,121.570456,其他,其他場所,1F前穿堂,校舍前棟1樓穿堂
臺北市松山地政事務所,莊敬路391巷11弄2號,63000020,25.028846,121.566153,其他,其他場所,一樓大廳,一樓大廳樓梯口旁邊
誠品生活股份有限公司南西店,南京西路14號,63000040,25.052254,121.520509,大型購物場所,商場,4F,4F顧客服務中心旁邊
誠品生活股份有限公司南西店,南京西路14號,63000040,25.052254,121.520509,大型購物場所,商場,1F,1F-靠長安西路19巷2弄側們梯廳內
臺北市大安區仁愛國民小學,安和路1段60號,63000030,25.035773,121.55235,其他,其他場所,進穿堂左邊佈告欄旁,進穿堂左邊佈告欄旁
國立臺北科技大學,忠孝東路3 段1號,63000030,25.04246,121.53565,學校、大型集會場所,大專院校,學生活動中心,學生活動中心B1入口
內政部國家公園署陽明山國家公園管理處行政中心,竹子湖路1-20號(行政中心),63000120,25.155667,121.54769,觀光旅遊地區,國家公園,大門進入後右側,置於行政中心1樓接待大廳，方便拿取
臺北市信義區福德國民小學,福德街253號,63000020,25.038899,121.586503,其他,其他場所,福德國小校門口川堂,校門口川堂
臺北市中山區濱江國民小學,樂群二路266巷99號,63000040,25.078001,121.561637,其他,其他場所,1樓聯合辦公室(靠近總務處)入口處,1樓聯合辦公室(靠近總務處)入口處
國立臺北護理健康大學水療中心(展昭國際企業(股)公司),明德路365號(水療中心),63000120,25.117796,121.518053,學校、大型集會場所,大專院校,水療中心,大池游泳池右側
臺北市中正區永功里民活動場所,汀州路1段324號,63000050,25.026566,121.512237,其他,其他場所,永功里民活動場所入口飲水機旁,臺北市中正區汀州路1段324號
臺北市私立開平餐飲職業學校(主廚之家),復興南路2段148巷15號,63000030,25.028543,121.542372,學校、大型集會場所,高中職,主廚之家1樓,主廚之家中走廊1樓
社團法人愛福家協會附設私立愛活樂園社區長照機構,羅斯福路2段5號2樓,63000050,25.029217,121.521134,其他,其他場所,中正多元照顧中心,中心大門入口處
BELLAVITA 寶麗廣場,松仁路28號,63000020,25.039668,121.567733,大型購物場所,百貨業,B1F客服中心,客服中心接待櫃台旁
城市商旅股份有限公司昆明分公司,昆明街46號,63000070,25.046776,121.505801,旅宿場所,旅館,大廳入口詢問處旁,大廳入口詢問處旁邊
南港國小運動中心(緯創運動行銷公司),惠民街67號,63000090,25.057163,121.610384,學校、大型集會場所,健身中心,活動中心,活動中心服務中心外
臺北市大安老人服務暨日間照顧中心,四維路76巷12號,63000030,25.034215,121.547473,其他,其他場所,5樓交誼廳,5樓交誼廳
香港商世界健身事業有限公司台北木柵分公司,木柵路三段96號B1、B2,63000080,24.9885015,121.5672288,學校、大型集會場所,健身房,B1教練櫃台旁,B1教練櫃台旁
臺北市立福安國民中學,延平北路七段250號,63000110,25.102855,121.488071,學校、大型集會場所,國中,健康中心外走廊,健康中心外走廊
勞動部,松江路207號,63000040,25.05716156,121.5333292,其他,其他場所,1樓大廳服務台旁,1樓大廳服務台旁
佳齡診所,台北市大安區敦化南路一段205號B1,63000030,25.0399743,121.5486089,學校、大型集會場所,健身房,佳齡診所附設加力運醫,台北市大安區敦化南路一段2191號地下：地下1至8、地下之73、地下之84至85(佳齡診所附設加力運醫壺鈴區)
麗舍整形外科診所,基隆路二段172-1號6樓,63000030,25.02618,121.5541741,其他,其他場所,本院恢復室,恢復室
城市學校財團法人臺北城市科技大學,學園路2號,63000120,25.133617,121.468879,學校、大型集會場所,大專院校,愛園大樓2樓宿舍旁,愛園大樓2樓宿舍旁
中國文化大學 大恩館,華岡路55號,63000110,25.136543,121.538749,學校、大型集會場所,大專院校,大慈館 (女生宿舍),中國文化大學校本部大慈館(女生宿舍)1樓，進入大廳後右轉再左轉，AED位於左側。
士林203號公園,中山北路五段378巷26號,63000110,25.090522,121.530027,其他,其他場所,陽明山公園管理所,陽明山公園管理所
新生公園(閱覽室),新生北路3段105號,63000040,25.068582,121.529609,其他,其他場所,新生公園圓山所辦公室1樓,新生公園圓山所辦公室1樓閱覽室門口
B.P.Y220,忠孝東路四段220號10樓,63000030,25.041149,121.553232,學校、大型集會場所,健身房,場館大廳,"場館大廳進入後右轉即可看見
置掛於牆上"
中國文化大學 大恩館,華岡路55號,63000110,25.136543,121.538749,學校、大型集會場所,大專院校,大倫館 (男生宿舍),中國文化大學校本部大倫館(男生宿舍)1樓，舍監辦公室前。
臺北市政府工務局公園路燈工程管理處花卉試驗中心,仰德大道四段175巷32號,63000110,25.134983,121.54381,其他,其他場所,綠化教室,綠化教室
士林官邸公園,福林路60-1號,63000110,25.09458725,121.530248,觀光旅遊地區,地方政府主管風景區,駐衛警室,士林官邸入口旁駐衛警室
衛生福利部國民健康署台北辦公室,塔城街36號,63000060,25.051644,121.510316,其他,其他場所,1樓梯廳北側,衛生福利部國民健康署台北辦公室-台北市大同區塔城街36號1樓梯廳北側
臺北市南港運動中心,玉成街69號,63000090,25.048938,121.58184,學校、大型集會場所,健身中心,3樓籃球場,西側樓梯、室內消防栓旁
潤泰旭展股份有限公司(CITYLINK南港店),忠孝東路七段369號,63000090,25.05267019,121.6072083,大型購物場所,商場,B棟3樓服務台旁,B棟3樓服務台旁
臺北市中正區東門國民小學,仁愛路一段2-4號,63000050,25.038642,121.520876,其他,其他場所,前門川堂,前門川堂的右側牆壁上
萬海航運股份有限公司(松江辦公室),松江路136號9樓,63000040,25.053026,121.532776,其他,其他場所,10F大門左側,"位於10樓門口 , 供同仁及民眾使用"
萬海航運股份有限公司(內湖辦公室),新湖一路361號,63000100,25.06365669,121.5843356,其他,其他場所,新湖一路361號1F 大廳 Logo 旁,新湖一路361號1F 大廳 Logo 旁
萬華靜思堂,莒光路222號,63000070,25.031333,121.500265,其他,其他場所,大廳,大門進去電梯旁邊
臺北市內湖區內湖國民小學,內湖路2段41號,63000100,25.079126,121.580239,學校、大型集會場所,國小,一樓北側門警衛室旁,一樓北側門警衛室旁
森蒲有限公司（Energym),南京東路五段123巷1弄4號1F,63000010,25.051912,121.560518,學校、大型集會場所,健身房,店裡室內,店裡室內靠近擺放物品處
臺北市立中正國民中學,愛國東路158號,63000050,25.032339,121.522007,學校、大型集會場所,大專院校,大門口,進校門上階梯右側
50+健身薈,南京東路一段138號4樓,63000040,25.051807,121.5273834,學校、大型集會場所,健身房,門口櫃台左側,放置於櫃檯旁邊之AED專用櫃中
臺北市立永春高級中學,松山路654號,63000020,25.032801,121.578562,學校、大型集會場所,高中職,行政大樓1樓穿堂,行政大樓1樓穿堂
京庚健康世界股份有限公司101分公司,市府路45號6樓之2,63000020,25.033493,121.564101,學校、大型集會場所,健身房,6F教練櫃台右前方,京庚健康世界股份有限公司101分公司(11001 台北市信義區市府路45號6樓)
高絲旅股份有限公司漢口館,漢口街二段54號,63000070,25.045673,121.505792,其他,其他場所,台北市萬華區漢口街二段54號,諮詢台和總經理室旁邊
臺北市政府公務人員訓練處,萬美街2段21巷20號,63000080,25.004577,121.56104,其他,其他場所,B區-體育館,B區-體育館
臺北市文山老人服務暨日間照顧中心,興隆路2段88號1樓之3,63000080,25.00027763,121.5488165,其他,其他場所,中心內大廳,位於進門內中心大廳
好時光女生運動樂園(古亭樂園),南昌路二段53號1樓,63000050,25.0363,121.555713,學校、大型集會場所,健身房,櫃檯旁邊,放置於置物櫃上
奎山學校財團法人臺北市奎山實驗高級中等學校,明德路200號,63000120,25.111304,121.521025,學校、大型集會場所,高中職,健康中心,臺北市奎山實驗高級中等學校健康中心
臺北市士林區劍潭國民小學,通河街16號,63000110,25.079924,121.522887,其他,其他場所,川堂,川堂
臺北市立新興國民中學,林森北路511號,63000040,25.062062,121.526717,學校、大型集會場所,國中,臺北市立新興國民中學健康中心外走廊,臺北市立新興國民中學健康中心外走廊
臺北市文山區溪口國民小學,景福街225號,63000080,24.99413,121.538757,其他,其他場所,健康中心走廊,勤學樓一樓健康中心走廊
臺北市博嘉實驗國民小學,木柵路4段159巷14-1號,63000080,25.001764,121.57582,其他,其他場所,校門口警衛室內,校門口警衛室內於門口旁
臺北市中正區忠孝國民小學,忠孝東路二段101號,63000050,25.042927,121.531533,其他,其他場所,忠孝國小,2樓健康中心外牆
臺北市大同區永樂國民小學,延平北路二段266號,63000060,25.061297,121.511085,學校、大型集會場所,國小,一樓健康中心門口(靠近體育器材室),操場旁邊(感恩樓)，一樓健康中心前門右側，靠近體育器材室。
臺北市大同區蓬萊國民小學,寧夏路35號,63000060,25.056387,121.51571,其他,其他場所,臺北市大同區蓬萊國民小學太原門穿堂,太原門穿堂
臺北市濱江實驗國民中學,樂群二路262號,63000040,25.07955,121.56075,學校、大型集會場所,國中,文樓協和廣場,自動販賣機旁
臺北市士林區士林國民小學,大東路165號,63000110,25.095049,121.524608,其他,其他場所,士林國小健康中心,士林國小北棟健康中心
臺北市萬華區福星國民小學,中華路一段66號,63000070,25.046784,121.507931,其他,其他場所,健康中心,健康中心
麥克王運動訓練有公司,江南街65巷6號1樓,63000100,25.077287,121.578194,學校、大型集會場所,健身房,店內一樓,進門右前方
國立臺北護理健康大學,明德路365號,63000120,25.117539,121.520679,學校、大型集會場所,大專院校,學生餐廳一樓外,學生餐廳一樓外
臺北市南海發展中心,延平南路207號1、2樓,63000050,25.032802,121.507474,其他,其他場所,2樓交誼廳,AED機器放置於2樓交誼廳明顯處
臺北市立永春高級中學,松山路654號,63000020,25.032801,121.578562,學校、大型集會場所,高中職,活動中心1樓,永春高中活動中心1樓2號門
榕錦時光生活園區-遊客服務中心,金華街167號,63000030,25.0304773,121.5256839,觀光旅遊地區,文化園區,幸福逸居辦公室,AED放置於榕錦時光園區-幸福逸居辦公室內
華山1914文化創意產業園區,八德路一段一號,63000050,25.04413,121.529399,觀光旅遊地區,文化園區,遊客服務中心,遊客服務中心
臺北市立景興國民中學,景興路46巷2號,63000080,24.996187,121.544225,學校、大型集會場所,國中,體育組後門,操場附近
臺灣士林地方法院民事庭,民權東路六段91號,63000100,25.068942,121.590903,學校、大型集會場所,法院,1F法警室外面,民事庭大樓1F法警室外面
永豐餘消費品實業股份有限公司(臺北市),重慶南路二段51號(16F),63000050,25.035013,121.510282,其他,其他場所,台北市中正區重慶南路二段51號17F,永豐餘信誼大樓17F
信義就業服務站,福德街86號8樓,63000020,25.03772618,121.5819729,其他,其他場所,信義就業服務站,門口進入後左手邊職業訓練課程資訊上方
華山1914文化創意產業園區,八德路一段一號,63000050,25.04413,121.529399,觀光旅遊地區,文化園區,中4-2樓文化部小客廳外公共區,中4-2樓文化部小客廳外公共區 紅館前公共區
臺北市立北投國民中學,溫泉路62號,63000120,25.134939,121.50461,其他,其他場所,非營利幼兒園一樓,操場非營利幼兒園一樓
臺北市萬華龍山老人服務中心,梧州街36號3樓,63000070,25.037357,121.497388,其他,其他場所,中庭角落,放置於三樓中庭角落
臺北市南港區胡適國民小學,舊莊街1段一號,63000090,25.042389,121.617235,其他,其他場所,聯合辦公室外牆面上,"學生活動中心1樓,聯合辦公室外牆面上"
景美就業服務站,羅斯福路6段393號2樓,63000080,24.992148,121.54074,其他,其他場所,景美就業服務站,民眾電腦查詢區旁
臺北市鄉土教育中心,廣州街101號,63000070,25.036655,121.503279,其他,其他場所,服務台,鄉土教育中心服務台
全球人壽保險股份有限公司,市民大道六段288號4樓,63000020,25.049366,121.579005,其他,其他場所,4樓大廳,4樓大廳
臺北市中山區長安國民小學,吉林路15號,63000040,25.049769,121.530163,學校、大型集會場所,國小,本校活力新天地大樓1樓,本校活力新天地大樓1樓(附幼星星班)旁的側門牆壁邊
臺北市中山區懷生國民小學,安東街16巷2號,63000040,25.04524,121.541784,其他,其他場所,懷生國小健康中心走廊,校門進入直走經穿堂至健康中心走廊
臺北市中山區長春國民小學,長春路165號,63000040,25.054936,121.533901,其他,其他場所,信義樓一樓樓梯間,信義樓與忠孝樓交接處
臺北市南港區東新國民小學,興南街62號,63000090,25.054423,121.596285,其他,其他場所,信義樓及和平樓轉角處,集賢樓川堂一樓靠近健康中心門前
臺北市松山區三民國民小學,民權東路5段1號,63000010,25.063178,121.564286,其他,其他場所,三民國小校門口,三民國小校門口(民權東路五段)
臺北市內湖區明湖國民小學,康寧路三段105號,63000100,25.071323,121.610761,其他,其他場所,明湖國小警衛室,明湖國小警衛室
臺北市松山區民族國民小學,民生東路4段97巷7號,63000010,25.05935,121.551337,其他,其他場所,校門警衛室樓梯旁,校門警衛室樓梯旁
臺北市信義區光復國民小學,光復南路271號,63000020,25.04027,121.557853,其他,其他場所,明德樓一樓,學務處穿堂
臺北市內湖區麗山國民小學,港華街100號,63000100,25.083679,121.572465,其他,其他場所,前棟穿堂(進校門右側),前棟穿堂
臺北市中山區大直國民小學,大直街2號,63000040,25.080638,121.545851,其他,其他場所,健康中心前走廊,健康中心前走廊
美麗華城市發展股份有限公司(美麗華百樂園),敬業三路20號,63000040,25.083307,121.557165,大型購物場所,百貨業,本館2F,中央電梯(編號P1)旁
臺北市大安區建安國民小學,大安路二段99號(臺北市大安區建安國民小學),63000030,25.029397,121.54617,其他,其他場所,博思樓一樓學務處前的走廊,進入校門正面遠方即是博思樓，AED置於博思樓一樓學務處前的走廊，鄰近操場及遊戲場，學生或民眾常在此活動，且設置地點清楚
臺北市信義區興雅國民小學,基隆路一段83巷9號,63000020,25.046751,121.570022,學校、大型集會場所,國小,臺北市信義區興雅國民小學,藝文廣場
美麗華城市發展股份有限公司(美麗華百樂園),敬業三路20號,63000040,25.083307,121.557165,大型購物場所,百貨業,本館4F,中央電梯(編號P1)旁
臺北市內湖區潭美國民小學,行善路179號,63000100,25.059121,121.581583,其他,其他場所,健康中心外,"潭美國小校門口進來後右轉電梯旁,健康中心對面。"
美麗華城市發展股份有限公司(美麗華百樂園),敬業三路20號,63000040,25.083307,121.557165,大型購物場所,百貨業,本館B1,中央電梯(編號P1)旁
臺北市信義區吳興國民小學,松仁路226號,63000020,25.025743,121.568716,其他,其他場所,一樓電腦教室2的走廊,一樓電腦教室2 的走廊，近操場
美麗華城市發展股份有限公司(美麗華百樂園),敬業三路20號,63000040,25.083307,121.557165,大型購物場所,百貨業,本館1F,中央電梯(編號P1)旁
臺北市南港區修德國民小學,東新街118巷86號,63000090,25.045532,121.589636,其他,其他場所,1樓視聽教室前,1樓視聽教室前
臺北市松山區民權國民小學,民權東路4段200號,63000010,25.062525,121.562292,其他,其他場所,南大門川堂,位於南大門川堂，餐車旁
台北美國學校,11152 中山北路六段 800號,63000110,25.1164004,121.5301123,學校、大型集會場所,高中職,US Gym,1st ?oor hallway near entrance to upper school gym
內政部警政署警察廣播電臺,廣州街17號,63000050,25.035916,121.507491,其他,其他場所,1樓大廳,1樓大廳
臺北市南港區成德國民小學,東新街65號,63000090,25.04709,121.586873,其他,其他場所,本校川堂,"臺北市南港區東新街65號正門穿堂右側
市立聯合醫院忠孝院區急診對面"
臺北市信義區三興國民小學,基隆路二段99號,63000020,25.029467,121.558267,其他,其他場所,忠孝樓一樓健康中心,健康中心門口
美麗華城市發展股份有限公司(美麗華百樂園),敬業三路20號,63000040,25.083307,121.557165,大型購物場所,百貨業,本館3F,中央電梯(編號P1)旁
達新壯股份有限公司(Hypercore超核心健身中心台北忠孝市府館),基隆路一段200號地下2樓(Hypercore超核心健身中心台北忠孝市府館),63000020,25.040191,121.563556,學校、大型集會場所,健身房,有氧器材區,登山機與健身車中。
台北北投雅樂軒酒店,大業路300巷1號,63000120,25.12839,121.498579,旅宿場所,飯店,1F櫃檯旁,從大業路300巷1號大門進入飯店大廳，右轉往櫃檯方向，右側旁的角落。
台北北投雅樂軒酒店,大業路300巷1號,63000120,25.12839,121.498579,旅宿場所,飯店,地下一樓B1保安室旁(員工打卡處),從大業路300巷1號大門進入飯店大廳，右轉櫃台後方有一緊急逃生門，進入後右轉下樓梯到底再右轉，警衛室員工打卡鐘旁邊。
台北北投雅樂軒酒店,大業路300巷1號,63000120,25.12839,121.498579,旅宿場所,飯店,19樓健身房,從大業路300巷1號大門進入飯店大廳，直走燈牆左右走到電梯梯廳，搭乘電梯到19樓，19樓電梯出來往長廊方向再右轉，推開門後左轉進入健身房，右轉飲水機旁就看到AED專用櫃。
臺北市文山區木柵國民小學,木柵路3段191號,63000080,24.99027,121.570149,其他,其他場所,穿堂,校門進入穿堂右側
臺北市松山區西松國民小學,三民路5號,63000010,25.054159,121.563862,其他,其他場所,總務處,臺北市松山區西松國民小學總務處前門旁
臺北市南港區成德國民小學,東新街65號,63000090,25.04709,121.586873,其他,其他場所,幼兒園辦公室前,成德國小司令台右後方，幼兒園辦公室前。
臺北市南港區修德國民小學,東新街118巷86號,63000090,25.045532,121.589636,其他,其他場所,臺北市南港區修德國小健康中心,健康中心內
松山奉天宮,福德街221巷12號,63000020,25.037385,121.584669,其他,其他場所,1樓大殿東側樓梯旁,1樓大殿東側樓梯旁
台北文華東方酒店,敦化北路158號,63000010,25.055726,121.548336,旅宿場所,飯店,地下2樓宴會廳辦公室,B2宴會廳辦公室
桃園大眾捷運股份有限公司(桃園捷運A1台北車站),鄭州路8號,63000050,25.048674,121.514239,交通要衝,捷運站,B2寫字檯前(非付費區),"B2穿堂層詢問處附近
(3C充電座旁)"
桃園大眾捷運股份有限公司(桃園捷運A1台北車站),鄭州路8號,63000050,25.048674,121.514239,交通要衝,捷運站,B1預辦登機層預辦登機區販賣店前(非付費區),"B1預辦登機層預辦登機區
退稅櫃台右前方柱旁，近販賣店(非付費區)"
桃園大眾捷運股份有限公司(桃園捷運A1台北車站),鄭州路8號,63000050,25.048674,121.514239,交通要衝,捷運站,B1PAO男廁前(非付費區),B1預辦登機層詢問處附近(電梯旁)
桃園大眾捷運股份有限公司(桃園捷運A1台北車站),鄭州路8號,63000050,25.048674,121.514239,交通要衝,捷運站,B1預辦登機層遺失物中心前(非付費區),B1預辦登機層旅客穿廊走道(遺失物中心前)
二二八國家紀念館,南海路54號,63000050,25.031614,121.51379,大型休閒場所,博物館,一樓大廳右側(志工服務台前方),二二八國家紀念館一樓入口大廳右側，志工服務台右前方。
錢穆故居（館所施工中，暫不對外開放）,臨溪路72號,63000110,25.094169,121.548009,大型休閒場所,博物館,館所施工中，暫不對外開放，已移置保管。,館所施工中，暫不對外開放，已移置保管。
芝山巖惠濟宮,至誠路一段326巷26號,63000110,25.103178,121.530618,其他,其他場所,芝山巖惠濟宮福德殿,廟內右邊福德正神殿左前方。
轉捩點健康工作室,內湖路二段395號2樓,63000100,25.084202,121.59278,學校、大型集會場所,健身房,入門右手邊,工作室場所之使用，並無全天候都在
臺北市東明扶愛家園,南港路二段38巷8弄1號,63000090,25.05506,121.604757,其他,其他場所,一樓咖啡小棧,一樓咖啡小棧
財團法人陽光社會福利基金會附設臺北市私立陽光重建中心,南京東路三段91號3樓,63000040,25.052205,121.539206,其他,其他場所,國泰南京商業大樓,1樓服務台後方
成功高中運動中心(舞動陽光有限公司),濟南路一段71號(運動中心),63000050,25.042334,121.523687,學校、大型集會場所,健身中心,綜合大樓B1游泳池,B1電梯(樓梯)出口右手邊走道
成功高中運動中心(舞動陽光有限公司),濟南路一段71號(運動中心),63000050,25.042334,121.523687,學校、大型集會場所,健身中心,綜合大樓8F球場,8F綜合球場外走廊
臺北市文山區景美國民小學,景文街108號,63000080,24.989527,121.540781,其他,其他場所,忠孝樓1樓穿堂,從大門進入忠孝樓1樓穿堂
國立臺北教育大學(學生活動中心),和平東路二段134號,63000030,25.023455,121.546274,學校、大型集會場所,大專院校,國立臺北教育大學(學生活動中心),一樓學生餐廳正門口
嘉新水泥股份有限公司,中山北路二段96號,63000040,25.059418,121.522528,其他,其他場所,一樓大廳,"嘉新大樓一樓大廳內,上樓樓梯入口處"
BOSS健身工作室,雨農路19號,63000110,25.097959,121.532188,學校、大型集會場所,健身房,啞鈴區旁,由門口進入後，左前方。
臺北市士林老人服務暨日間照顧中心,忠誠路二段53巷7號6樓,63000110,25.111436,121.532287,其他,其他場所,日照大廳廁所旁,6樓日間照顧中心
正能量Fitness,內湖路一段322號2樓,63000100,25.081603,121.569847,學校、大型集會場所,健身房,健身區,位於正能量Fitness場館內
安心食品服務股份有限公司總部,經貿二路66號16樓之3,63000090,25.05714179,121.6161987,其他,其他場所,安心食品服務股份有限公司16樓公司櫃檯旁,本公司內部櫃台旁，非公司人員無法進入。
國立故宮博物院,至善路2段221號,63000110,25.10235,121.548432,大型休閒場所,博物館,南側藝文園區圖書館,圖書館館內1樓入口
總統府,重慶南路一段122號,63000050,25.039065,121.511856,其他,其他場所,醫務所,醫務所內
臺北市中山區金泰里辦公處,敬業三路160號2樓,63000040,25.079526,121.556865,其他,其他場所,里辦公處門口,里辦公處門口
台大兒醫杏一商場,中山南路8號B1,63000050,25.0442304,121.5188189,大型購物場所,商場,台大兒醫杏一商場B1客席區,台大兒醫醫院B1杏一商場熱食客席區
台北健身中心有限公司,民生東路一段29號B1,63000040,25.058208,121.525247,學校、大型集會場所,健身房,樓梯口,樓梯出入口旁
遠傳電信台北資訊園區,市民大道三段2號1樓,63000050,25.045482,121.531127,其他,其他場所,包膜櫃台旁,包膜櫃台旁
遠傳股份有限公司-台北館前門市,館前路43號,63000050,25.045439,121.515142,其他,其他場所,櫃檯後方,遠傳館前門市-服務櫃檯後方
遠傳股份有限公司-台北西寧南門市,西寧南路56號,63000070,25.04408744,121.5062103,其他,其他場所,櫃檯右後方,台北西寧南門市-服務櫃檯右後方
夢啟動健身事業有限公司,內湖路一段118號 1樓,63000100,25.08318814,121.5632798,學校、大型集會場所,健身房,櫃台右側,櫃台右側
臺北市北投區逸仙國民小學,新民路2號,63000120,25.138372,121.505163,其他,其他場所,川堂,學校行政大樓1樓川堂
HiFIT運動空間,復興南路一段125號3樓,63000030,25.043336,121.544038,學校、大型集會場所,健身房,櫃檯旁,放置HiFIT運動空間櫃檯旁
陽光汽車美容中心和平店,建國南路二段280號,63000030,25.0249847,121.5374156,其他,其他場所,客戶休息室,位於客戶休息室落地窗邊
馥裕商旅股份有限公司萬大分公司(凱達大飯店),艋舺大道167號,63000070,25.033267,121.499664,旅宿場所,飯店,交三停車塔警衛室旁的電梯間,交三停車塔警衛室旁的電梯間
馥裕商旅股份有限公司萬大分公司(凱達大飯店),艋舺大道167號,63000070,25.033267,121.499664,旅宿場所,飯店,1樓大廳門口,1樓大廳門口行李車停放處
馥裕商旅股份有限公司萬大分公司(凱達大飯店),艋舺大道167號,63000070,25.033267,121.499664,旅宿場所,飯店,3F手扶梯旁,3F手扶梯旁
馥裕商旅股份有限公司萬大分公司(凱達大飯店),艋舺大道167號,63000070,25.033267,121.499664,旅宿場所,飯店,8F健身中心,8F健身中心跑步機旁
桃園大眾捷運股份有限公司(桃園捷運A1台北車站),鄭州路8號,63000050,25.048674,121.514239,交通要衝,捷運站,B1臨停車道P3前(非付費區),預辦登機區售卡及加值機旁，近臨停車道
誠隆汽車股份有限公司承德服務廠,承德路6段339號,63000120,25.103888,121.511629,其他,其他場所,承德服務廠客休室,承德服務廠客休室
誠隆汽車股份有限公司北投分公司,大業路265號,63000120,25.126846,121.497744,其他,其他場所,展示中心,展示中心
香港商世界健身事業有限公司大直分公司,堤頂大道二段588號、590號,63000040,25.084132,121.560893,學校、大型集會場所,健身房,一樓心肺區,一樓心肺區飲水機旁邊、樓梯正前方
國立陽明交通大學-陽明校區,立農街2段155號（陽明交通大學）,63000120,25.120313,121.514794,學校、大型集會場所,大專院校,博雅中心,"博雅中心AED 	陽明校區博雅廣場"
財團法人基督教台灣信義會 思恩堂,星雲街９０號,63000100,25.079074,121.593268,其他,其他場所,思恩堂教會門廳內,教會大門進門後左手邊牆角
臺北市文山老人養護中心,興隆路二段95巷8號三樓,63000080,24.999915,121.545908,其他,其他場所,4樓交誼廳,4樓交誼廳
臺北市和平實驗國民小學學生活動中心(暖身球場),敦南街76巷28號,63000030,25.021364,121.545327,學校、大型集會場所,健身中心,二樓暖身球場進出口,二樓暖身球場進出口
臺北和平籃球館,敦南街76巷28號(臺北和平籃球館),63000030,25.021364,121.545327,學校、大型集會場所,健身中心,場館二樓東側,場館二樓東側
臺北和平籃球館,敦南街76巷28號(臺北和平籃球館),63000030,25.021364,121.545327,學校、大型集會場所,健身中心,場館二樓西側,場館二樓西側
台灣基督長老教會-台北和平教會,和平東路一段183巷9號,63000030,25.027614,121.5330062,學校、大型集會場所,宗教聚會場所,本會一樓大廳,本會正門進入即可見
窩糕運動事業有限公司,南京東路五段84號2樓,63000010,25.051262,121.561403,學校、大型集會場所,健身房,窩糕運動事業有限公司,位於台北市松山區南京東路五段84號2樓
臺北孔廟,大龍街275號,63000060,25.072762,121.516179,觀光旅遊地區,文化園區,孔廟東苑側門入口,孔廟東苑側門入口
臺北市民生社區中心(民政局管理樓層),民生東路5段163之1號,63000010,25.059315,121.562908,學校、大型集會場所,健身房,民生社區中心(民政局管理樓層),11樓體育館
SoulFit健身魂,信義路三段109號B1,63000030,25.033718,121.539119,學校、大型集會場所,健身房,台北市大安區信義路三段109號B1,場館為健身房一進門便可看到AED
臺北市民生社區中心(民政局管理樓層),民生東路5段163之1號,63000010,25.059315,121.562908,學校、大型集會場所,健身房,民生社區中心(民政局管理樓層),9樓健身房
林安泰古厝民俗文物館,濱江街5號,63000040,25.072262,121.530628,觀光旅遊地區,文化園區,書房,書房空間
臺北市網球中心,民權東路六段208號,63000100,25.067445,121.596653,學校、大型集會場所,健身中心,體適能中心,體適能中心門口旁
臺北市松山區東光里辦公處,南京東路5段123巷41號,63000010,25.053297,121.560762,其他,其他場所,臺北市松山區東光里辦公處,放置里辦公處
富德靈骨樓,木柵路五段43巷190號,63000080,25.011621,121.591557,學校、大型集會場所,殯儀館,大門入口左方辦公室外牆,放置骨灰位置
臺北市網球中心,民權東路六段208號,63000100,25.067445,121.596653,學校、大型集會場所,健身中心,美食餐飲區,美食餐飲區櫃台旁
臺北市懷愛館,辛亥路3段330號,63000030,25.013535,121.552553,學校、大型集會場所,殯儀館,景行樓B2F家屬休息區,景行樓B2F家屬休息區
臺北市懷愛館,辛亥路3段330號,63000030,25.013535,121.552553,學校、大型集會場所,殯儀館,B2化妝室入口處,民眾治喪場所
實踐大學台北校區,大直街70號,63000040,25.084817,121.544749,學校、大型集會場所,大專院校,體育館1F,體育館1F
台北美國學校,11152 中山北路六段 800號,63000110,25.1164004,121.5301123,學校、大型集會場所,高中職,Main Lobby Entrance,1st ?oor to the left as entering entrance
康達盛通生活事業股份有限公司台北內湖分公司,民善街88號,63000100,25.060415,121.575298,大型購物場所,賣場,一樓美食街(鮮芋仙)旁的柱子,一樓美食街(鮮芋仙)旁的柱子
享樂文旅飯店股份有限公司康定分公司,康定路32號,63000070,25.044001,121.502627,其他,其他場所,台北市萬華區康定路32號,飯店大廳
臺北市私立東山高級中學,老泉街26巷3號,63000080,24.972689,121.561698,學校、大型集會場所,高中職,後山運動場,入校園停車場直行左彎到底再右彎爬坡.繼續直行看見欄網左側木柵欄上
綺樂文旅飯店股份有限公司,開封街一段35號,63000050,25.046128,121.512766,其他,其他場所,享樂文旅開封館,飯店大廳
阿基里斯 Fitness GYM,敦化北路207號地下之一、地下一層,63000010,25.057968,121.550117,學校、大型集會場所,健身房,置物櫃區,下樓梯後左手邊走到底
臺北市一壽照顧中心,一壽街22號4樓,63000080,24.979629,121.556314,其他,其他場所,台北市文山區一壽街22號4樓,放置於四樓電梯口前(照顧中心門口)
台北海洋科技大學,延平北路9段212號,63000110,25.108098,121.471255,學校、大型集會場所,大專院校,台北海洋科技大學士林校區樂群樓101教室旁,樂群樓101教室旁
財團法人生物技術開發中心,研究院路一段130巷107號,63000090,25.049267,121.610177,其他,其他場所,一樓出入口處服務台旁,一樓出入口處服務台旁
臺北市大同區大同國民小學,大龍街51號健康中心,63000060,25.065022,121.516938,其他,其他場所,大同國小健康中心,"校內
向善樓
健康中心內 入口旁"
臺北市內湖運動中心,洲子街12號,63000100,25.078266,121.575229,學校、大型集會場所,健身中心,7樓游泳池,臺北市內湖運動中心7樓游泳池入口處
桃園大眾捷運股份有限公司(桃園捷運A1台北車站),鄭州路8號,63000050,25.048674,121.514239,交通要衝,捷運站,B1層地下街Y24U入口旁 (非付費區),B1郵局前
臺北流行音樂中心,市民大道八段99號,63000090,25.052319,121.59861,大型休閒場所,演藝廳,表演廳2樓CD入口旁,表演廳2樓CD入口旁
天下雜誌總部辦公室（富邦南京大樓）,南京東路二段一三九號11樓,63000040,25.0522472,121.5305805,其他,其他場所,富邦南京大樓11樓電梯梯廳,富邦南京大樓11樓電梯梯廳
康達盛通生活事業股份有限公司,大業路136號5樓,63000120,25.124433,121.4993,其他,其他場所,5樓總機,5樓總機/出入口處
臺北流行音樂中心,市民大道八段99號,63000090,25.052319,121.59861,大型休閒場所,演藝廳,表演廳3樓CD入口及DE入口間,表演廳3樓CD入口及DE入口間
臺北市立圖書館木柵分館,保儀路13巷三號3、4樓,63000080,24.988513,121.56916,大型休閒場所,圖書館,三樓,圖書館櫃台對面，館藏特色區前方
臺北市立圖書館力行分館,台北市文山區一壽街22號5樓,63000080,24.979629,121.556314,大型休閒場所,圖書館,圖書館五樓,圖書館五樓入口處進館時的右邊
臺北市立圖書館景美分館,羅斯福路五段176巷50號2樓,63000080,25.003607,121.536345,大型休閒場所,圖書館,2樓出入門口,AED位於圖書館２樓進出口大門
臺北市立圖書館萬興分館,萬壽路27號4-5樓,63000080,24.988685,121.576501,大型休閒場所,圖書館,4樓圖書館,4樓入口右廁
臺北市立圖書館萬芳民眾閱覽室,萬美街一段25號1樓,63000080,25.002215,121.569178,大型休閒場所,圖書館,閱覽室一樓門口,閱覽室1樓入口右側
臺北市立圖書館安康民眾閱覽室,興隆路4段105巷1號4樓,63000080,24.987525,121.560875,大型休閒場所,圖書館,4樓入口右側,4樓圖書館入口處
力坊體適能產業有限公司(忠孝復興),忠孝東路三段203號2樓,63000030,25.04198,121.539119,學校、大型集會場所,健身房,進門口左手邊地上,進門口左手邊地上
最高行政法院,重慶南路1段126巷1號,63000050,25.037313,121.511829,學校、大型集會場所,法院,法院5樓,5樓川堂中間位置，靠近逃生門
香港商世界健身事業有限公司光復分公司,忠孝東路四段330號B1,63000030,25.041049,121.557385,學校、大型集會場所,健身房,健身中心B1,(教練櫃台旁)(飲水機旁)
香港商世界健身事業有限公司台北麗水分公司,麗水街18號1樓,63000030,25.026158,121.542709,學校、大型集會場所,健身房,健身中心B2,教練櫃檯旁
波爾管理顧問有限公司,大北路72號1樓,63000110,25.090228,121.525113,學校、大型集會場所,健身房,櫃台旁,櫃台旁
達新壯股份有限公司(Hypercore超核心健身中心台北信義松仁館),松仁路89號地下一樓,63000020,25.037165,121.568747,學校、大型集會場所,健身房,有氧器材區,門口旁
南港生技育成中心,園區街3號17樓,63000090,25.058486,121.611882,其他,其他場所,育成中心17樓電梯口旁,育成中心17樓電梯口旁
諧動健康科技股份有限公司,信義路2段74號10樓,63000030,25.037401,121.518083,其他,其他場所,場館正門口,放置於場館門口右側
國立臺灣師範大學公館校區(汀州路4段88號),汀州路4段88號,63000080,25.007963,121.536905,學校、大型集會場所,大專院校,理學院大樓B棟1樓(健康中心門口),公館校區理學院大樓B棟1樓(健康中心門口)
Master fitness專業健身職人,信義路三段106號6樓,63000030,25.0332922,121.5384056,其他,其他場所,台北市大安區信義路三段106號6樓,位於虹邦大樓6樓健身房內
芳鄰健身事業有限公司(景美店),羅斯福路六段130號地下一樓,63000080,24.997128,121.54067,學校、大型集會場所,健身房,櫃台旁,櫃台旁與走道旁
頭等寶有限公司,中山北路二段128巷32號1樓,63000040,25.0617501,121.521243,學校、大型集會場所,健身房,入口處,入口處
鏡電視股份有限公司,堤頂大道一段365號1、3樓,63000100,25.0636933,121.5728212,其他,其他場所,台北市內湖區堤頂大道一段365號3樓大廳,位於三樓大廳(僅上班日9:00-18:00開放)
統一時代百貨台北店,忠孝東路5段8號,63000020,25.040587,121.565888,大型購物場所,百貨業,統一時代百貨台北店 B2F,B2F 瓦成大心旁
鏡電視股份有限公司,堤頂大道一段365號1、3樓,63000100,25.0636933,121.5728212,其他,其他場所,台北市內湖區堤頂大道一段365號1樓大廳,位於一樓大廳(僅上班日9:00-18:00開放)
薇閣旅館股份有限公司,林森北路419號,63000040,25.060423,121.525762,其他,其他場所,櫃檯區,OUT櫃牆面壁掛
中華民國紅十字會台灣省分會(中正區老人服務暨日間照顧中心)(貴陽街),貴陽街一段60號,63000050,25.039029,121.509673,其他,其他場所,大廳,於貴陽街正門進入後右側方角落處
家福股份有限公司南港二分公司(家樂福南港店),南港路二段146號B1,63000090,25.053782,121.600503,大型購物場所,賣場,B1賣場入口旁,位於家樂福南港二店B1賣場入口旁
香港商世界健身事業有限公司飛動天母分公司,中山北路七段73號.75號,63000110,25.121245,121.531248,學校、大型集會場所,健身房,大廳,展示櫃左邊
香港商世界健身事業有限公司台北景美分公司,景後街95號2樓,63000080,24.9919383,121.5429252,學校、大型集會場所,健身房,客服櫃檯前方,香港商世界健身有限公司台北景美分公司(116051台北市文山區景後街95號2樓)
DHL_洋基通運股份有限公司_內湖服務中心,民善街277號,63000100,25.06484102,121.5744004,其他,其他場所,一樓寄件櫃台,一樓寄件櫃台牆上
臺北市文山區華興里辦公處,木柵路一段264號,63000080,24.987956,121.554476,其他,其他場所,華興里辦公處,門口旁
北投晶泉丰旅,泉源路19號,63000120,25.1382859,121.504675,旅宿場所,飯店,5F湯屋接待櫃檯,5F湯屋接待櫃檯
北投晶泉丰旅,泉源路19號,63000120,25.1382859,121.504675,旅宿場所,飯店,1F溫泉接待櫃檯,1F溫泉接待櫃檯
臺北市政府環境保護局環保稽查大隊,重慶北路3段347號4樓,63000060,25.0748652,121.5140597,其他,其他場所,4樓服務臺,4樓服務臺
臺北體育園區田徑場(暖身場),敦化北路3號(暖身場),63000010,25.048835,121.549624,大型休閒場所,運動場館(如小巨蛋),暖身場警衛亭,臺北田徑場暖身場警衛亭旁
十勻有限公司(PB Sport),金山南路二段33號B1,63000030,25.032877,121.527473,其他,其他場所,櫃台旁,櫃檯旁
臺北捷運台北車站BL12,忠孝西路1段49號BL12,63000050,25.046273,121.517498,交通要衝,捷運站,捷運板南線台北車站B2層3號詢問處旁(付費區),捷運板南線台北車站B2層3號詢問處旁(付費區)
健身工廠健康廠,健康路156號B1,63000010,25.053563,121.557207,其他,其他場所,氣密門旁,氣密門旁
漢杰健康事業股份有限公司東門分公司,信義路二段36號,63000030,25.034604,121.525599,學校、大型集會場所,健身房,2樓,2樓樓梯旁
肌擊有限公司,民生東路5段204號1樓2室,63000010,25.058261,121.564911,學校、大型集會場所,健身房,大門右側,大門右側
韻鏗學校財團法人臺北市協和祐德高級中等學校,忠孝東路5段790巷27號,63000020,25.041676,121.583725,學校、大型集會場所,高中職,臺北市協和祐德高中校門口警衛室內,臺北市協和祐德高中校門口警衛室內
臺北市立圖書館文山分館,興隆路2段160號7樓,63000080,25.001497,121.551575,大型休閒場所,圖書館,臺北市立圖書館文山分館7樓,服務櫃臺前方
國泰綜合證券股份有限公司,敦化南路二段335號20樓,63000030,25.0219942,121.5491994,其他,其他場所,19樓電梯口前,國泰證券敦南大樓19樓電梯口前
台北國泰萬怡酒店(國泰飯店管理顧問事業(股)公司民生建國分公司),民生東路三段6號1樓及地下1層,63000040,25.057614,121.53821,旅宿場所,旅館,一樓大廳,一樓大廳服務中心櫃檯旁邊
國泰綜合證券股份有限公司,敦化南路二段335號20樓,63000030,25.0219942,121.5491994,其他,其他場所,21樓電梯口前,國泰證券敦南大樓21樓電梯口前
國泰綜合證券股份有限公司,敦化南路二段335號20樓,63000030,25.0219942,121.5491994,其他,其他場所,20樓電梯口前,國泰證券敦南大樓20樓電梯口前
風暴體適能股份有限公司,市民大道八段360號2樓,63000090,25.053124,121.608466,大型購物場所,商場,二樓櫃檯,二樓櫃檯
元大人壽保險股份有限公司,民生東路3段156號17樓,63000010,25.057202,121.547794,其他,其他場所,元大人壽保險股份有限公司,元大人壽保險股份有限公司管理組
本部槓鈴有限公司,福國路100-3號,63000110,25.102629,121.521789,其他,其他場所,台北市士林區福國路100-3號,放置於本部槓鈴有限公司，櫃台內明顯處，牆上標有AED放置告示牌
最高行政法院,重慶南路1段126巷1號,63000050,25.037313,121.511829,學校、大型集會場所,法院,法院1樓,收發室樓梯旁
臺北市立北安國民中學,明水路325號,63000040,25.0777879,121.5416244,學校、大型集會場所,國中,北安運動休閒會館櫃檯旁,北安運動休閒會館健身房伸展區
臺北市立浩然敬老院 廣慈園區B棟,大道路116號,63000020,25.0388955,121.5832762,其他,其他場所,2樓迎賓大廳,2樓迎賓大廳
臺北市私立復興實驗高級中學(小學部),敦化南路一段262號(小學部),63000030,25.03936,121.548383,其他,其他場所,學校慎思樓一樓電梯口,1樓3-4號電梯外
智澄體能有限公司,金門街2-5號1樓,63000050,25.023107,121.524693,其他,其他場所,櫃檯後側,入門後右側櫃檯後側牆上
生命焠鍊體能顧問有限公司,忠孝東路四段303號b1,63000030,25.0416,121.55541,學校、大型集會場所,健身房,櫃台旁,架上
康寧學校財團法人康寧大學,康寧路3段75巷137號,63000100,25.076465,121.610531,學校、大型集會場所,大專院校,宿舍門口,學生宿舍
康寧學校財團法人康寧大學,康寧路3段75巷137號,63000100,25.076465,121.610531,學校、大型集會場所,大專院校,野聲館門口,體育館
Curves可爾姿芝山文林店,文林路762號2樓,63000110,25.10350813,121.5197885,學校、大型集會場所,健身中心,本店櫃檯,櫃檯後方
Surmount運動空間-士林店(巧翊體適能館),中正路188號2樓,63000110,25.09576448,121.5271609,學校、大型集會場所,健身房,士林區中正路188號2樓,2樓教室
康璽運動行銷有限公司(Monkey Training猴子體能訓練),松江路276號6樓,63000040,25.059861,121.53295,學校、大型集會場所,健身房,門口,大門進來右手邊
駿騰事業有限公司(鍛鍊基地Workout Base),長春路410號2樓,63000040,25.054416,121.543749,學校、大型集會場所,健身房,門口,門口
Surmount運動空間-天母店(巧翊體適能館),忠誠路一段30號,63000110,25.10440302,121.5262081,學校、大型集會場所,健身房,櫃檯旁,櫃檯旁
承新國際管理股份有限公司文山分公司(in gym樂康健身俱樂部),景隆街36巷2號2樓,63000080,24.998606,121.543303,學校、大型集會場所,健身房,場館入口處,場館入口處牆面
吸引力生活事業股份有限公司 ATT 4 FUN,松壽路12號,63000020,25.035666,121.566075,大型購物場所,百貨業,ATT4FUN 6F,ATT4FUN 6F  電梯旁
台北中山九昱希爾頓逸林酒店,中山北路一段123號,63000040,25.079202,121.542709,旅宿場所,飯店,一樓大廳,一樓電梯間往樓梯口
新榮恩資產管理有限公司,信義路四段413號2樓,63000020,25.0332978,121.5589862,學校、大型集會場所,健身房,本院大廳,放在大廳置物櫃旁邊
國立臺北藝術大學(女生第一宿舍),學園路1號 女生第一宿舍,63000120,25.136049,121.471599,學校、大型集會場所,大專院校,女生第一宿舍,女生第一宿舍出入口處
全創適能有限公司 / 橡體有限公司,中山北路1段33巷25號,63000040,25.048546,121.523022,學校、大型集會場所,健身房,面對啞鈴區左側柱上,面對啞鈴區左側柱上
硫磺谷泡腳池,泉源路77號斜對面，陽明山國家公園硫磺谷遊憩區內,63000120,25.143561,121.521943,大型公眾浴場或溫泉區,溫泉區,管理室旁置物櫃上,管理室旁置物櫃上
復興公園泡腳池,中和街61號對面,63000120,25.138819,121.502198,大型公眾浴場或溫泉區,溫泉區,管理室前置物櫃上,管理室前置物櫃上
泉源公園泡腳池,珠海路155號(義方國小)正對面,63000120,25.141783,121.509722,大型公眾浴場或溫泉區,溫泉區,置櫃物旁,泉源公園泡腳池置物櫃旁
臺北市立桃源國民中學,中央北路4段48號,63000120,25.134647,121.4773,其他,其他場所,學務處,文軒樓2樓
健安新城D社區管理委員會,三民路35巷2號,63000010,25.055708,121.563252,其他,其他場所,管理中心門外,管理中心門外
拳適能館,景美街1-4號,63000080,24.99422,121.541732,學校、大型集會場所,健身房,台北市文山區景美街1-4號,櫃檯旁邊
臺北市松山區敦化國民小學,敦化北路2號,63000010,25.049244,121.547884,其他,其他場所,敦樸樓遊戲場,敦樸樓遊戲場(樓梯D後方走廊)
Curves女性專用30分鐘健身中心市府永春店,忠孝東路5段259號3樓,63000020,25.041187,121.570785,學校、大型集會場所,健身房,門口進來右側,門口進來右側
Curves女性30分鐘環狀運動石牌店,裕民一路30號2樓,63000120,25.11654743,121.516985,學校、大型集會場所,健身房,櫃台左前方,置於Curves女性30分鐘環狀運動石牌店
潤泰建設股份有限公司(CITYLINK內湖店),成功路四段188號1樓,63000100,25.083992,121.594264,大型購物場所,商場,一樓服務台旁,放置於一樓服務台右側
香港商世界健身事業有限公司台北民權西分公司,民權西路136號一樓,63000060,25.062735,121.516484,學校、大型集會場所,健身房,B1入口處,B1入口樓梯旁
Curves可爾姿女性專用30分鐘環狀運動圓山花博店,承德路三段223-1號1樓,63000060,25.07012863,121.5186544,學校、大型集會場所,健身房,運動區落地窗角落,Curves圓山花博店入口左側落地窗角
沅利建設股份有限公司,汀洲路四段281號,63000080,25.000028,121.535611,其他,其他場所,一樓警衛室,車道口一樓警衛室
Force Fitness 中正,南昌路一段123號2樓之2,63000050,25.029942,121.518307,學校、大型集會場所,健身房,置物櫃門前,南昌路一段123號2樓之2置物櫃門前
健身工廠石牌廠,裕民六路2號B1,63000120,25.114496,121.515561,其他,其他場所,啞鈴區牆上,入口處走道牆上
穆樂牙醫診所,敬業二路69巷61號,63000040,25.082035,121.552802,其他,其他場所,牙醫診所玄關,AED 放置於牙醫診所玄關，方便院內病人、鄰居作為緊急使用。
國立歷史博物館南海行政辦公室,南海路20號9樓,63000050,25.03249266,121.5170109,其他,其他場所,9樓大門入口旁,位於南海開發大樓9樓，此為辦公室場所，8時至24時駐警人員守候，可進入拿取AED使用。
To Do Fitness,南京東路四段15號3樓之一,63000010,25.051923,121.550034,學校、大型集會場所,健身房,店門口旁,店門口旁
臺北市立木柵高級工業職業學校,木柵路四段77號,63000080,24.996002,121.571925,學校、大型集會場所,高中職,健康中心,行政大樓1樓健康中心
神旺商務酒店,南京東路1段128號,63000040,25.051864,121.527041,其他,其他場所,一樓柏晶廳,一樓柏晶廳，24小時開放。
Curves女性專用30分鐘健身中心復興民權店,復興北路331號2樓,63000010,25.059676,121.544425,大型休閒場所,運動場館(如小巨蛋),Curves復興民權店,玻璃門大門旁
Curves女性專用30分鐘健身中心中山錦州店,中山北路二段115巷45號1樓,63000040,25.060968,121.524667,學校、大型集會場所,健身房,門口進入左前方,門口進入左前方
華信航空股份有限公司,台北市松山區敦化北路405巷123弄3號,63000010,25.06304,121.557636,長距離交通工具,航空器,B-16856飛機,B-16856飛機
雙園國中室內綜合球館-舞動陽光有限公司,西園路二段320巷55弄3號5樓,63000070,25.027812,121.491591,學校、大型集會場所,健身中心,雙園國中綜合大樓5樓,雙園國中綜合大樓5樓體育館入口處
星宇航空股份有限公司,忠孝東路四段525號11樓,63000020,25.04216558,121.5615707,長距離交通工具,航空器,星宇客機B-58308,第68排HK行李艙
Start Fitness,金山南路二段134號,63000030,25.029581,121.526323,學校、大型集會場所,健身房,地下一樓,"START FITNESS
地下一樓"
臺北巿松山運動中心,敦化北路1號,63000010,25.048607,121.550231,學校、大型集會場所,健身中心,一樓大廳,一樓大廳
臺北市私立光仁國民小學,萬大路423巷15號,63000070,25.021416,121.499571,其他,其他場所,校門口警衛室,校門口警衛室內牆上
國立傳統藝術中心臺灣戲曲中心,文林路751號,63000110,25.10234,121.519078,大型休閒場所,演藝廳,B2停車場管理室,B2停車場管理室
衛生福利部中央健康保險署臺北業務組,公園路15之1號5樓,63000050,25.044786,121.517406,其他,其他場所,聯合服務中心一樓領卡櫃台左側,聯合服務中心一樓領卡櫃台左側
臺北市南港老人服務暨日間照顧中心,重陽路187巷5號,63000090,25.057718,121.598498,其他,其他場所,二樓日間照顧中心外,二樓日間照顧中心外
微風置地股份有限公司南山分公司,松智路17號,63000020,25.034307,121.565955,大型購物場所,百貨業,ATRE 3F,ATRE 3F GETCHI專櫃旁
微風置地股份有限公司南山分公司,松智路17號,63000020,25.034307,121.565955,大型購物場所,百貨業,B2F服務台旁,"AED放置於B2F服務台旁 , 近卡務中心旁"
微風置地股份有限公司南山分公司,松智路17號,63000020,25.034307,121.565955,大型購物場所,百貨業,微風南山46電梯旁,微風南山塔樓區 46電梯旁
國立臺北大學民生校區,民生東路3段67 號,63000040,25.057956,121.54237,學校、大型集會場所,大專院校,本校合江校區宿舍,本校合江校區宿舍女一舍
國立臺北大學民生校區,民生東路3段67 號,63000040,25.057956,121.54237,學校、大型集會場所,大專院校,教學大樓一樓大廳,教學公用大樓
國立臺北大學民生校區,民生東路3段67 號,63000040,25.057956,121.54237,學校、大型集會場所,大專院校,校門口警衛室,校門口警衛室內
內湖郵局,民權東路六段83號,63000100,25.0693178,121.5880759,其他,其他場所,後門警衛室,內湖郵局後門警衛室內
內政部警政署保安警察第六總隊第二大隊第四中隊,瑞光路63號,63000100,25.070544,121.582828,其他,其他場所,值班台左側牆面,台北市內湖區瑞光路63號
臺北郵局快捷郵件科快捷收發股,忠孝西路一段120號,63000050,25.04729395,121.5114587,其他,其他場所,臺北郵局快捷郵件科快捷收發股,臺北郵局快捷郵件科快捷收發股
臺北典藏植物園,濱江街16號,63000040,25.07120249,121.5319132,其他,其他場所,新生公園2號公廁,新生公園2號公廁外(新生棒球場東側)
臺北市文山運動中心,興隆路三段222號,63000080,24.997017,121.559673,學校、大型集會場所,健身中心,六樓綜合球場外,六樓綜合球場門口右側消防栓旁邊
台灣虎航股份有限公司,敦化北路405巷123弄3號,63000010,25.06304,121.557636,長距離交通工具,航空器,"B-50005航機, 第13排 DEF行李艙",台灣虎航股份有限公司B-50005航機
台灣虎航股份有限公司,敦化北路405巷123弄3號,63000010,25.06304,121.557636,長距離交通工具,航空器,"B-50021航機, 第13排 DEF行李艙",台灣虎航股份有限公司B-50021航機
好習慣健康企業有限公司（好習慣運動教室),復興北路217號,63000010,25.054159,121.563862,學校、大型集會場所,健身房,側門門口,側門進來右手邊
台北美福大飯店,樂群二路55號,63000040,25.080489,121.553897,其他,其他場所,4樓健身中心護理站門旁邊,4樓健身中心護理站門旁邊
臺北市私立文德女子高級中學,成功路3段70號,63000100,25.077971,121.588976,學校、大型集會場所,高中職,海星樓一樓穿堂,進川堂後，位於左手邊的指示燈下
世新大學,試院路148號,63000080,24.989821,121.54634,學校、大型集會場所,大專院校,大禮堂4樓體育館,大禮堂4樓體育館，位於後校門警衛室與網球場中間
萬海航運股份有限公司(敦北辦公室),敦化北路122號10樓,63000010,25.054305,121.548439,其他,其他場所,大門右側,"位於10樓大門內 , 供同仁及民眾使用"
康博健康生技股份有限公司,復興南路一段227號1樓,63000030,25.03853238,121.5439129,其他,其他場所,1樓走廊前,一樓大廳
臺北市政府工務局道路挖掘管理中心,和平西路一段59號,63000050,25.026712,121.519489,其他,其他場所,台北市中正區和平西路一段59號,1樓入口處
臺北市政府工務局新建工程處養護工程隊第五分隊,致遠三路158號,63000120,25.121837,121.508934,其他,其他場所,北投區致遠三路158號2樓,臺北市政府工務局新建工程處養護工程隊第五分隊
臺北市政府工務局新建工程處養護工程隊第三分隊,中華路二段680號,63000070,25.024133,121.51169,其他,其他場所,2樓,2樓
超越體能顧問有限公司東門門市,信義路二段28號一樓,63000030,25.0346715,121.5253249,學校、大型集會場所,健身房,前區蹲舉架旁,進門後約10公尺的左手邊正對可見。
台灣人壽保險股份有限公司(台北分公司),許昌街17號16樓,63000050,25.034594,121.521664,其他,其他場所,保戶櫃台大廳,保戶大廳入口右側
大湖璞旅,成功路五段462號3樓,63000100,25.0733914,121.6064016,旅宿場所,旅館,一樓大廳,櫃台右側，電梯旁
財團法人臺灣敦睦聯誼會所屬作業組織圓山大飯店,中山北路4段1巷1號,63000040,25.078611,121.526287,旅宿場所,旅館,1樓大廳諮詢櫃檯旁邊,圓山大飯店入大廳後前行右邊即可至諮詢櫃檯.櫃檯旁邊即是AED放置處.
臺北市政府工務局新建工程處養護工程隊(南港保養場),向陽路139號,63000090,25.05542,121.593863,其他,其他場所,辦公樓二樓入口處,辦公樓二樓入口處
南湖高中運動中心,康寧路三段220號,63000100,25.066822,121.610897,學校、大型集會場所,健身中心,游泳池階梯看台,游泳池綠色階梯看台最上方中間
臺北市南海發展中心,延平南路207號1、2樓,63000050,25.032802,121.507474,其他,其他場所,1樓公共走道,AED放置於1樓公共走道
台北君品大酒店,承德路一段三號,63000060,25.049469,121.516874,旅宿場所,飯店,六樓大廳,從6F電梯出來，面對西側櫃檯，AED位於右側角落
台北君品大酒店,承德路一段三號,63000060,25.049469,121.516874,旅宿場所,飯店,B3F中控室,B3 中控室
台北君品大酒店,承德路一段三號,63000060,25.049469,121.516874,旅宿場所,飯店,17樓健身房,君品酒店17樓健身房
陽明山臻愛樓,泉源路220號,63000120,25.1412,121.527217,學校、大型集會場所,殯儀館,大廳電梯旁,民眾治喪場所
冠樺生活股份有限公司(環球購物中心南港車站店),忠孝東路七段371號B1,63000090,25.052896,121.60726,大型購物場所,商場,B1A層中央旋轉樓梯後方,B1A層「宸知 」櫃位對面柱子
七星公園-苗圃涼亭(亞洲形上觀音山揹水隊捐贈), ,63000120,25.15149182,121.5465617,其他,其他場所,七星公園-苗圃涼亭(亞洲形上觀音山揹水隊捐贈),七星公園-苗圃涼亭
七星山公園-七星山公園廁所旁(亞洲形上觀音山揹水隊捐贈), ,63000110,25.16405687,121.5570392,交通要衝,機場,七星公園長形涼亭(亞洲形上觀音山揹水隊捐贈),七星公園長形涼亭
七星公園-雙層涼亭(亞洲形上觀音山揹水隊捐贈), ,63000110,25.16567508,121.5640096,其他,其他場所,七星公園-雙層涼亭(亞洲形上觀音山揹水隊捐贈),七星公園-雙層涼亭
星宇航空股份有限公司,忠孝東路四段525號11樓,63000020,25.04216558,121.5615707,長距離交通工具,航空器,星宇客機B-58206,第33排ABC行李艙
星宇航空股份有限公司,忠孝東路四段525號11樓,63000020,25.04216558,121.5615707,長距離交通工具,航空器,星宇客機B-58210,第33排ABC行李艙
星宇航空股份有限公司,忠孝東路四段525號11樓,63000020,25.04216558,121.5615707,長距離交通工具,航空器,星宇客機B-58551,24H前儲物箱
德明財經科技大學,環山路1段56號,63000100,25.086706,121.565225,學校、大型集會場所,大專院校,學生宿舍1F電梯口,學生宿舍1F電梯口
臺北市私立薇閣高級中學,珠海路50號,63000120,25.138874,121.503907,學校、大型集會場所,高中職,綜合大樓一樓健康中心前,本校健康中心前，輔導室樓梯下去，近操場
臺北市北投區湖山里辦公處,湖山路一段48之2號,63000120,25.154443,121.540675,其他,其他場所,湖山路一段48-2號,湖山路一段48-2號(湖山里里辦公處)
山水樂會館,中和街20巷6號,63000120,25.1382,121.504,旅宿場所,飯店,山水樂1F櫃台,山水樂1F櫃台
台灣虎航股份有限公司,敦化北路405巷123弄3號,63000010,25.06304,121.557636,長距離交通工具,航空器,"B-50015航機, 第13排 DEF行李艙",台灣虎航股份有限公司B-50015航機
台灣飛利浦股份有限公司(台北),市民大道六段288號10樓之6,63000020,25.04921453,121.5791373,其他,其他場所,台灣飛利浦接待大廳,位於潤泰松山車站大樓台灣飛利浦10樓辦公室接待櫃台旁，設有透明自動門，有常駐櫃檯人員。如有其他公司行號需求，可隨時告訴櫃檯人員尋求協助。
皇池溫泉御膳館,紗帽路42-2號,63000120,25.13957167,121.5302888,大型公眾浴場或溫泉區,大型公眾浴場,1館櫃台旁,1館大門入口左側
跑者肌地有限公司(跑者肌地),新生北路三段84巷47號,63000040,25.067585,121.526121,學校、大型集會場所,健身房,進門左側,進門後左方牆上
四獸山-象山95峰(亞洲形上觀音山揹水隊捐贈), ,63000020,25.03661554,121.5875426,其他,其他場所,四獸山-象山95峰(亞洲形上觀音山揹水隊捐贈),四獸山-象山95峰
台灣之星電信股份有限公司,堤頂大道2段239號6樓,63000100,25.078695,121.567116,其他,其他場所,6樓梯廳,設置於精英大樓6樓梯廳，玻璃門左手邊
馬槽花藝商行陽明營業所,竹子湖路251巷20號,63000110,25.188826,121.569343,大型公眾浴場或溫泉區,大型公眾浴場,大眾池收票台左側,大眾池收票台左側
超力達工作室(臺北市健力訓練站),大同街137號,63000120,25.135034,121.498594,學校、大型集會場所,健身房,進門右側,進門右側架子上
全球人壽保險股份有限公司,市民大道六段288號4樓,63000020,25.049366,121.579005,其他,其他場所,全球人壽17樓,全球人壽17樓電梯出口，左手邊，於健身房對面。
臺北市立北投國民中學,溫泉路62號,63000120,25.134939,121.50461,其他,其他場所,警衛室內,警衛室近健康中心牆面上
內政部國家公園署陽明山國家公園管理處冷水坑遊客服務站,菁山路101巷170號(冷水坑遊客服務站),63000110,25.165613,121.56391,觀光旅遊地區,國家公園,冷水坑公共溫泉浴室,"冷水坑公共溫泉浴室-男浴室走道(進入入口處)
(114年12月9日起溫泉浴室整修未開放，開放時間另行公告)"
V Line Fitmess,中正路187巷2號1樓,63000110,25.095354,121.5271348,學校、大型集會場所,健身房,進門右側架高,"進門右側
腳踏車旁
架高AED盒"
臺北市文山區明道國民小學,木柵路二段138巷61號,63000080,24.98732,121.562581,其他,其他場所,明道國小明道樓1樓,健康中心
健生活 Living Fitness(艾斯克健身有限公司),林森北路96號2樓,63000040,25.049954,121.524643,其他,其他場所,進門左轉柱子旁,進門左轉柱子旁
東吳大學(雙溪校區),臨溪路70號,63000110,25.094004,121.546276,學校、大型集會場所,大專院校,機車停車場管理哨,"1.籃球場排球場旁，便於取用
2.室內可遮陽及防雨，不易損壞
3.進入校門機車停車場管理哨內"
亞東百貨股份有限公司遠企分公司,敦化南路二段203號,63000030,25.0263107,121.5493623,大型購物場所,百貨業,遠企購物中心,商場1F(客梯前方位置)
華信航空股份有限公司,台北市松山區敦化北路405巷123弄3號,63000010,25.06304,121.557636,長距離交通工具,航空器,B16855飛機,B16855飛機 18排座位KH上方
衛生福利部食品藥物管理署(昆陽大樓),昆陽街161之2號,63000090,25.048951,121.594442,其他,其他場所,本署大門右側,放置於大門內右側
衛生福利部食品藥物管理署(F棟),研究院路一段130巷109號,63000090,25.04767825,121.6112851,其他,其他場所,大門右側,放置於大門內右側
合作金庫商業銀行-西門分行,昆明街77號,63000070,25.04320749,121.5049533,其他,其他場所,1樓往2樓櫃台旁,1樓往2樓櫃台旁
椰子林溫泉會館,行義路269號,63000120,25.137625,121.527753,大型公眾浴場或溫泉區,溫泉區,6號間,櫃台旁6號房間
櫻崗溫泉會館有限公司,行義路300巷3之1號1、2樓,63000120,25.139728,121.528991,大型公眾浴場或溫泉區,溫泉區,櫻崗溫泉會館,廁所外空地
山之林SPA溫泉美食餐廳,行義路402巷15號,63000120,25.141605,121.52962,大型公眾浴場或溫泉區,溫泉區,櫃台,放置於櫃台旁
祿翊健康事業有限公司（FOCUS TRAINING專注訓練空間),南京東路五段208號2樓,63000010,25.051162,121.564946,學校、大型集會場所,健身房,門口,近門口右手邊
北投文物館,台北市北投區幽雅路32號,63000120,25.1380054,121.5144965,大型休閒場所,博物館,北投文物館」本館1樓,「北投文物館」本館玄關一進門左側面對鞋櫃左邊牆角處
台北記憶倉庫,忠孝西路一段265號,63000050,25.047901,121.51217,大型休閒場所,博物館,記憶倉庫,正門入口左側（資訊站旁）
台北美國學校,11152 中山北路六段 800號,63000110,25.1164004,121.5301123,學校、大型集會場所,高中職,Mobile Athletic Trainer’s AED,"2nd ?oor, dance hall athletic training facility, lower wooden cabinet behind desk closest to the wall"
臺北市文山區萬福國民小學,羅斯福路5段170巷32號,63000080,25.004893,121.536712,學校、大型集會場所,國小,川堂,大門進入玻璃門內側右邊
聖宜診所(忠孝),敦化南路一段232巷8號1樓,63000030,25.04081019,121.5476622,其他,其他場所,聖宜診所,病歷室內
豪景大酒店,環河南路一段77號,63000070,25.044624,121.501439,其他,其他場所,四F健身房內,豪景大酒店四樓客用電梯出來右手邊健身房內
豪景大酒店,環河南路一段77號,63000070,25.044624,121.501439,其他,其他場所,大廳大門左方等待區電腦旁,大門左方等待區電腦旁
臺北市文山運動中心,興隆路三段222號,63000080,24.997017,121.559673,學校、大型集會場所,健身中心,2樓大廳,2樓健身房
臺北市立大學天母校區,忠誠路二段101號,63000110,25.115897,121.537253,學校、大型集會場所,大專院校,行政大樓一樓警衛室,警衛室入門左側
菲律賓首都銀行台北分行,忠孝東路四段107號2樓,63000030,25.041841,121.548326,其他,其他場所,2樓營業大廳,2樓營業大廳，大門入口正前方，橘紅色凱樂斯字樣鐵櫃內。
交通部高速公路局北區養護工程分局木柵工務段,新光路2段100號,63000080,25.001125,121.596603,其他,其他場所,辦公大1樓入口大廳,辦公大1樓入口大廳
交通部高速公路局北區養護工程分局內湖工務段,民權東路6段206巷143弄93號,63000100,25.06466,121.598111,其他,其他場所,交通部高速公路局北區養護工程分局內湖工務段,內湖工務段辦公室一樓會客區
台糖台北會館,光復里中華路一段39號,63000050,25.04542,121.509521,其他,其他場所,台糖台北會館,台北市中華路與漢口街交叉口，鄰近西門町、北門、台北郵局
動動MoveMove體適能教室,士東路９１巷３６號1F,63000110,25.112997,121.528655,學校、大型集會場所,健身房,動動櫃檯旁邊,動動櫃檯旁邊
合作金庫商業銀行集中作業中心,延平南路85號6樓,63000050,25.04338689,121.5108022,其他,其他場所,台北市中正區延平南路85號6樓,台北市中正區延平南路85號6樓
康達盛通生活事業股份有限公司三民分公司(三民店),三民路160號,63000010,25.061641,121.563347,大型購物場所,賣場,地下一樓賣場入口,"B1F服務台前左側立柱
(手扶梯口)"
奮發向上健身事業有限公司,信義路四段151號2樓之三,63000030,25.0334487,121.5500708,其他,其他場所,本所辦公桌旁,一進本場所右邊辦公桌旁
美亞商旅股份有限公司,忠孝西路1段50號3~5F,63000050,25.046495,121.515575,旅宿場所,飯店,5樓大廳,5樓大廳電梯旁邊
內政部國家公園署陽明山國家公園管理處陽明書屋管理站,台北市北投區中興路12號,63000120,25.162652,121.540594,觀光旅遊地區,國家公園,服務站內,服務站入口臨櫃台左側方向
內政部國家公園署陽明山國家公園管理處天溪園生態教育中心,至善路3段336巷45號,63000110,25.132304,121.592613,觀光旅遊地區,國家公園,服務站入口進入左側處,位於天溪園生態教育中心入口處左側牆角處，留有可出入通道，方便取用。
台北漁產運銷股份有限公司,萬大路華中橋下堤外拍賣場,63000070,25.013594,121.495496,其他,其他場所,拍賣場,拍賣場電腦室
台北捷運行政大樓,中山北路2段48巷7號,63000040,25.055752,121.521197,其他,其他場所,捷運行政大樓一樓大廳,捷運行政大樓一樓大廳右側
國立臺北商業大學,濟南路一段321號,63000050,25.041874,121.525656,學校、大型集會場所,大專院校,環境暨健康保健組,學校司令台右側後方五育樓一樓
銓敘部,試院路1-2號,63000080,24.988883,121.548751,其他,其他場所,銓敘部銓政樓1樓,銓敘部銓政樓(原名稱中正樓)1樓
日勝生加賀屋國際溫泉飯店,光明路236號,63000120,25.135921,121.50689,大型公眾浴場或溫泉區,溫泉區,4樓櫃檯後方,4樓櫃檯後方
臺北市私立喬治高級工商職業學校,基隆路二段155號,63000020,25.025907,121.554505,學校、大型集會場所,高中職,浩然樓1樓教務處內,教務處
國泰商旅股份有限公司民生分公司(和逸飯店台北民生館),民生東路二段178號,63000040,25.057653,121.536162,其他,其他場所,2F The Lounge,2F The Lounge櫃檯前
Xjumping 68跳床俱樂部南京店,南京東路五段268號三樓,63000010,25.051139,121.566723,學校、大型集會場所,健身中心,休憩區,休憩區電視下
國泰商旅股份有限公司忠孝分公司(和逸飯店台北忠孝館),忠孝東路1段31號,63000050,25.04246,121.53565,其他,其他場所,2樓餐廳,2樓餐廳待位區
天龍興業股份有限公司(天龍三溫暖),重慶北路一段73號9樓,63000060,25.052151,121.514191,大型公眾浴場或溫泉區,大型公眾浴場,大廳,大廳
艋舺就業服務站,艋舺大道101號3樓,63000070,25.033444,121.501374,其他,其他場所,艋舺就業服務站,臺北市萬華區艋舺大道101號3樓
臺北市立興雅國民中學,松德路168巷15號,63000020,25.03642,121.572237,學校、大型集會場所,國中,校門口川堂左側,"校門口川堂左側,健康中心旁"
天母國際聯誼會,中山北路六段88號B1,63000110,25.104917,121.525007,學校、大型集會場所,健身房,B2健身房前,B2健身房前
斜槓人生實業有限公司（FITLAB健身試驗所),東湖路126號2樓,63000100,25.06805,121.616441,學校、大型集會場所,健身房,櫃檯旁,櫃檯旁
新動力體能顧問有限公司,八德路三段212號4樓,63000010,25.048003,121.556747,其他,其他場所,入口左側,大門入口左側
美麗信酒店股份有限公司,市民大道三段83號,63000040,25.044986,121.537029,其他,其他場所,1樓大廳,大廳櫃檯右側方角落
布勒斯運動顧問,復興北路446號,63000040,25.059159,121.547119,學校、大型集會場所,健身房,健身房,健身區飲水機旁
飛健身合作社,永興路一段32巷3弄14號,63000120,25.138462,121.500866,學校、大型集會場所,健身房,飛健身合作社,啞鈴訓練場域
找時間動一動俱樂部,明水路581巷27號地下一樓,63000040,25.08010638,121.5504302,學校、大型集會場所,健身房,找時間動一動俱樂部櫃台前,GAMMA SOFA Taipei Store 義大利進口家具傢&悅氏牙醫中間樓梯入口、下樓梯進門、櫃台前
REFINE FITNESS,中正路122號及122號之一地下一樓,63000110,25.094737,121.524813,學校、大型集會場所,健身房,入口閘門左側柱子,入口閘門左側柱子
中華學校財團法人中華科技大學,研究院路3段245號,63000090,25.033596,121.609889,學校、大型集會場所,大專院校,圖書館一樓,圖書館一樓入口右側
中華學校財團法人中華科技大學,研究院路3段245號,63000090,25.033596,121.609889,學校、大型集會場所,大專院校,學苑一樓入口(男生宿舍),學苑一樓入口(男生宿舍)
國立臺灣藝術教育館-南海劇場,南海路47號,63000050,25.031741,121.511894,大型休閒場所,演藝廳,南海劇場1樓大廳,南海劇場1樓大廳左側液晶螢幕前。
元大銀行中正分行,漢口街一段45號3樓,63000050,25.045296,121.512606,其他,其他場所,3樓辦公場所,3樓辦公場所影印室旁
Fun Fitness運動旅程 士林館,中山北路5段519號2樓,63000110,25.094023,121.527813,其他,其他場所,櫃檯,在2樓櫃檯附近
威利體有限公司,景文街41號2樓,63000080,24.992921,121.57125,其他,其他場所,二樓,運動場館
台北市中山區錦州街基地公共住宅新建工程,吉林段三小段982地號土地,63000040,25.05908,121.526982,其他,其他場所,台北市中山區吉林段三小段982地號土地,新建工程工務所
釋放體能工作室,昆明街79號2樓之2,63000070,25.04286349,121.5048711,學校、大型集會場所,健身房,工作室門口,玻璃門內右側置物櫃上方
喬傑瑞國際有限公司(HIVE FITNESS瘋動健身工作室),興隆路四段54-8號,63000080,24.985844,121.561032,其他,其他場所,櫃台處,櫃台處後方層架
至上電子股份有限公司,港墘路189號6樓,63000100,25.075678,121.574767,其他,其他場所,六樓,辦公室
Fun Fitness運動旅程 公館館,羅斯福路三段272號7樓,63000050,25.016753,121.531941,其他,其他場所,櫃檯,7樓櫃台旁
晶華國際酒店股份有限公司,中山北路2段39巷3號,63000040,25.054187,121.52424,旅宿場所,飯店,飯店大廳,大廳（Harry Winston精品店門口對面)
晶華國際酒店股份有限公司,中山北路2段39巷3號,63000040,25.054187,121.52424,旅宿場所,飯店,員工出入口,員工出入口旁安全室內右側櫃子第一層
晶華國際酒店股份有限公司,中山北路2段39巷3號,63000040,25.054187,121.52424,旅宿場所,飯店,地下三樓健身房,地下三樓健身房內，三溫暖女賓入口右側
健鑫體適能有限公司(FREE POWER 器材代購買賣),新生北路一段83號地下室,63000040,25.05085,121.528306,學校、大型集會場所,健身房,地下室,新生北路一段83號地下室
F45 Training Neihu,瑞光路358巷38弄一號1F,63000100,25.075892,121.57279,其他,其他場所,健身工作室,牆上
時代國際飯店股份有限公司(台北W飯店)安全部,忠孝東路5段10號,63000020,25.039943,121.56688,旅宿場所,飯店,10樓迎賓櫃檯後方,10樓迎賓櫃檯後方
第一商業銀行延平大樓,延平南路38號,63000050,25.04618843,121.5106789,其他,其他場所,大門入口左側、客戶等候椅旁邊,大門入口左側、客戶等候椅旁邊
第一商業銀行永春分行,忠孝東路五段451號,63000020,25.041104,121.576252,其他,其他場所,大門進入右側數位體驗區處,大門進入右側數位體驗區處
第一商業銀行延吉分行,忠孝東路四段289號,63000030,25.041701,121.554714,其他,其他場所,一樓大廳進入後左側,一樓大廳進入後左側
第一商業銀行內湖分行,成功路3段143、145號,63000100,25.07958,121.590008,其他,其他場所,一樓大廳右側客戶寫字檯旁邊,一樓大廳右側客戶寫字檯旁邊
第一商業銀行民生分行,民生東路3段131號,63000010,25.057932,121.547848,其他,其他場所,大門進入後右側、數位體驗區旁邊,大門進入後右側、數位體驗區旁邊
第一商業銀行新生分行,南京東路二段8號,63000040,25.051905,121.528598,其他,其他場所,一樓大廳進入後右側,一樓大廳進入後右側
第一商業銀行華山分行,長安東路1段22號,63000040,25.048894,121.525036,其他,其他場所,一樓大廳進入後右側,一樓大廳進入後右側
第一商業銀行總行營業部,重慶南路1段30號,63000050,25.041934,121.513307,其他,其他場所,一樓營業大廳左側健康量測站旁邊,一樓營業大廳左側健康量測站旁邊
第一商業銀行天母分行,忠誠路一段62號,63000110,25.104853,121.527387,其他,其他場所,大門進入後左側、客戶公用電腦旁邊,大門進入後左側、客戶公用電腦旁邊
第一商業銀行敦化分行,敦化南路2段267號,63000030,25.02525,121.549142,其他,其他場所,大門左側上二樓樓梯旁,大門左側上二樓樓梯旁
時代國際飯店股份有限公司(台北W飯店) 健身房,忠孝東路5段10號,63000020,25.040671,121.565975,旅宿場所,飯店,12樓健身中心,12樓健身中心內部
國立臺灣大學(校總區),羅斯福路4段1號,63000030,25.016323,121.534463,學校、大型集會場所,大專院校,研一女舍,"研一女舍	位於要進研一宿舍的走道上"
國立臺灣大學(長興校區),長興街50號,63000030,25.016473,121.544436,學校、大型集會場所,大專院校,男一舍,位於男一宿舍保全室內
國立臺灣大學(校總區),羅斯福路4段1號,63000030,25.016323,121.534463,學校、大型集會場所,大專院校,女一舍,女一舍傳達室內
國立臺灣大學(校總區),羅斯福路4段1號,63000030,25.016323,121.534463,學校、大型集會場所,大專院校,圖書館,於進入圖書館大廳右手邊之柱子邊
國立臺灣大學(校總區),羅斯福路4段1號,63000030,25.016323,121.534463,學校、大型集會場所,大專院校,國青宿舍,國青大樓櫃台之後方
國立臺灣大學(水源校區),思源街18號,63000050,25.013948,121.530447,學校、大型集會場所,大專院校,水源校區修齊會館,置於修齊會館大門一進入之左手邊
財團法人臺灣敦睦聯誼會所屬作業組織圓山大飯店,中山北路4段1巷1號,63000040,25.078611,121.526287,旅宿場所,旅館,聯誼會孔二故居,聯誼會孔二故居內
華信航空股份有限公司,台北市松山區敦化北路405巷123弄3號,63000010,25.06304,121.557636,長距離交通工具,航空器,B-16857飛機,B-16857飛機
國立臺灣大學(校總區),羅斯福路4段1號,63000030,25.016323,121.534463,學校、大型集會場所,大專院校,女九舍,於女八九宿舍傳達室內，且為壁掛式
馬偕學校財團法人馬偕醫護管理專科學校(關渡校區),聖景路92號,63000120,25.12194737,121.4645596,學校、大型集會場所,大專院校,關渡校區警衛室,關渡校區警衛室
國立臺灣大學(校總區),羅斯福路4段1號,63000030,25.016323,121.534463,學校、大型集會場所,大專院校,女四舍,紹興南路6號（城中區）大廳左前方
國立臺灣大學(校總區),羅斯福路4段1號,63000030,25.016323,121.534463,學校、大型集會場所,大專院校,新生大樓,置於新生教學館1樓教師休息室內
國立臺灣大學(校總區),羅斯福路4段1號,63000030,25.016323,121.534463,學校、大型集會場所,大專院校,語文中心,位於語文中心1樓走道上
國立臺灣大學(校總區),羅斯福路4段1號,63000030,25.016323,121.534463,學校、大型集會場所,大專院校,舊體育館,置於舊體育館進入後左手邊消防栓旁
國立臺灣大學(水源校區),思源街18號,63000050,25.013948,121.530447,學校、大型集會場所,大專院校,水源校區C棟宿舍,放置於水源校區C棟宿舍一進入之正前方，服務台之後方
國立臺灣大學(長興校區),長興街50號,63000030,25.016473,121.544436,學校、大型集會場所,大專院校,男七舍,於男七宿舍從大門進入之左手邊走道上
國立臺灣大學(校總區),羅斯福路4段1號,63000030,25.016323,121.534463,學校、大型集會場所,大專院校,普通大樓,置於普通教學館靠近福利社之走道上
城市學校財團法人臺北城市科技大學,學園路2號,63000120,25.133617,121.468879,學校、大型集會場所,大專院校,圖資大樓3樓入口處,圖資大樓3樓大門入口處
彰化商業銀行中崙分行,八德路二段201號,63000040,25.0467443,121.5392342,其他,其他場所,接待大廳保全座位旁,接待大廳保全座位旁
馬偕學校財團法人馬偕醫護管理專科學校(關渡校區),聖景路92號,63000120,25.12194737,121.4645596,學校、大型集會場所,大專院校,關渡校區慈輝樓4樓,關渡校區慈輝樓4樓
太平洋崇光百貨股份有限公司天母分公司,中山北路六段77號,63000110,25.104745,121.524536,大型購物場所,百貨業,SOGO天母店1樓北大門旁,1樓北大門旁
太平洋崇光百貨股份有限公司,忠孝東路四段45號,63000030,25.041893,121.544667,大型購物場所,百貨業,1樓西後出口,1樓西後出口
太平洋崇光百貨股份有限公司復興分公司,忠孝東路三段300號,63000030,25.041442,121.543082,大型購物場所,百貨業,B2樓手扶梯旁,B2樓手扶梯旁
推動力體適能運動有限公司（PUSH Fitness),和平東路二段163號1樓,63000030,25.025329,121.541535,學校、大型集會場所,健身房,台北市大安區和平東路二段163號1樓,辦公室門口旁
長源汽車台北服務廠,濱江街321號,63000040,25.0725,121.547395,其他,其他場所,1F,顧客休息室
動動MOVEMOVE體適能教室-天母館,士林區士東路91巷49號,63000110,25.113727,121.529745,學校、大型集會場所,健身房,台北市士林區士東路91巷49號,位在動動天母館-櫃台旁
台北寒舍喜來登大飯店,忠孝東路1段12號,63000050,25.044786,121.522318,旅宿場所,飯店,一樓安全室外面,飯店正後方安全室與飯店後門之間壁掛
和泰汽車股份有限公司,松江路121號4樓,63000040,25.052523,121.533406,其他,其他場所,4樓大廳,盤谷大樓4樓
北投麗禧溫泉酒店,幽雅路30號,63000120,25.137952,121.514833,旅宿場所,旅館,一樓大廳櫃台旁,一樓大廳櫃台旁
寒舍台北喜來登大飯店,忠孝東路一段12號,63000050,25.044742,121.522243,旅宿場所,旅館,17樓會員俱樂部內,17樓會員俱樂部內通往18樓泳池迴旋梯入口處左側
傑克在健身（敦南館）,忠孝東路四段147巷1號11樓,63000030,25.0417539,121.5497725,學校、大型集會場所,健身房,入口旁,入口旁
台北寒舍喜來登大飯店,忠孝東路1段12號,63000050,25.044786,121.522318,旅宿場所,飯店,一樓團體報到櫃檯旁,進入大廳右手邊團體報到櫃台旁
原點肌力體能訓練,羅斯福路三段140巷2-3號一樓,63000050,25.0198553,121.528411,其他,其他場所,入口處,入口處
達康勁健康事業股份有限公司,新生南路一段155號B1,63000030,25.0351496,121.5330041,大型休閒場所,運動場館(如小巨蛋),門口,健身房
模範體能實業社,東湖路11號二樓,63000100,25.068894,121.612816,學校、大型集會場所,健身房,櫃台,櫃台與門口之間
AXIS FITNESS 亞西斯VIP私人健身會館,忠孝東路三段249-1號2樓,63000030,25.041891,121.541498,學校、大型集會場所,健身房,心肺區,放置於AXIS VIP私人健身會館心肺區跑步機旁邊。
台北運動健身中心,長安東路一段21號B1,63000040,25.049707,121.523316,學校、大型集會場所,健身房,櫃台左前方,櫃台左前方
曌躍股份有限公司,文德路108號B1,63000100,25.07818,121.583154,學校、大型集會場所,健身房,櫃台入口處,櫃台入口處
統一時代百貨台北店,忠孝東路5段8號,63000020,25.040587,121.565888,大型購物場所,百貨業,統一時代百貨 台北店 7F,7F贈品台
好時光松江樂園,長安東路二段49號2樓,63000030,25.048574,121.5324,學校、大型集會場所,健身房,健身用具的架子上,健身用具的架子上
好時光南京樂園,龍江路96號4樓,63000040,25.052397,121.540351,學校、大型集會場所,健身房,辦公室牆上,辦公室牆上
好時光西湖樂園,內湖路一段321號2樓,63000100,25.082385,121.567905,學校、大型集會場所,健身房,辦公室內櫃子上,辦公室內櫃子上
好時光民權樂園,中山區中山北路三段1號,63000050,25.063935,121.522626,學校、大型集會場所,健身房,休息區椅子上,休息區椅子上
柯達大飯店 台北天津,中山北路一段53巷22號,63000040,25.048823,121.523208,旅宿場所,旅館,一樓大廳旁,一樓大廳旁
臺北市私立惇?高級工商職業學校,泉源路221號,63000120,25.144847,121.52698,學校、大型集會場所,高中職,學務處,台北市北投區泉源路221號距龍鳳谷遊客中心步行約5分鐘
達新壯股份有限公司(Hypercore超核心健身中心台北內湖成功館),成功路4段168號B2,63000100,25.083084,121.593307,學校、大型集會場所,健身房,有氧器材區,有氧器材後方飲水機旁邊。
列特博運動健身機構,大業路700號 (列特博運動健身機構),63000120,25.1370121,121.5022063,學校、大型集會場所,健身房,列特博運動健身機構休息區,列特博運動健身機構休息區，廁所門口
臺北市中山區濱江國民小學,樂群二路266巷99號,63000040,25.078001,121.561637,其他,其他場所,泳池場館(觀看休息室),放置於泳池場館的觀看休息室內
PulseGym建國店,建國北路一段96號1樓,63000040,25.050301,121.536327,學校、大型集會場所,健身房,入門左側,入門左側櫃檯前方
嘉和智能科技股份有限公司 中山營業處（PULSE GYM)中山店,南京西路32號2樓,63000060,25.052635,121.519713,學校、大型集會場所,健身房,櫃台左側,放置於櫃檯入口的左手邊
傑瑞運動整合有限公司,汀州路三段61號,63000040,25.018151,121.528203,學校、大型集會場所,健身房,門口,櫃台與門口中間
初健身TRUE GYM,中山北路二段59巷28號,63000040,25.055819,121.5241,其他,其他場所,門口,美髮店對面
和怡商旅股份有限公司,重陽路122號,63000090,25.056819,121.599957,旅宿場所,旅館,B1健身房,位於和怡商旅G樓出電梯右手邊
臺灣集中保管結算所股份有限公司,復興北路363號2樓,63000010,25.060561,121.544388,其他,其他場所,台北市松山區復興北路365號8樓,8樓數位暨資安部
英屬維京群島商李肇勳國際室內設計顧問股份有限公司台灣分公司,復興北路420號5樓,63000040,25.062783,121.543869,其他,其他場所,辦公室外面,於電梯門出來右手邊
臺北市私立延平高級中學,建國南路1段275號,63000030,25.036378,121.538413,學校、大型集會場所,高中職,昭陽樓3樓,昭陽樓與進英樓交接處
PFC肌力與體能訓練,忠孝東路四段250號2樓之4,63000030,25.041122,121.55412,學校、大型集會場所,健身房,PFC肌力與體能訓練,大門旁
三健客體能顧問工作室,港華街18號1樓,63000100,25.082189,121.577277,學校、大型集會場所,健身房,休息室外,1樓休息室外
超越健身工坊,仁愛路四段341號2樓,63000030,25.038108,121.553906,學校、大型集會場所,健身房,超越健身工坊,飲水機旁
運動皮質區體適能訓練所,和平東路一段274之1號4樓,63000030,25.02595039,121.5340927,學校、大型集會場所,健身房,門口,和樂大樓上4樓藍色大門進來
Blitz,光復北路129號地下,63000010,25.0525144,121.5572099,大型休閒場所,運動場館(如小巨蛋),一下樓梯右手邊,一下樓梯右手邊飲水機牆正後面
香港商世界健身事業有限公司北投中和分公司,中和街366-1號,63000120,25.141857,121.499229,學校、大型集會場所,健身房,健身房1樓,客服櫃台旁
幾點練健身工坊,忠孝東路六段5號一樓,63000090,25.045778,121.5828551,學校、大型集會場所,健身房,櫃檯後方,櫃檯後方牆上
AT力場，絕對領域健康股份有限公司,忠孝東路四段223巷10弄2號2樓,63000030,25.041953,121.553165,學校、大型集會場所,健身房,入口處,大門入口進入後右手邊牆上
臺北市大同區公所建功里里民活動場所,重慶北路一段83巷37號,63000060,25.052949,121.515472,其他,其他場所,重慶北路一段83巷37號,臺北市大同區公所建功里里民活動場所內右側
仙妮蕾德餐旅管理有限公司 茹曦酒店,敦化北路100號,63000010,25.052339,121.548598,旅宿場所,飯店,1樓大廳,1樓大門左側(面對櫃檯右側)走廊
Mitsui Shopping Park LaLaport 南港,經貿二路131號,63000090,25.05934497,121.6175826,大型購物場所,百貨業,1F服務台,1F服務台
潤泰旭展股份有限公司(CITYLINK南港店),忠孝東路七段369號,63000090,25.05267019,121.6072083,大型購物場所,商場,C棟5樓洗手間入口處,C棟5樓洗手間入口處
BIG BOSS SPORTS CENTER大老闆運動中心,舊莊街一段196號2樓,63000090,25.038552,121.622085,學校、大型集會場所,健身房,櫃台休息區,一進門右手邊，即可看到
麥威肌力體能股份有限公司(MYWAY Fitness),復興南路一段2號B1,63000040,25.047122,121.543635,學校、大型集會場所,健身房,大門前柱,大門口進來第一個柱子轉角處
群康彼拉提斯(大東),大東路162號2樓,63000110,25.09258425,121.5253362,學校、大型集會場所,健身房,行政櫃台旁,行政櫃檯旁邊
關渡自然公園,關渡路55號,63000120,25.119378,121.471433,觀光旅遊地區,地方政府主管風景區,票亭,園區入口票亭
台北市立中正國中游泳池,愛國東路158號-游泳池,63000050,25.0323216,121.5220569,學校、大型集會場所,國中,藍鯨游泳學校(中正國中校區),泳池大廳
良想貴工作室,成功路二段309號1樓,63000100,25.06964,121.590844,其他,其他場所,Charles Fitness,健身房內一樓右邊牆壁
萬泰物流供應鏈股份有限公司,八德路二段308號5樓,63000040,25.0455188,121.5428451,其他,其他場所,G樓大廳,G樓大廳
臺北市立成功高級中學,濟南路一段71號,63000050,25.042334,121.523687,學校、大型集會場所,高中職,學務處前走廊,成功高中學務處前走廊
加勒比健康事業股份有限公司(日本伊藤萬台北艋舺校),西園路二段320巷55弄3號B1,63000070,25.027829,121.491611,其他,其他場所,休息區,雙園國中的游泳池民眾休息區
遊戲橘子數位科技股份有限公司,瑞湖街111號,63000100,25.071724,121.576463,其他,其他場所,1樓大廳右側匝門口,放置於1樓大廳右側匝門入口牆邊
Jessica’s fitness,中南街140-5號1樓,63000090,25.052024,121.615153,其他,其他場所,台北市南港區中南街140-5號1樓,大門入口處右邊牆上
優競健身事業股份有限公司,安和路一段27號B1,63000030,25.03932,121.550473,學校、大型集會場所,健身房,安和路一段27號B2,公共空間易取得處
優競健身事業股份有限公司,安和路一段27號B1,63000030,25.03932,121.550473,學校、大型集會場所,健身房,VIP室,VIP室，一下樓梯轉角處。
國民革命忠烈祠,北安路139號,63000040,25.078381,121.533128,觀光旅遊地區,文化園區,安管桌後,安管桌後
群安健康事業有限公司,長春路368號2樓之1,63000040,25.035513,121.543927,學校、大型集會場所,健身房,台北市中山區長春路368號2樓之1,皮拉提斯教室
菲特邦健康管理,中山北路二段77巷14號3樓,63000040,25.05737,121.524349,學校、大型集會場所,健身房,運動教室內,進門左側，教室後方
星宇航空股份有限公司,忠孝東路四段525號11樓,63000020,25.04216558,121.5615707,長距離交通工具,航空器,星宇客機B-58301,第68排HK行李艙
香港商世界健身事業有限公司台北長春分公司,長春路90號1樓,63000040,25.054791,121.527053,學校、大型集會場所,健身房,一樓大廳處,一樓大廳往B1樓層轉角處
柯達大飯店股份有限公司中山分公司,中山北路二段139號,63000040,25.061986,121.523074,旅宿場所,旅館,接待大廳自動門左側,一樓接待大廳自動門左側
柯達大飯店台北一店,中山北路二段11巷1號,63000040,25.052813,121.523346,其他,其他場所,一樓商務中心內,放置於一樓商務中心內
柯達大飯店股份有限公司松江分公司,松江路251號,63000040,25.05933,121.533459,旅宿場所,旅館,一樓電梯口左側,一樓電梯口左側
台北寒舍喜來登大飯店,忠孝東路1段12號,63000050,25.044786,121.522318,旅宿場所,飯店,B2宴會廳吸菸室旁,喜來登B2宴會廳吸菸室及梅廳中間
OPTiMAX動作重塑與肌力訓練,明水路678號,63000040,25.0838246,121.5512333,學校、大型集會場所,健身房,一樓場館大廳,放置於一樓場館大廳，進入大門直走左側牆上
狂潮健身事業有限公司,信義路四段456號B1,63000020,25.03288,121.558182,學校、大型集會場所,健身房,櫃台,櫃台
Curves可爾姿 建國長春店,建國北路二段74號3F,63000040,25.055047,121.536437,學校、大型集會場所,健身房,Curves可爾姿 建國長春店,台北市中山區建國北路二段74號3樓的女性健身房的運動區內(牆角)
跨越體適能有限公司,和平東路三段333號地下,63000020,25.018705,121.558744,學校、大型集會場所,健身房,場所大廳,櫃檯旁邊
宏匯瑞光廣場335號B棟,瑞光路335號,63000100,25.0774077,121.5750805,其他,其他場所,本棟一樓大廳,入口左手側
尋動率,廈門街75-1號1樓,63000050,25.024734,121.517503,學校、大型集會場所,健身房,健身房門口,健身房入口之左側牆壁，變電箱旁。
有道工作室,木柵路三段48巷1弄7號,63000080,24.987783,121.564992,學校、大型集會場所,健身房,鏡牆左側,自大門進入前方左側靠牆處
PQ FITNESS,忠誠路一段60號B1F,63000110,25.1048744,121.5272749,其他,其他場所,櫃檯前方,櫃檯前方
彰化商業銀行中正分行,金山南路一段47號1樓,63000050,25.0392718,121.5289071,其他,其他場所,一樓營業廳大門進入左側,一樓營業廳大門進入左側
台北健身院八德店,台北市松山區八德路四段656號,63000010,25.0498402,121.5754394,其他,其他場所,機械拉背的後方走道,機械拉背的後方走道
臺北市士林區社子國民小學,延平北路六段308號,63000110,25.085495,121.507988,其他,其他場所,民生樓 游泳池,進入校門口經中操場，民生樓左側游泳池
臺北市大安區大安國民小學,臥龍街129號,63000030,25.020012,121.549076,其他,其他場所,學務處旁,學務處旁
臺北市大安區大安國民小學,臥龍街129號,63000030,25.020012,121.549076,其他,其他場所,游泳池2樓,活動中心1 樓
臺北市溪山實驗國民小學,至善路3段199號,63000110,25.095049,121.524608,其他,其他場所,校園內健康中心門口,放置於校園內健康中心門口
臺北市文山區力行國民小學,木新路三段155巷7號2樓,63000080,24.980969,121.561162,其他,其他場所,臺北市文山區力行國民小學,警衛室旁
新光三越百貨股份有限公司台北信義分公司三館,松壽路9號,63000020,25.036086,121.566478,大型購物場所,百貨業,3樓哺集乳室,3樓哺集乳室外面
Hotel Indigo Taipei North 台北大直英迪格酒店,植福路200號,63000040,25.083544,121.559553,旅宿場所,飯店,飯店大廳櫃台辦公室,辦公室內
曼時光工作室,文林路205號3樓,63000110,25.0901023,121.5270008,學校、大型集會場所,健身房,三樓室內,3樓室內
宏匯瑞光廣場333號A棟,瑞光路333號,63000100,25.07702458,121.5744301,其他,其他場所,本棟一樓大廳,面向1樓大廳櫃檯左手側
國家表演藝術中心國家兩廳院(國家戲劇院),中山南路21-1號,63000050,25.037355,121.519244,大型休閒場所,電影片映演場所(戲院、電影院),實驗劇場,3樓實驗劇場
臺北市指南實驗國民小學,指南路三段38巷5-2號,63000080,24.992921,121.57125,其他,其他場所,活動中心大門旁,活動中心大門柱子旁(室外)
臺北市私立薇閣國民小學,育仁路106號,63000120,25.135958,121.501023,學校、大型集會場所,國小,健康中心,健康中心:一進校門口後，經過警衛室，直走經過校友館後，就可以看到學校的健康中心。
遠雄房地產發展股份有限公司,基隆路一段200號(遠雄房地產),63000020,25.040171,121.563538,其他,其他場所,遠雄房地產發展股份有限公司,行銷管理室設置一台
健骨頭有限公司,八德路四段691號2樓,63000010,25.05020176,121.5764908,學校、大型集會場所,健身房,健身區,健身區
臺北市士林運動中心,士商路一號,63000110,25.089668,121.521411,學校、大型集會場所,健身中心,"放置三樓游泳池場館,靠近服務櫃檯處","放置三樓游泳池場館,靠近服務櫃檯處"
雀客國際酒店股份有限公司雀客藏居台北陽明山,格致路237號,63000110,25.14344075,121.548864,大型公眾浴場或溫泉區,溫泉區,111台北市士林區格致路237號 一樓櫃台,111台北市士林區格致路237號
力平方有限公司,忠孝東路三段303號,63000030,25.041865,121.543516,學校、大型集會場所,健身房,忠孝東路三段303號,健身房櫃檯後面
臺北市勞動力重建運用處,艋舺大道101號4樓、5樓,63000070,25.03335,121.499863,其他,其他場所,5樓,總收文處
久舜營造股份有限公司,新湖二路257號2F,63000100,25.063758,121.581773,其他,其他場所,大門右側,大門右側
全創適能有限公司 / 橡體有限公司,中山北路1段33巷25號,63000040,25.048546,121.523022,學校、大型集會場所,健身房,一樓大廳,植健身中山店一樓大廳
蟾蜍山聚落文化中心煥民新村,羅斯福路四段119巷66弄12號,63000030,25.0094299,121.539334,觀光旅遊地區,文化園區,蟾蜍山大客廳,門口
大稻埕碼頭貨櫃市集,民生西路底(5號水門-大稻埕碼頭貨櫃市集),63000060,25.0561283,121.5074276,觀光旅遊地區,地方政府主管風景區,服務台,大稻埕碼頭貨櫃市集服務台
her fitness她的專屬健身空間(忠孝店),忠孝東路四段226號8樓,63000030,25.04121218,121.5536711,其他,其他場所,本場館入口處,"阿波羅大廈Ｅ棟8樓
場所有門禁需聯絡後再前往。"
奧斯卡建設股份有限公司,南京東路二段206號9樓之1,63000040,25.051839,121.535847,其他,其他場所,辦公室門口右側,國揚萬商大樓-奧斯卡建設9樓之1大門口
香港商鈦澤集團有限公司-台灣分公司,民權東路三段2-1號2樓,63000040,25.0621,121.537862,其他,其他場所,進門靠左側1號櫃檯旁,進門靠左側1號櫃檯旁
Sweet*慢走體適能,中山北路六段284號,63000110,25.110115,121.52568,學校、大型集會場所,健身房,櫃檯前方,運動訓練場所
玉泉公園游泳池,西寧北路28號B1,63000060,25.0501111,121.5074685,其他,其他場所,玉泉公園游泳池大廳,玉泉公園游泳池大廳
建南區民活動中心,信義路3段134巷82號2樓,63000030,25.029428,121.53928,其他,其他場所,活動中心內,活動中心內
冠競健康事業股份有限公司,洲子街55號1樓,63000100,25.079305,121.573572,學校、大型集會場所,健身房,台北市內湖區洲子街55號一樓,UFC GYM
天天健體能訓練,松江路275號b1,63000040,25.057855,121.529734,學校、大型集會場所,健身房,櫃台門口,大門進來左手邊
雞心崙觀景平台(亞洲形上觀音山揹水隊捐贈),,63000110,25.16564164,121.5639497,觀光旅遊地區,地方政府主管風景區,雞心崙觀景平台-(亞洲形上觀音山揹水隊捐贈),雞心崙觀景平台
碧湖公園游泳池,內湖路二段103巷66號,63000100,25.08284723,121.5809774,觀光旅遊地區,民營遊樂業,本池櫃台,櫃台
財團法人台北市中華基督教青年會萬華會館,昆明街290號,63000070,25.038275,121.503806,學校、大型集會場所,健身房,1樓泳池櫃台,於本館1樓泳池外櫃台區的明顯處
嘉興區民活動中心,樂業街97號地下1樓,63000030,25.021089,121.551905,其他,其他場所,活動中心內,活動中心內
中國石油化學工業開發股份有限公司臺北營業所,東興路12號(臺北營業所),63000010,25.0496968,121.5650519,其他,其他場所,本棟大樓11樓,電梯口
Circus Corner,承德路二段67號1樓,63000060,25.055749,121.518345,學校、大型集會場所,健身中心,台北市大同區承德路二段67號1樓,運動中心
群康健康事業股份有限公司,天玉街15號1樓,63000110,25.1188588,121.5275888,學校、大型集會場所,健身房,群康彼拉提斯,行政櫃檯旁邊
交通部臺灣鐵路管理局臺北運務段臺北站,北平西路3號1樓,63000050,25.047924,121.517081,交通要衝,台鐵車站,B2F月台層第四月台嚮導室內,地下二樓月台層第四月台嚮導室內
大湖公園游泳池,成功路五段31號,63000100,25.08283517,121.6039818,大型公眾浴場或溫泉區,大型公眾浴場,二樓健身房,二樓健身房
站前聖宜診所,許昌街42號7樓,63000050,25.045406,121.515506,其他,其他場所,站前聖宜診所,診所病歷室
昌隆區民活動中心,市民大道3段206號4樓之1,63000030,25.044319,121.539878,其他,其他場所,活動中心內,活動中心內
光信區民活動中心,延吉街236巷17號2樓,63000030,25.03613,121.555014,其他,其他場所,活動中心內,活動中心內
瑞安區民活動中心,瑞安街71巷2號3樓,63000030,25.028037,121.541423,其他,其他場所,活動中心內,活動中心內
臺北市士林區雨農國民小學,忠義街1號,63000110,25.105257,121.529834,學校、大型集會場所,國小,學校小穿堂,靠近校門口
辛亥區民活動中心,辛亥路1段臨141號,63000030,25.022429,121.5327,其他,其他場所,活動中心內,活動中心內
臺北市內湖區湖濱里區民活動中心,內湖路2段346號1樓,63000100,25.081888,121.589994,其他,其他場所,內湖路2段346號1樓,湖濱區民活動中心
臺北市內湖區紫陽里里民活動場所,文德路210巷30弄27號,63000100,25.07707,121.584762,其他,其他場所,文德路210巷30弄27號,大門入口處
七星山主峰(冷水坑遊客服務站)-(亞洲形上觀音山揹水隊捐贈), ,63000110,25.16564018,121.5639337,其他,其他場所,七星山主峰(亞洲形上觀音山揹水隊捐贈),七星山主峰及七星山東峰間步道三岔路口
臺北市政府市政大樓,臺北市市府路1號,63000020,25.038211,121.564359,其他,其他場所,西大門服務臺,西大門
境力健康事業有限公司,中山北路六段258號,63000110,25.109536,121.525579,學校、大型集會場所,健身房,境FITNESS,運動訓練班
柯達大飯店台北敦南,敦化南路二段238號,63000030,25.021106,121.548324,旅宿場所,旅館,一樓接待大廳,放置於一樓接待櫃臺右前方
臺北市文山區永建國民小學,木柵路1段311巷1號,63000080,24.988241,121.554541,學校、大型集會場所,國小,總務處旁走廊牆上,永建國小總務處門口牆上
海克利斯運動器材有限公司,民族東路10號4樓,63000040,25.068251,121.523837,其他,其他場所,4樓入口大廳,4樓進門左手邊
北投青磺名湯(沉逸齋有限公司),中央北路1段12號1樓,63000120,25.133906,121.501112,大型公眾浴場或溫泉區,溫泉區,北投青磺名湯一樓大廳,放置於大廳顯眼處，入口進來後左手邊即可看到(即一樓大廳電梯出口的牆邊)，取用及時方便
南陽實業股份有限公司台北分公司 內湖服務廠,內湖路1段332號,63000100,25.081281,121.570091,大型購物場所,商場,休息區旁邊,休息區旁邊
南陽實業 現代汽車北投廠,承德路七段95號,63000120,25.111542,121.509732,大型購物場所,商場,休息區旁邊,休息區旁邊
忠初我有限公司,光復北路30號2樓,63000010,25.044526,121.534645,大型休閒場所,運動場館(如小巨蛋),啞鈴放置區,啞鈴放置區牆壁上
合作金庫人壽保險股份有限公司,南京東路二段85.87號5樓,63000040,25.05223435,121.5361858,其他,其他場所,台北市中山區南京東路二段85.87號5樓,台北市中山區南京東路二段85.87號5樓 大廳電梯旁
東吳大學(雙溪校區),臨溪路70號,63000110,25.094004,121.546276,學校、大型集會場所,大專院校,雙溪校區綜合大樓1樓軍訓室門口,"1.開放式空間，便於取用
2.具有簷廊遮陽及防雨，不易損壞
3.位於軍訓室及哨亭附近，方便支援"
新光三越百貨股份有限公司台北信義分公司,松壽路11號,63000020,25.036218,121.567269,大型購物場所,百貨業,6F醫務室,6F醫務室
Power Bank運動教室,辛亥路五段35號1樓,63000080,24.9995279,121.554033,學校、大型集會場所,健身房,場館進出口左側,場館進出口左側
臺北市中山區大佳國民小學,濱江街107號,63000040,25.073294,121.536367,其他,其他場所,穿堂,穿堂
財團法人台北市文化基金會北投中心新村,新民路22巷9號,63000120,25.138994,121.507484,其他,其他場所,中心新村遊客服務中心,放置於中心新村遊客服務中心內落地窗前。
德明財經科技大學,環山路1段56號,63000100,25.086706,121.565225,學校、大型集會場所,大專院校,四合院服務樓2樓川堂走道處,四合院-服務樓2樓川堂走道處
天成大飯店,忠孝西路一段四十三號,63000050,25.0467151,121.5156511,旅宿場所,旅館,17樓健身房,天成大飯店17樓健身房
合作金庫商業銀行,台北市松山區長安東路2段225號,63000010,25.048797,121.545474,其他,其他場所,合作金庫商業銀行總行大樓A棟1樓,放置於總行大樓1樓開標室前等候空間
統一速達股份有限公司,重陽路200號5樓,63000090,25.057802,121.602424,其他,其他場所,台北市南港區重陽路200號5樓電梯口,台北市南港區重陽路200號5樓電梯口
星宇航空股份有限公司,忠孝東路四段525號11樓,63000020,25.04216558,121.5615707,長距離交通工具,航空器,星宇客機B-58205,第33排ABC行李艙
上竣運動有限公司,成功路三段141號3樓,63000100,25.079545,121.589978,學校、大型集會場所,健身房,壁掛露臺,放置壁掛露臺，牆上
JR東日本大飯店 台北,南京東路三段133號,63000040,25.052302,121.541329,交通要衝,捷運站,13F,JR東日本大飯店台北13F
JR東日本大飯店 台北,南京東路三段133號,63000040,25.052302,121.541329,交通要衝,捷運站,9F,JR東日本大飯店台北9F
JR東日本大飯店 台北,南京東路三段133號,63000040,25.052302,121.541329,交通要衝,捷運站,1F,JR東日本大飯店台北1F
JR東日本大飯店 台北,南京東路三段133號,63000040,25.052302,121.541329,交通要衝,捷運站,B1,JR東日本大飯店台北B1
心安實業(X-Fitstudio體適能健體空間),中山北路二段56號3樓,63000040,25.056511,121.522525,其他,其他場所,台北市中山區中山北路二段56號三樓,中山北路二段56號 7-11樓上
柯達大飯店股份有限公司長安分公司,松江路61-1號,63000040,25.04874,121.533163,其他,其他場所,一樓接待大廳,一樓電梯口
RNA,南京東路五段62號2樓,63000010,25.05128,121.560603,學校、大型集會場所,健身房,RNA重訓教室,深蹲架旁邊
JUNGLE CENTER,台北市松山區光復南路1號B1,63000010,25.047991,121.557989,其他,其他場所,台北市松山區光復南路1號B1,位於新普資訊大樓與老賴茶棧旁的地下室出入口
宏匯瑞光廣場337號C棟,瑞光路337號,63000100,25.07786514,121.5755459,其他,其他場所,本棟一樓大廳,入口處左手側
誠品股份有限公司–誠品電影院,菸廠路88號(誠品電影院),63000020,25.044561,121.561351,大型休閒場所,電影片映演場所(戲院、電影院),B2F誠品電影院,B2F誠品電影院影廳大門入口旁
微風置地股份有限公司松高分公司,松高路16號,63000020,25.038983,121.567273,大型購物場所,百貨業,3F女廁前面,3F女廁前面
萬美社區管理委員會,萬美街2段2巷1號,63000080,25.003439,121.562612,其他,其他場所,1號1樓樓梯間,1號1樓樓梯間
臺北流行音樂中心,市民大道八段99號,63000090,25.052319,121.59861,大型休閒場所,演藝廳,哺集乳室（市民大道側）,位於市民大道側，天橋下方附近
國立臺北科技大學,忠孝東路3 段1號,63000030,25.04246,121.53565,學校、大型集會場所,大專院校,第3教學大樓,第三教學大樓有多個出入口，AED設置於聯合服務中心對面
國立臺北科技大學,忠孝東路3 段1號,63000030,25.04246,121.53565,學校、大型集會場所,大專院校,學生宿舍二舍,學生宿舍二舍門口
國立臺灣大學(校總區),羅斯福路4段1號,63000030,25.016323,121.534463,學校、大型集會場所,大專院校,新體育館,位於進門右手邊樓梯下樓處
台灣虎航股份有限公司,敦化北路405巷123弄3號,63000010,25.06304,121.557636,長距離交通工具,航空器,"B-50022航機, 第13排 DEF行李艙",台灣虎航股份有限公司B-50022航機
國立臺北科技大學,忠孝東路3 段1號,63000030,25.04246,121.53565,學校、大型集會場所,大專院校,土木館,土木館門口
臺北流行音樂中心,市民大道八段99號,63000090,25.052319,121.59861,大型休閒場所,演藝廳,文化館4樓,文化館4樓出電梯左轉
臺北流行音樂中心,市民大道八段99號,63000090,25.052319,121.59861,大型休閒場所,演藝廳,產業區1樓梯廳（忠孝東路側）,產業區1樓梯廳（忠孝東路側）
國立臺北科技大學,忠孝東路3 段1號,63000030,25.04246,121.53565,學校、大型集會場所,大專院校,設計館,設計館門口
臺北流行音樂中心,市民大道八段99號,63000090,25.052319,121.59861,大型休閒場所,演藝廳,產業區1樓梯廳（市民大道側）,產業區1樓梯廳（市民大道側）
國立臺灣大學(校總區),羅斯福路4段1號,63000030,25.016323,121.534463,學校、大型集會場所,大專院校,社科學院警衛室,徐州路21號（城中區）警衛室內左方
國立臺灣大學(校總區),羅斯福路4段1號,63000030,25.016323,121.534463,學校、大型集會場所,大專院校,第2活動中心,於第二活動中心大廳之保全崗哨後方
國立臺北科技大學,忠孝東路3 段1號,63000030,25.04246,121.53565,學校、大型集會場所,大專院校,綜合科館,綜合科館第一演講廳旁
國立臺灣大學(校總區),羅斯福路4段1號,63000030,25.016323,121.534463,學校、大型集會場所,大專院校,天文數學館,置於天文數學館1樓機房內
國立臺灣大學(校總區),羅斯福路4段1號,63000030,25.016323,121.534463,學校、大型集會場所,大專院校,辛亥路警衛室內,置於辛亥路警衛室內
國立臺灣大學(校總區),羅斯福路4段1號,63000030,25.016323,121.534463,學校、大型集會場所,大專院校,羅斯福路崗亭,置於羅斯福路崗亭內
國立臺灣大學(校總區),羅斯福路4段1號,63000030,25.016323,121.534463,學校、大型集會場所,大專院校,電機2館,放置於電機二館大門進入後，右手邊樓梯旁
國立臺灣大學(醫學校區),仁愛路1段1號,63000050,25.040772,121.520655,學校、大型集會場所,大專院校,公衛學院,置於公衛大樓大門一進入之正前方
國立臺灣大學(校總區),羅斯福路4段1號,63000030,25.016323,121.534463,學校、大型集會場所,大專院校,禮賢樓,置放於入口右側電梯前轉角處
健身工廠長春廠,遼寧街177號B2、B3、B3-2,63000040,25.05279586,121.5423653,學校、大型集會場所,健身房,B2櫃檯右方直行,B2櫃檯右方直行
青年公園游泳池,水源路199號,63000070,25.022041,121.506907,其他,其他場所,游泳池一樓大廳,青年公園游泳池大樓
德明財經科技大學,環山路1段56號,63000100,25.086706,121.565225,學校、大型集會場所,大專院校,研究推廣大樓1F警衛室門口,位於學校外圍 巷弄內 ( 文湖街81巷5號1F )研究推廣大樓1F警衛室門口
德明財經科技大學,環山路1段56號,63000100,25.086706,121.565225,學校、大型集會場所,大專院校,研究推廣大樓7F電梯出口左側,研究推廣大樓 7F 電梯出口左側 逃生門牆面
德明財經科技大學,環山路1段56號,63000100,25.086706,121.565225,學校、大型集會場所,大專院校,中正樓1F大門口內左側,1F大門口內左側小門通道觸口
德明財經科技大學,環山路1段56號,63000100,25.086706,121.565225,學校、大型集會場所,大專院校,又新樓4F財務經融系辦門口外,4F財務經融系辦公室門口外
臺北市政府社會局委託財團法人伊甸社會福利基金會經營管理臺北市興隆照顧中心,興隆路4段105巷45號2樓,63000080,24.9882386,121.5627241,其他,其他場所,興隆照顧中心大門入口處,大門入口處左側
臺北市政府社會局委託財團法人伊甸社會福利基金會經營管理臺北市興隆照顧中心,興隆路4段105巷45號2樓,63000080,24.9882386,121.5627241,其他,其他場所,興隆照顧中心內護理站旁,興隆照顧中心內護理站旁
Bounce8,天母東路8巷80號,63000110,25.115072,121.530555,其他,其他場所,教室門口邊,AED設備擺放在教室入口旁，AED檢核表也置於設備上方明顯可見之處
慈音山莊休閒農場,老泉街26巷11號,63000080,24.9662587,121.5662608,觀光旅遊地區,農場,農場景觀餐廳門口,慈音山莊休閒農場景觀餐廳門口旁
馥森梧桐墅（老泉休閒農場）,老泉街26巷27號,63000080,24.9711096,121.5678778,觀光旅遊地區,農場,馥森梧桐墅餐廳（老泉休閒農場）,在餐廳入門口處
好時光健身房大安樂園,復興南路一段249號4樓,63000030,25.03691763,121.5438761,其他,其他場所,休息區旁的鞋盒櫃上,4樓健身房
coffit健身咖,中山北路六段184號,63000110,25.1076519,121.5252606,學校、大型集會場所,健身房,進門左手邊器材後方牆面,佩佩藥局旁。屋比房屋對面
Curves女性專用30分鐘健身中心景美店,景文街46-1號3樓,63000080,24.991344,121.541208,學校、大型集會場所,健身房,店內儲藏室旁,店內儲藏室及會員休息區旁
美商泰優股份有限公司台灣分公司,民權東路三段2號5樓,63000040,25.0621023,121.5376446,其他,其他場所,公司大廳,公司大廳右側
萬海航運股份有限公司(內湖辦公室),新湖一路361號,63000100,25.06365669,121.5843356,其他,其他場所,B棟2樓門口旁,B棟2樓面對門口左邊
育達高級中等學校-雙語國小/國中/高中部,寧安街52號,63000010,25.05054908,121.5545238,學校、大型集會場所,國中,思源大樓,大廳入口處
臺北市政府社會局委託財團法人伊甸社會福利基金會經營管理臺北市興隆團體家庭,木柵路2段138巷33號3樓,63000080,24.9887036,121.5617427,其他,其他場所,機構辦公室,興隆社宅A棟
擊客基地,復興北路369號B1,63000010,25.0626001,121.5447579,其他,其他場所,入口處,入口柱子上
家福股份有限公司台北桂林分公司(家樂福桂林店),桂林路1號,63000070,25.037743,121.50629,大型購物場所,賣場,三樓扶梯口,三樓廁所門口
華信航空股份有限公司,台北市松山區敦化北路405巷123弄3號,63000010,25.06304,121.557636,長距離交通工具,航空器,B16862飛機,B16862飛機
臺北市政府環境保護局內湖垃圾焚化廠(葫蘆洲運動公園),安康路228巷20號,63000100,25.061926,121.604383,學校、大型集會場所,健身中心,游泳池,游泳池入口處左手邊
JOV FIT健身流,復興南路二段27號B2,63000030,25.0320626,121.5438507,學校、大型集會場所,健身房,JOV FIT健身流,台北市大安區復興南路二段27號B2場內靠門口柱子上
元大人壽元泰廣場,南京東路二段77號,63000040,25.0523188,121.5310963,其他,其他場所,台北市南京東路二段77號,B1F收發室
臺北市立景美國民中學,景中街27號,63000080,24.993264,121.543062,學校、大型集會場所,國中,景美國中,會議室一門口
香港商鈦澤集團有限公司-台灣分公司,民權東路三段2-1號2樓,63000040,25.0621,121.537862,其他,其他場所,進門右手邊走到底課表公布欄旁,進門右手邊走到底課表公布欄旁
長榮海運股份有限公司(臺北市),民生東路二段166號,63000040,25.057692,121.53409,其他,其他場所,一樓大廳,一樓大廳
中鼎工程公司,中山北路六段89號,63000110,25.105726,121.524397,其他,其他場所,1F大廳服務台旁,中鼎工程公司
臺北市立實踐國民中學,辛亥路7段67號,63000080,24.9834247,121.5547619,學校、大型集會場所,國中,實踐國中實踐樓2樓川堂,實踐樓2樓川堂
臺北市立實踐國民中學,辛亥路7段67號,63000080,24.9834247,121.5547619,學校、大型集會場所,國中,活動中心2樓通廊,活動中心2樓通廊
交通部臺灣鐵路管理局臺北運務段臺北站,北平西路3號1樓,63000050,25.047924,121.517081,交通要衝,台鐵車站,B1剪票口,U-1層中央廊道剪票閘門斜前方柱邊
More Fit 松江店,南京東路二段125號B1,63000040,25.052255,121.5342129,學校、大型集會場所,健身房,門口左手邊,入口進來左手邊
Switch ON 妳的運動空間,忠孝東路五段625號,63000020,25.041791,121.579242,學校、大型集會場所,健身房,受信總機上,AED為黃色外殼，在腿推機上後方牆面的受信總機上，極為明顯，從外頭路過的民眾可以透過落地窗一眼就看到
Joysport樂適能運動,民生東路五段206-6至8號一樓,63000010,25.05817763,121.5557131,學校、大型集會場所,健身房,門口,建成花園大廈中庭 管理員室對面
台北市中華基督教青年會唭哩岸會館,承德路七段312號,63000120,25.117058,121.504508,學校、大型集會場所,健身房,1樓櫃台旁,ＹＭＣＡ唭哩岸會館
WEEEFITNESS,市民大道三段143號2F,63000040,25.0448961,121.5392718,學校、大型集會場所,健身房,櫃檯,櫃台門口
漢普頓酒店,建國北路二段7號,63000040,25.0527114,121.5372562,旅宿場所,旅館,飯店大廳,AED設備位於飯店大廳電梯前方
超人運動事業有限公司,南京東路五段202號2樓,63000010,25.0512257,121.5647943,其他,其他場所,教室櫃台,教室櫃台左側
明曜百貨股份有限公司,忠孝東路4段200號1樓,63000030,25.041232,121.552014,大型購物場所,百貨業,明曜百貨大門口,1F Uniqlo大門口右側柱子
財團法人臺北市基督教伯大尼兒少家庭基金會,保儀路129號,63000080,24.9848065,121.5670808,其他,其他場所,本園大廳,家園大樓1F梯廳處
喜都(男仕)三溫暖,南京東路五段38號B1,63000010,25.051244,121.559476,其他,,B區影片室門口,更衣室前往餐廳的電動門進入之後右手邊
交通部臺灣鐵路管理局臺北運務段臺北站,北平西路3號1樓,63000050,25.047924,121.517081,交通要衝,台鐵車站,B1東出口,U-1層東出口補票口旁
和泰興業股份有限公司,新湖一路36巷18號1樓,63000100,25.0588277,121.5744262,其他,其他場所,1樓大廳,1樓大廳
香港商世界健身事業有限公司大直北安分公司,北安路554巷19號B1,63000040,25.0801763,121.5489498,學校、大型集會場所,健身房,台北市中山區北安路554巷19號B1,台北市中山區北安路554巷19號B1(香港商世界健身事業有限公司大直北安分公司)心肺區
星宇航空股份有限公司,忠孝東路四段525號11樓,63000020,25.04216558,121.5615707,長距離交通工具,航空器,星宇客機B-58201,第33排ABC行李艙
臺北市立大學天母校區,忠誠路二段101號,63000110,25.115897,121.537253,學校、大型集會場所,大專院校,體育館一樓保全櫃台旁,場館近忠誠路二段之大門入口左側
內雙溪自然中心,至善路三段150巷27號,63000110,25.114503,121.577824,其他,其他場所,辦公室旁,內雙溪自然中心辦公室旁
臺北市鐵觀音包種茶研發推廣中心,指南路三段40巷8-2號,63000080,24.96910948,121.5943158,其他,其他場所,大廳,大廳左側，視聽教室旁
貴子坑露營場,秀山路161號,63000120,25.14857336,121.4934427,其他,其他場所,露營區入口處,露營區入口處，左邊警衛室（小木屋）內
圓山風景區藍鵲地景區,中山北路4段1號,63000040,25.080496,121.52845,其他,其他場所,藍鵲地景區,圓山大飯店停車場旁藍鵲地景
仙跡岩風景區仙岩廟,景興路243巷,63000080,24.992613,121.548003,觀光旅遊地區,地方政府主管風景區,仙岩廟,柱子旁邊
九蓮寺,劍南路203巷6號,63000110,25.1002116,121.5554774,其他,其他場所,正殿,正殿左側
樟山寺,老泉街45巷29號,63000080,24.97301951,121.57935,其他,其他場所,主殿旁建築物,位於主殿左側之建築物外側
象山步道代天殿靈雲宮,信義路五段150巷22弄43號,63000020,25.0275872,121.5711121,其他,其他場所,代天殿靈雲宮,主殿右側建築
台北市政府松德辦公大樓,松德路300號,63000020,25.0320284,121.5743011,其他,其他場所,3樓大地工程處,大地工程處森林遊憩科辦公室
台北市政府松德辦公大樓,松德路300號,63000020,25.0320284,121.5743011,其他,其他場所,3樓大地工程處,大地工程處森林遊憩科辦公室
宜家家居股份有限公司台北城市店小巨蛋分公司,敦化北路100號B1、B2,63000010,25.052651,121.548262,大型購物場所,商場,IKEA B2入口,IKEA B2入口右手邊牆面
宜家家居股份有限公司台北城市店小巨蛋分公司,敦化北路100號B1、B2,63000010,25.052651,121.548262,大型購物場所,商場,IKEA B1顧客服務區,客服櫃檯正對面，B1客梯口旁
北興宮步道之北興宮,成福路272號,63000090,25.037736,121.590396,其他,其他場所,南港區北興宮步道之北興宮,北興宮正門口供桌左手邊
內溝溪生態展示館,康樂街236之3號,63000100,25.087244,121.622896,其他,其他場所,1樓大門入口右側,明舉山親山步道
米鈦工作室,林森北路100號8樓之6,63000040,25.0506452,121.5248543,其他,其他場所,進門左手邊櫃子,進門左手邊櫃子
臺北市中山區五常國民小學,五常街16號,63000040,25.064084,121.541528,其他,其他場所,川堂至健康中心之走廊上,川堂至健康中心之走廊上
香港商世界健身事業有限公司民生圓環分公司,民生東路五段196號B1,63000010,25.058566,121.5644021,學校、大型集會場所,健身房,客服櫃台前方,香港商世界健身事業有限公司民生圓環分公司(105064 台北市松山區民生東路五段196號B1)
微風廣場實業股份有限公司,復興南路一段39號,63000010,25.045943,121.545251,大型購物場所,百貨業,1樓服務台旁,AED放置於1樓服務台旁
黑松股份有限公司,信義路四段296號3樓,63000030,25.033016,121.554463,其他,其他場所,台北市大安區信義路四段296號5樓,5樓會議室。
星宇航空股份有限公司,忠孝東路四段525號11樓,63000020,25.04216558,121.5615707,長距離交通工具,航空器,星宇客機B-58209,第33排ABC行李艙
臺北市立南港高級工業職業學校,興中路29號,63000090,25.056498,121.607859,學校、大型集會場所,高中職,宿舍一樓管理室旁,宿舍一樓管理室旁
臺北市立木柵國民中學,木柵路3段102巷12號,63000080,24.987413,121.567643,學校、大型集會場所,國中,木柵國中警衛室門口外牆,木柵國中警衛室門口外牆
瀚宇彩晶內湖總部,行善路168巷15號,63000100,25.05885107,121.5787424,其他,其他場所,瀚宇彩晶內湖總部5樓公共區域,大樓1樓及5樓公共區域
臺灣警察專科學校,興隆路三段153號,63000080,24.998038,121.561478,學校、大型集會場所,大專院校,醫務室外傷處理室,醫務室外傷處理室
臺北市政府社會局老人自費安養中心,興隆路4段109巷30弄6號,63000080,24.986284,121.562475,其他,其他場所,松柏1樓服務台前,松柏1樓服務台前
臺北市新生老人日間照顧中心,新生南路三段52-5號5樓,63000030,25.021147,121.533915,其他,其他場所,第三小家教室櫃子,第三小家教室櫃子
第一商業銀行大稻埕分行,迪化街一段63號,63000060,25.0557807,121.5101501,其他,其他場所,一樓大廳進入後右側,一樓大廳進入後右側
窩WoFITNESS,羅斯福路三段79號,63000030,25.022751,121.52619,學校、大型集會場所,健身中心,本館地下一樓,窩ＷoFITNESS地下一樓咖啡機後方
星宇航空股份有限公司,忠孝東路四段525號11樓,63000020,25.04216558,121.5615707,長距離交通工具,航空器,星宇客機B-58504,行李艙
星宇航空股份有限公司,忠孝東路四段525號11樓,63000020,25.04216558,121.5615707,長距離交通工具,航空器,星宇客機B-58208,第33排ABC行李艙
芮宜股份有限公司,信義路2段104號8樓,63000030,25.0338325,121.527538,學校、大型集會場所,健身房,入口左邊,入口左邊，櫃子下層
唯欣健康股份有限公司,南京東路四段137號7樓,63000010,25.0518323,121.5553266,其他,其他場所,休息區,休息區
鴻鑫運動企業社,忠孝東路一段15號3樓,63000050,25.0448673,121.5241242,其他,其他場所,台北市中正區忠孝東路一段15號3樓,門口進來後左手邊的層架上
鎔德股份有限公司(內湖展示中心),舊宗路一段36號,63000100,25.0581736,121.5804359,大型購物場所,商場,1F入口處,鎔德股份有限公司(新車展示中心)
鎔德股份有限公司(行善服務中心),行善路48巷9號,63000100,25.0572132,121.575533,其他,其他場所,1F電梯前,鎔德股份有限公司(行善服務中心)
指南宮管理委員會,萬壽路115號,63000080,24.979845,121.586632,其他,其他場所,純陽寶殿茶亭內,"茶亭內,宣道廳門口旁"
臺北市非政府組織NGO會館,青島東路8號,63000050,25.04358799,121.5221648,其他,其他場所,臺北市青島東路8號,演講室大廳櫃檯旁
星宇航空股份有限公司,忠孝東路四段525號11樓,63000020,25.04216558,121.5615707,長距離交通工具,航空器,星宇客機B-58509,行李艙
國家住宅及都市更新中心,民生東路一段21號,63000040,25.058223,121.524257,其他,其他場所,1F大廳,國家住宅及都市更新中心1F大廳
臺北市身心障礙綜合服務中心,長安西路5巷2號,63000040,25.0504365,121.5208104,其他,其他場所,1樓大廳,1樓大廳服務台及飲水機間走道牆上
現代化食品藥物國家級實驗大樓暨行政及訓練大樓興建工程,昆陽街161-2號旁工地,63000090,25.0489186,121.594862,其他,其他場所,保全亭旁,衛福部旁食藥署案工地的保全亭旁
楷穎運動國際有限公司,中山北路七段156-1號一樓,63000110,25.1238679,121.532749,學校、大型集會場所,健身房,本場所大廳,台北市士林區中山北路七段156-1號一樓
臺北市立中正國民中學,愛國東路158號,63000050,25.032339,121.522007,學校、大型集會場所,大專院校,中正國中活動中心2樓,活動中心2樓
台灣虎航股份有限公司,敦化北路405巷123弄3號,63000010,25.06304,121.557636,長距離交通工具,航空器,"B-50023航機, 第13排 DEF行李艙",航機值勤時用
台灣虎航股份有限公司,敦化北路405巷123弄3號,63000010,25.06304,121.557636,長距離交通工具,航空器,"B-50025航機,第13排 DEF行李艙",航機值勤時用
臺北市內湖區西湖國民小學,環山路一段25號,63000100,25.08383,121.565699,其他,其他場所,大門口川堂,校門口進來川堂處
臺北市內湖區新湖國民小學,民權東路6段138號,63000100,25.068226,121.588549,其他,其他場所,學務處前,新湖國小學務處前
巨平方健身房,中山北路二段183之5號,63000040,25.0636027,121.5227989,其他,其他場所,二樓,飲水機旁
臺北市士林區社子國民小學,延平北路六段308號,63000110,25.085495,121.507988,其他,其他場所,校門口左方民族樓穿堂,進入校門口左方民族樓穿堂(健康中心旁)
Curves 女性專用30分鐘健身中心文山保儀店,保儀路11號4F-1,63000080,24.988546,121.568673,學校、大型集會場所,健身房,可爾姿文山保儀店,木柵市場 第一銀行 樓上四樓
城市學校財團法人臺北城市科技大學,學園路2號,63000120,25.133617,121.468879,學校、大型集會場所,大專院校,行政大樓一樓學務處旁,行政大樓一樓學務處旁
臺北市政府社會局松山老人服務中心,健康路317號2樓,63000010,25.054432,121.566513,其他,其他場所,臺北市松山老人服務暨日間照顧中心,二樓行政區女廁旁
星宇航空股份有限公司,忠孝東路四段525號11樓,63000020,25.04216558,121.5615707,長距離交通工具,航空器,星宇客機B-58202,第33排ABC行李艙
保證責任臺北市台北地下街場地利用合作社,市民大道1段100號B1,63000050,25.04844486,121.5174799,大型購物場所,地下街,B2停車管理處,靠B2Y13出口
觀示苑股份有限公司忠孝分公司,忠孝東路四段200號13樓,63000030,25.04124061,121.552113,其他,其他場所,會館大廳,會館大廳
觀示苑股份有限公司天母分公司,忠誠路2段二十一巷二十七號1樓,63000110,25.1113989,121.5299913,其他,其他場所,會館大廳,大廳接待區
永春活力館,松山路342巷13號1樓,63000020,25.0413976,121.5772589,學校、大型集會場所,健身中心,本館二樓,本館二樓電梯出入口處
榮星花園游泳池,建國北路三段39號,63000040,25.0638648,121.5378032,大型休閒場所,運動場館(如小巨蛋),2F健身房,2F健身房
榮星花園游泳池,建國北路三段39號,63000040,25.0638648,121.5378032,大型休閒場所,運動場館(如小巨蛋),1F櫃台旁,1F櫃台旁
合作金庫商業銀行-資訊部,信義路四段30巷9號,63000030,25.03272182,121.5446863,其他,其他場所,1樓大廳,1樓大廳
國立中正紀念堂管理處,中山南路21號,63000050,25.034594,121.521664,觀光旅遊地區,文化園區,大孝門廳護理站前,國立中正紀念堂 大孝門護理站前
國立中正紀念堂管理處,中山南路21號,63000050,25.034594,121.521664,觀光旅遊地區,文化園區,國立中正紀念堂4樓上廳,國立中正紀念堂4樓上廳
永動定律健身訓練工作室,長安東路二段204號,63000040,25.0481827,121.5418473,其他,其他場所,入門後右手邊牆壁上,入門後右手邊牆壁上
臺北市北投區湖山國民小學,湖底路11號,63000120,25.150082,121.535783,學校、大型集會場所,國小,保健室旁梯間,教學大樓一樓左側樓梯口(飲水機旁)
美福食集,民善街128號1樓,63000100,25.0612852,121.5748708,大型購物場所,商場,美福食集入口,美福食集入口
星宇航空股份有限公司,忠孝東路四段525號11樓,63000020,25.04216558,121.5615707,長距離交通工具,航空器,星宇客機B-58303,第68排HK行李艙
探索國際開股份有限公司新舍商旅林森分公司(新舍商旅xinshe_linsen),林森北路477號,63000040,25.060814,121.525722,旅宿場所,旅館,旅館櫃檯旁,淺色建築物
玉山銀行股份有限公司(第二總部大樓A棟),敦化北路315號,63000010,25.05935517,121.5502723,其他,其他場所,進大門後左手邊。,進大門後左手邊。
玉山商業銀行股份有限公司(博愛大樓),永綏街5號,63000050,25.043193,121.511074,其他,其他場所,進大門後右手邊。,進大門後右手邊。
玉山商業銀行股份有限公司(總部大樓),民生東路3段115號,63000010,25.057932,121.546642,其他,其他場所,進大門後右手邊。,進大門後右手邊。
玉山銀行股份有限公司(第二總部大樓B棟),敦化北路313巷2號,63000010,25.05885949,121.5502014,其他,其他場所,進大門後右側。,進大門後右側。
玉山商業銀行股份有限公司(登峰大樓),撫順街四十一巷十三號,63000040,25.06427,121.519508,其他,其他場所,進大門後左手邊。,進大門後左手邊。
玉山商業銀行股份有限公司(科技大樓),天祥路86巷1號,63000040,25.064295,121.520376,其他,其他場所,進大門後左手邊。,進大門後左手邊。
進化論Evolution Fitness健身房,復興南路一段380,63000030,25.0341439,121.543263,學校、大型集會場所,健身房,進化論健身房B2櫃台,進化論健身房B2櫃台
瓶蓋工廠台北製造所,南港路二段13號,63000090,25.05375837,121.6042036,觀光旅遊地區,文化園區,I棟服務台,瓶蓋工廠I棟服務台旁
瓶蓋工廠台北製造所,南港路二段13號,63000090,25.05375837,121.6042036,觀光旅遊地區,文化園區,實證場域服務台,A1入口處服務台
微風場站開發股份有限公司,北平西路3號2樓,63000050,25.048203,121.516535,大型購物場所,商場,二樓東北角落,二樓服務台斜前方
星宇航空股份有限公司,忠孝東路四段525號11樓,63000020,25.04216558,121.5615707,長距離交通工具,航空器,星宇客機B-58508,行李艙
星宇航空股份有限公司,忠孝東路四段525號11樓,63000020,25.04216558,121.5615707,長距離交通工具,航空器,星宇客機B-58207,第33排ABC行李艙
星宇航空股份有限公司,忠孝東路四段525號11樓,63000020,25.04216558,121.5615707,長距離交通工具,航空器,星宇客機B-58506,行李艙
星宇航空股份有限公司,忠孝東路四段525號11樓,63000020,25.04216558,121.5615707,長距離交通工具,航空器,星宇客機B-58211,第33排ABC行李艙
星宇航空股份有限公司,忠孝東路四段525號11樓,63000020,25.04216558,121.5615707,長距離交通工具,航空器,星宇客機B-58203,第33排ABC行李艙
星宇航空股份有限公司,忠孝東路四段525號11樓,63000020,25.04216558,121.5615707,長距離交通工具,航空器,星宇客機B-58501,行李艙
星宇航空股份有限公司,忠孝東路四段525號11樓,63000020,25.04216558,121.5615707,長距離交通工具,航空器,星宇客機B-58213,第33排ABC行李艙
野村證券投資信託股份有限公司(臺北市),信義路5段7號30樓,63000020,25.033964,121.564472,其他,其他場所,野村證券投資信託股份有限公司,台北101大樓-野村證券投資信託(股)公司大門內側
臺北捷運動物園站BR01,新光路2段32號,63000080,24.998269,121.579412,交通要衝,捷運站,捷運文湖線動物園站,動物園站3樓大廳
臺北捷運木柵站BR02,木柵路4段135號,63000080,24.998241,121.573145,交通要衝,捷運站,捷運文湖線木柵站,木柵站1樓大廳
臺北捷運萬芳社區站BR03,萬芳路60號,63000080,24.998605,121.568058,交通要衝,捷運站,捷運文湖線萬芳社區站,萬芳社區站1樓大廳
臺北捷運萬芳醫院站BR04,興隆路3段113號,63000080,24.999386,121.558152,交通要衝,捷運站,捷運文湖線萬芳醫院站,萬芳醫院站3樓大廳
臺北捷運辛亥站BR05,辛亥路4段128號,63000080,25.005475,121.557107,交通要衝,捷運站,捷運文湖線辛亥站,辛亥站1樓大廳
臺北捷運麟光站BR06,和平東路3段410號,63000030,25.018535,121.558791,交通要衝,捷運站,捷運文湖線麟光站,麟光站1樓大廳
臺北捷運六張犁站BR07,和平東路3段168號,63000030,25.023749,121.552984,交通要衝,捷運站,捷運文湖線六張犁站,六張犁站3樓大廳
臺北捷運科技大樓站BR08,復興南路2段235號,63000030,25.026146,121.543647,交通要衝,捷運站,捷運文湖線科技大樓站,科技大樓站3樓大廳
臺北捷運忠孝復興站BR10,忠孝東路3段302號,63000030,25.041643,121.543768,交通要衝,捷運站,捷運忠孝復興站3樓大廳,捷運文湖線忠孝復興站
臺北捷運大安站BR09,信義路4段2號,63000030,25.033246,121.543572,交通要衝,捷運站,捷運大安站一樓,捷運文湖線大安站
臺北捷運南京復興站BR11,南京東路3段253號,63000010,25.052256,121.543969,交通要衝,捷運站,捷運文湖線南京復興站,南京復興站3樓大廳
臺北捷運中山國中站BR12,復興北路376號,63000040,25.060809,121.544151,交通要衝,捷運站,捷運文湖線中山國中站三樓大廳,靠近三樓公務門旁
臺北捷運松山機場站BR13,敦化北路338號,63000010,25.063039,121.551919,交通要衝,捷運站,捷運松山機場站地下二樓大廳層,捷運松山機場站地下二樓大廳層詢問處後方
臺北捷運大直站BR14,北安路534-1號,63000040,25.079497,121.546844,交通要衝,捷運站,詢問處附近,男女廁旁
臺北捷運劍南路站BR15,北安路798號,63000040,25.084875,121.555537,交通要衝,捷運站,主詢問處附近,閘門區旁
臺北捷運西湖站BR16,內湖路1段256號,63000100,25.082159,121.56717,交通要衝,捷運站,主詢問處附近,售票區
臺北捷運港墘站BR17,內湖路1段663號,63000100,25.080048,121.575024,交通要衝,捷運站,主詢問處附近,主詢問處閘門區旁
臺北捷運文德站BR18,文德路214號,63000100,25.078552,121.584714,交通要衝,捷運站,主詢問處附近,公佈欄旁
臺北捷運內湖站BR19,成功路4段186號,63000100,25.083682,121.594368,交通要衝,捷運站,主詢問處附近,詢問處與月台區中間
臺北捷運大湖公園站BR20,成功路5段11號,63000100,25.083867,121.60209,交通要衝,捷運站,主詢問處附近,自動提款機旁
臺北捷運葫洲站BR21,康寧路3段16號,63000100,25.072723,121.607111,交通要衝,捷運站,主詢問處附近,出口二付費區大廳
臺北捷運東湖站BR22,康寧路3段235號,63000100,25.067274,121.611483,交通要衝,捷運站,主詢問處附近,2號電梯下乘場旁
臺北捷運南港軟體園區站BR23,經貿二路183號,63000090,25.059968,121.6159,交通要衝,捷運站,主詢問處附近,往出口一通道旁
臺北捷運南港展覽館站BR24,南港路1段32號,63000090,25.05539,121.617555,交通要衝,捷運站,主詢問處附近,詢問處旁
臺北捷運龍山寺站BL10,西園路1段153號,63000070,25.035338,121.499814,交通要衝,捷運站,捷運龍山寺站B1層,捷運龍山寺站B1層付費區靠近西側詢問處
臺北捷運西門站BL11,寶慶路32之1號,63000050,25.04205,121.508178,交通要衝,捷運站,捷運西門站B1層,捷運西門站B1層付費區靠近男廁
臺北捷運善導寺站BL13,忠孝東路1段58號B1,63000050,25.044746,121.523133,交通要衝,捷運站,善導寺站出口3進入,主詢問處閘門右前方
臺北捷運忠孝新生站BL14,新生南路1段67號B1,63000050,25.042378,121.532862,交通要衝,捷運站,忠孝新生站出口2進入,主詢問處閘門右前方
臺北捷運忠孝復興站BL15,忠孝東路4段47號B1,63000030,25.041654,121.543706,交通要衝,捷運站,忠孝復興站出口2進入,主詢問處閘門右前方
臺北捷運忠孝敦化站BL16,忠孝東路4段182號B1,63000030,25.041498,121.55105,交通要衝,捷運站,忠孝敦化站出口3進入,主詢問處閘門右前方
臺北捷運國父紀念館站BL17,忠孝東路4段400號B1,63000020,25.04137,121.557764,交通要衝,捷運站,國父紀念館站出口3進入,主詢問處閘門右前方
臺北捷運市政府站BL18,忠孝東路5段2號B1,63000020,25.041192,121.565172,交通要衝,捷運站,市政府站出口3進入,簡易詢問處閘門左前方
臺北捷運永春站BL19,忠孝東路5段455號B1,63000020,25.040879,121.576233,交通要衝,捷運站,永春站出口5進入,主詢問處閘門右前方
臺北捷運後山埤站BL20,忠孝東路6段2號B1,63000090,25.045083,121.582453,交通要衝,捷運站,後山埤站出口4進入,主詢問處閘門右前方
臺北捷運昆陽站BL21,忠孝東路6段451號,63000090,25.050461,121.593268,交通要衝,捷運站,昆陽站出口4進入,主詢問處閘門左前方
臺北捷運南港站BL22,忠孝東路7段380號B1,63000090,25.052139,121.606652,交通要衝,捷運站,南港站出口2進入,主詢問處閘門右前方
臺北捷運南港展覽館站BL23,研究院路1段1號B1,63000090,25.055288,121.61744,交通要衝,捷運站,南港展覽館站出口5進入,主詢問處閘門正前方
臺北捷運景美站G05,羅斯福路6段393號B1,63000080,24.992807,121.540836,交通要衝,捷運站,地下1樓大廳層詢問處附近,捷運景美站地下1樓大廳層詢問處附近
臺北捷運萬隆站G06,羅斯路5段214號B1,63000080,25.001811,121.538937,交通要衝,捷運站,地下1樓大廳層詢問處附近,捷運萬隆站地下1樓大廳層詢問處附近
臺北捷運公館站G07,羅斯路4段74號,63000030,25.014981,121.534222,交通要衝,捷運站,地下1樓大廳層詢問處附近,捷運公館站地下1樓大廳層詢問處附近
臺北捷運台電大樓站G08,羅斯福3段126之5號,63000050,25.020785,121.528176,交通要衝,捷運站,地下1樓大廳層詢問處附近,捷運台電大樓站大廳層付費區
臺北捷運古亭站G09,羅斯福路2段164-1號,63000050,25.026377,121.522814,交通要衝,捷運站,地下1樓大廳層詢問處附近,捷運古亭站大廳層付費區
臺北捷運小南門站G11,愛國西路22號,63000050,25.035569,121.510817,交通要衝,捷運站,地下1樓大廳層詢問處附近,捷運小南門站大廳層付費區
臺北捷運北門站G13,塔城街10號,63000060,25.049425,121.510243,交通要衝,捷運站,北門站大廳層,北側大廳付費區詢問處對面
臺北捷運中山站G14,南京西路55號,63000060,25.052654,121.520331,交通要衝,捷運站,綠線中山站大廳層,西側大廳付費區詢問處旁
舞動陽光-師大附中運動中心,信義路三段143號,63000030,25.03367504,121.5403964,學校、大型集會場所,健身中心,1樓櫃台大廳,1樓櫃台大廳
世新大學,試院路148號,63000080,24.989821,121.54634,學校、大型集會場所,大專院校,世新大學管理學院,管理學院正門進入後左手邊，近一樓女廁走廊
世新大學,試院路148號,63000080,24.989821,121.54634,學校、大型集會場所,大專院校,世新大學前門警衛室內,世新大學前門警衛室
世新大學,試院路148號,63000080,24.989821,121.54634,學校、大型集會場所,大專院校,世新大學學務處,從山洞口步行至行政大樓電梯旁
世新大學,試院路148號,63000080,24.989821,121.54634,學校、大型集會場所,大專院校,世新大學後門警衛室,世新大學後門警衛室
世新大學,試院路148號,63000080,24.989821,121.54634,學校、大型集會場所,大專院校,衛生保健組保健室內,舍我樓一樓保健室內
世新大學,試院路148號,63000080,24.989821,121.54634,學校、大型集會場所,大專院校,學生宿舍,校本部學生宿舍前
世新大學,試院路148號,63000080,24.989821,121.54634,學校、大型集會場所,大專院校,傳播大樓一樓,傳播大樓一樓外無障礙廁所旁
臺北市北投區義方國民小學,珠海路155號,63000120,25.141948,121.509851,其他,其他場所,健康中心,健康中心冰箱旁
中國航運大樓,濟南路一段15號,63000050,25.042619,121.5223842,觀光旅遊地區,全區域,本棟4樓,位於4樓電梯口、逃生梯旁
臺北市私立再興高級中學,興隆路四段二號,63000080,24.990528,121.558974,學校、大型集會場所,高中職,B3球場,知新樓地下3樓球場
臺北市私立再興高級中學,興隆路四段二號,63000080,24.990528,121.558974,學校、大型集會場所,高中職,5樓電梯前牆壁,秀榮大樓5樓電梯前牆壁
臺北市私立再興高級中學,興隆路四段二號,63000080,24.990528,121.558974,學校、大型集會場所,高中職,秀榮大樓1樓,電梯前牆壁
紫星里辦公處,成功路三段187巷3弄4號,63000100,25.0799905,121.5911215,其他,其他場所,本場所內,紫星里辦公處
臺北市私立再興小學,興隆路四段2號,63000080,24.990051,121.559309,其他,其他場所,顧正秋大樓4樓,圖書館前
可爾姿女性專用30分鐘運動劍潭店,承德路4段191號2樓,63000110,25.088152,121.522336,學校、大型集會場所,健身房,大廳,大廳
臺北市萬華區大理國民小學,艋舺大道389號,63000070,25.031305,121.493913,其他,其他場所,健康中心內,健康中心內
全虹企業股份有限公司,民權東路六段18號6樓,63000100,25.066213,121.577712,其他,其他場所,台北市民權東路六段18號6樓,6樓會客室
臺北市立龍門國民中學游泳池(委外),建國南路二段269號,63000030,25.026158,121.542709,大型休閒場所,運動場館(如小巨蛋),體育館泳池入口,泳池入口處
臺北捷運松江南京站G15,南京東路2段108號B1,63000040,25.052035,121.533039,交通要衝,捷運站,綠線松江南京站大廳,西側大廳非付費區詢問處前
臺北捷運台北小巨蛋站G17,南京東路4段10-1號,63000010,25.051687,121.551833,交通要衝,捷運站,台北小巨蛋站大廳層,東側大廳付費區詢問處後方
臺北捷運南京三民站G18,南京東路5段237號,63000010,25.051449,121.563804,交通要衝,捷運站,南京三民站大廳層,東側大廳付費區詢問處對面
臺北捷運松山站G19,八德路4段742號,63000010,25.050042,121.577631,交通要衝,捷運站,松山站大廳層,東側大廳付費區詢問處後方
臺北捷運忠孝新生站O07,新生南路1段67號,63000030,25.042303,121.532816,交通要衝,捷運站,臺北捷運忠孝新生站O07詢問處附近,中和新蘆線車站大廳付費區，近5、6、7號出口
臺北捷運松江南京站O08,松江路126號,63000040,25.052042,121.533028,交通要衝,捷運站,橘線松江南京站大廳層,南側大廳層付費區詢問處後方
臺北捷運行天宮站O09,松江路316號,63000040,25.059759,121.533095,交通要衝,捷運站,臺北捷運行天宮站O09主詢問處附近,車站大廳主詢問處旁，近1、2號出口
臺北捷運中山國小站O10,民權東路一段71號,63000040,25.062646,121.526417,交通要衝,捷運站,臺北捷運中山國小站O10詢問處附近,車站大廳詢問處旁，近1、2號出口
臺北捷運民權西路站O11,民權西路72號,63000060,25.062724,121.519531,交通要衝,捷運站,臺北捷運民權西路站O11主詢問處附近,中和新蘆線車站大廳，近7、8、9、10號出口
臺北捷運大橋頭站O12,民權西路223號,63000060,25.063176,121.513109,交通要衝,捷運站,臺北捷運大橋頭站O12主詢問處附近,車站大廳主詢問處旁，近1號出口
臺北捷運象山站R02,信義路5段152號,63000020,25.032806,121.57026,交通要衝,捷運站,台北捷運象山站,主詢問處旁大廳
臺北捷運台北101/世貿站R03,信義路5段20號,63000020,25.032981,121.562503,交通要衝,捷運站,捷運台北101世貿站,主詢問處旁站內大廳
臺北捷運信義安和站R04,信義路4段212之1號,63000030,25.033128,121.552768,交通要衝,捷運站,捷運信義安和站,主詢問處旁付費區大廳
臺北捷運大安站R05,信義路3段180號,63000030,25.033259,121.543557,交通要衝,捷運站,捷運淡水信義線大安站,淡水信義線大安站主詢問處旁付費區大廳
臺北捷運大安森林公園站R06,信義路3段100號,63000030,25.033544,121.534851,交通要衝,捷運站,捷運大安森林公園站,主詢問處旁付費區大廳
臺北捷運東門站R07,信義路2段166號,63000030,25.033868,121.528699,交通要衝,捷運站,捷運東門站,主詢問處旁付費區大廳
臺北捷運中正紀念堂站R08,羅斯福路1段8-1號,63000050,25.032755,121.51822,交通要衝,捷運站,捷運中正紀念堂站,北側詢問處付費區大廳
臺北捷運臺大醫院站R09,公園路52號,63000050,25.041297,121.515967,交通要衝,捷運站,捷運台大醫院站,主詢問處旁付費區大廳
臺北捷運中山站R11,南京西路16號,63000040,25.052694,121.520369,交通要衝,捷運站,紅線中山站大廳層,大廳層非付費區詢問處前方
臺北捷運雙連站R12,民生西路47號,63000060,25.057779,121.520661,交通要衝,捷運站,捷運淡水信義線雙連站B1大廳層南非付費區通道,捷運淡水信義線雙連站B1大廳層南非付費區通道
臺北捷運民權西路站R13,民權西路72號R13,63000060,25.062612,121.519528,交通要衝,捷運站,捷運淡水信義線民權西路站1F大廳層C016儲藏室旁(付費區),捷運淡水信義線民權西路站1F大廳層C016儲藏室旁(付費區)
臺北捷運圓山站R14,酒泉街9之1號,63000060,25.071353,121.520118,交通要衝,捷運站,捷運淡水信義線圓山站1號出口女廁旁(付費區),捷運淡水信義線圓山站1號出口女廁旁(付費區)
臺北捷運劍潭站R15,中山北路5段65號,63000110,25.084873,121.525078,交通要衝,捷運站,捷運淡水信義線劍潭站1號出口詢問處旁(付費區),捷運淡水信義線劍潭站1號出口詢問處旁(付費區)
臺北捷運士林站R16,福德路1號,63000110,25.093535,121.52623,交通要衝,捷運站,捷運淡水信義線士林站2號出口男廁旁(付費區),捷運淡水信義線士林站2號出口男廁旁(付費區)
臺北捷運芝山站R17,福國路70號,63000110,25.10306,121.522514,交通要衝,捷運站,捷運淡水信義線芝山站1號出口詢問處旁(付費區),捷運淡水信義線芝山站1號出口詢問處旁(付費區)
臺北捷運明德站R18,明德路95號,63000120,25.109721,121.518848,交通要衝,捷運站,捷運淡水信義線明德站詢問處旁(付費區),捷運淡水信義線明德站詢問處旁(付費區)
臺北捷運石牌站R19,石牌路1段200號,63000120,25.114523,121.515559,交通要衝,捷運站,捷運石牌站一出口一樓大廳,1樓大廳付費區
臺北捷運唭哩岸站R20,東華街2段301號,63000120,25.120872,121.506252,交通要衝,捷運站,捷運唭哩岸站1號出口一樓大廳,1號出口一樓大廳
臺北捷運奇岩站R21,三合街2段489號,63000120,25.125543,121.501021,交通要衝,捷運站,捷運奇岩站一樓大廳,1樓大廳付費區
臺北捷運北投站R22,光明路1號,63000120,25.131956,121.498645,交通要衝,捷運站,捷運北投站1號出口大廳付費區詢問處旁,北投站1號出口大廳付費區詢問處旁
臺北捷運新北投站R22A,大業路700號(R22A),63000120,25.136933,121.50253,交通要衝,捷運站,捷運新北投站_大廳,新北投站內大廳無障礙廁所旁
臺北捷運復興崗站R23,中央北路3段53巷10號,63000120,25.137474,121.485444,交通要衝,捷運站,捷運復興崗站一月台樓梯旁,復興崗站一月台樓梯旁
臺北捷運忠義站R24,中央北路4段301號,63000120,25.130969,121.47341,交通要衝,捷運站,捷運忠義站一月台樓梯旁,一月台樓梯旁
臺北捷運關渡站R25,大度路3段296巷51號,63000120,25.125651,121.46712,交通要衝,捷運站,捷運關渡站二月台樓梯旁,關渡站二月台樓梯旁
臺北捷運南京復興站G16,南京東路3段172號,63000040,25.05227,121.543883,交通要衝,捷運站,綠線南京復興站大廳層,西側大廳付費區詢問處後方
星宇航空股份有限公司,忠孝東路四段525號11樓,63000020,25.04216558,121.5615707,長距離交通工具,航空器,星宇客機B-58503,行李艙
星宇航空股份有限公司,忠孝東路四段525號11樓,63000020,25.04216558,121.5615707,長距離交通工具,航空器,星宇客機B-58507,行李艙
星宇航空股份有限公司,忠孝東路四段525號11樓,63000020,25.04216558,121.5615707,長距離交通工具,航空器,星宇客機B-58305,第68排HK行李艙
Marriott Taipei 台北萬豪酒店,樂群二路199號,63000040,25.08048916,121.5589431,旅宿場所,飯店,5F宴會廳休息區,台北萬豪酒店中城廣場5F
國都汽車TOYOTA陽明所廠,大業路2號六樓,63000120,25.12189278,121.4998947,其他,其他場所,服務廠六樓健身房,服務廠六樓健身房
DREAM PLAZA,松高路11號,63000020,25.0395151,121.5652423,大型購物場所,百貨業,DREAM  PLAZA  5F,5F服務台
臺北市南港銀髮人才服務據點,南港路二段60巷18號,63000090,25.0545932,121.6039951,其他,其他場所,臺北市南港銀髮人才服務據點,臺北市南港銀髮人才服務據點
DREAM PLAZA,松高路11號,63000020,25.0395151,121.5652423,大型購物場所,百貨業,DREAM  PLAZA  1F,1F 興雅路側電梯處
作伙CrossFit,和平東路二段46巷11號,63000030,25.0252636,121.5382499,學校、大型集會場所,健身房,二樓,二樓門口直走左手邊
國立臺北教育大學泳健館-恆動力,和平東路二段134號1樓,63000030,25.0246244,121.5446374,學校、大型集會場所,大專院校,泳健館泳池區出入口旁,泳健館泳池區出入口旁
台灣飛軒理股份有限公司,仁愛,63000030,25.0373714,121.5573414,其他,其他場所,公司櫃檯販賣機旁,AED放置處：公司門口進去後，左手邊販賣機旁
星球健身股份有限公司,光復南路547號,63000020,25.0315514,121.5576494,學校、大型集會場所,健身中心,一樓大廳,一樓跑步機旁
Fitnexx私人健身空間,安和路一段137號2樓,63000030,25.0341092,121.5527305,學校、大型集會場所,健身房,2F入口,電梯口玄關
交通部民用航空局臺北國際航空站(松山機場),敦化北路340-9號,63000010,25.06369,121.552742,交通要衝,機場,國內線1樓內候行李提領區,行李提領區(廁所前方)
Fit ISSA 百村企業有限公司,光復南路390號(B1),63000030,25.0372406,121.5573905,學校、大型集會場所,健身中心,飲水機旁邊,位於B1的私人教練培訓單位場所內
國立臺灣大學(校總區),羅斯福路4段1號,63000030,25.016323,121.534463,學校、大型集會場所,大專院校,行政大樓,大門左邊廊道底.樓梯旁
台北大安伊普索酒店,復興南路一段219-2號5樓,63000030,25.0388565,121.5439576,旅宿場所,旅館,飯店5樓健身房內,請搭乘219-2號電梯至5樓大廳，從櫃台旁的門進入娛樂區的健身房，即可使用AED。
優勢開發管理顧問有限公司-南京館,敦化北路100號1樓,63000010,25.05280224,121.5485686,學校、大型集會場所,健身房,跑步機旁,跑步機旁
馬偕學校財團法人馬偕醫護管理專科學校(關渡校區),聖景路92號,63000120,25.12194737,121.4645596,學校、大型集會場所,大專院校,關渡校區綜合大樓2樓大廳(電梯口旁),關渡校區綜合大樓2樓大廳(電梯口旁)
國立臺北教育大學(學生活動中心),和平東路二段134號,63000030,25.023455,121.546274,學校、大型集會場所,大專院校,衛保組門口,衛保組門口
台北福華大飯店,仁愛路3段160號,63000030,25.037704,121.543377,旅宿場所,飯店,飯店大廳,飯店大廳七賢酒吧旁
國立臺灣大學(校總區),羅斯福路4段1號,63000030,25.016323,121.534463,學校、大型集會場所,大專院校,凝態物理館,位於大門右手邊處
A fitness,基河路138號1樓,63000110,25.0892243,121.5224909,其他,其他場所,健身房內部,進入門口右邊 時鐘旁邊
小觀音棧,竹子湖路64之13號,63000120,25.1790735,121.5443799,觀光旅遊地區,國家公園,入口進入後右轉牆上,入口進入後右轉牆上
Ynot Fitness 何不相信健身房,信義路五段8巷15號14樓,63000020,25.0323537,121.5606691,學校、大型集會場所,健身房,健身房裡面,史密斯架旁邊
國立臺灣大學(校總區),羅斯福路4段1號,63000030,25.016323,121.534463,學校、大型集會場所,大專院校,應力館,位於進門後右手邊靠牆處
國立臺灣大學(校總區),羅斯福路4段1號,63000030,25.016323,121.534463,學校、大型集會場所,大專院校,新體育館1樓,1樓大門服務台旁右邊
國立臺灣大學(校總區),羅斯福路4段1號,63000030,25.016323,121.534463,學校、大型集會場所,大專院校,土木館,位於大樓進入後前方牆壁上
台北信友堂何烈館,辛亥路一段8號B1,63000050,25.0184074,121.528263,學校、大型集會場所,宗教聚會場所,台北信友堂何烈館,主會堂門口，通往電梯門口
國立臺灣大學(長興校區),長興街50號,63000030,25.016473,121.544436,學校、大型集會場所,大專院校,男八宿舍,置於大門進入後正前方處
國立臺灣大學(校總區),羅斯福路4段1號,63000030,25.016323,121.534463,學校、大型集會場所,大專院校,第一活動中心,位於全家便利商店門口附近處
國立臺灣大學(校總區),羅斯福路4段1號,63000030,25.016323,121.534463,學校、大型集會場所,大專院校,管理1號館,位於進門後右手邊處
百齡左岸河濱公園(社子岸)網球場,通河西街二段10號堤外(百齡橋下),63000110,25.0883275,121.5116571,其他,其他場所,百齡左岸河濱公園(社子岸)網球場,百齡橋下休息區，鄰近百齡左岸河濱公園(社子岸)網球1-4場處
靜心學校財團法人臺北市私立靜心高級中等學校,興隆路二段46號,63000080,24.992921,121.57125,學校、大型集會場所,高中職,臺北市私立靜心高中 綜合球場,靜心高中綜合球場
百齡左岸河濱公園(社子岸)棒球場,通河西街二段126號堤外,63000110,25.09287155,121.5064568,其他,其他場所,百齡左岸河濱公園棒球G場,百齡左岸河濱公園棒球G場球員休息區 （夜間照明收費系統後，飲水機旁）
國立臺灣大學(校總區),羅斯福路4段1號,63000030,25.016323,121.534463,學校、大型集會場所,大專院校,文學院大樓,位於演講廳門口附近處
國立臺灣大學(校總區),羅斯福路4段1號,63000030,25.016323,121.534463,學校、大型集會場所,大專院校,動科畜產館,位於大門口進門處
國立臺灣大學(校總區),羅斯福路4段1號,63000030,25.016323,121.534463,學校、大型集會場所,大專院校,化學思亮館,位於右手邊樓梯上樓牆壁處
台灣西鐵國際旅館,中華路一段88號6樓,63000070,25.045066,121.508594,旅宿場所,飯店,6樓大廳,櫃台對面牆柱上，造近黃色大沙發椅。
More Fit 萬芳店,興隆路三段71號,63000080,25.00015598,121.5563562,學校、大型集會場所,健身房,進門正前方,進門後座位區與訓練區中間
NOWGO 健身工作室,羅斯福路三段312號8樓,63000050,25.01609713,121.53263,其他,其他場所,NOWGO健身工作室,靠近公館捷運站4號出口
新光三越百貨股份有限公司台北站前分公司,忠孝西路1段66號8F,63000050,25.046245,121.515283,大型購物場所,百貨業,8樓育嬰室內醫護室,醫護室內
國立臺灣科技大學,基隆路4段43號,63000030,25.014169,121.542993,學校、大型集會場所,大專院校,第二宿舍一樓,台灣科技大學第二宿舍一樓
國立臺北科技大學,忠孝東路3 段1號,63000030,25.04246,121.53565,學校、大型集會場所,大專院校,先鋒國際研發大樓1樓,地點在忠孝東路三段46號，先鋒國際研發大樓1樓信箱室
國立陽明交通大學-陽明校區,立農街2段155號（陽明交通大學）,63000120,25.120313,121.514794,學校、大型集會場所,大專院校,活動中心2樓,活動中心2樓 綜合球場外 製冰機前
施達實業有限公司附設臺北市私立施達社區長照機構,德行東路109巷104號2樓,63000110,25.1109832,121.5289077,學校、大型集會場所,健身中心,辦公室 (近大門口),台北市士林區德行東路109巷104號2樓 辦公室 (近大門口)
臺北市立南港高級工業職業學校,興中路29號,63000090,25.056498,121.607859,學校、大型集會場所,高中職,警衛室(傳達室內),警衛室(傳達室內)
瓦城集團 瓦城安和店,安和路二段133號1樓,63000030,25.0290777,121.5511697,大型休閒場所,電影片映演場所(戲院、電影院),餐廳內,放置於入門明顯位置
臺北市北投區清江國民小學,公?路220號,63000120,25.12683,121.507488,其他,其他場所,本校後穿堂,本校後穿堂緊鄰大操場柱子
宜家家居股份有限公司內湖店,舊宗路一段128號,63000100,25.0609683,121.5780389,大型購物場所,賣場,1F的2號門入口,2號自動門入口旁
宜家家居股份有限公司內湖店,舊宗路一段128號,63000100,25.0609683,121.5780389,大型購物場所,賣場,3F斯慕蘭兒童遊樂場前,3F斯慕蘭兒童遊樂場前
宜家家居股份有限公司內湖店,舊宗路一段128號,63000100,25.0609683,121.5780389,大型購物場所,賣場,2F的瑞典餐廳入口處,2F的瑞典餐廳入口處
臺北市立建成國民中學,長安西路37之1號,63000060,25.051648,121.518626,學校、大型集會場所,國中,建成國中警衛室,門口警衛室內
閃電肌力體能訓練,復興南路二段65號2樓之2,63000030,25.0307551,121.5436883,學校、大型集會場所,健身房,臺北市大安區復興南路二段65號2樓之2,肌力體能訓練工作室
臺北市立誠正國民中學,富康街1巷24號,63000090,25.054232,121.618819,學校、大型集會場所,國中,1樓穿堂,1樓穿堂右側、公用電話旁
臺北流行音樂中心,市民大道八段99號,63000090,25.052319,121.59861,大型休閒場所,演藝廳,文化館1樓大廳,文化館1樓大廳服務櫃台旁
星宇航空股份有限公司,忠孝東路四段525號11樓,63000020,25.04216558,121.5615707,長距離交通工具,航空器,星宇客機B-58505,行李艙
星宇航空股份有限公司,忠孝東路四段525號11樓,63000020,25.04216558,121.5615707,長距離交通工具,航空器,星宇客機B-58306,第68排HK行李艙
星宇航空股份有限公司,忠孝東路四段525號11樓,63000020,25.04216558,121.5615707,長距離交通工具,航空器,星宇客機B-58510,行李艙
星宇航空股份有限公司,忠孝東路四段525號11樓,63000020,25.04216558,121.5615707,長距離交通工具,航空器,星宇客機B-58304,第68排HK行李艙
星宇航空股份有限公司,忠孝東路四段525號11樓,63000020,25.04216558,121.5615707,長距離交通工具,航空器,星宇客機B-58212,第33排ABC行李艙
星宇航空股份有限公司,忠孝東路四段525號11樓,63000020,25.04216558,121.5615707,長距離交通工具,航空器,星宇客機B-58502,行李艙
新光三越百貨股份有限公司台北天母分公司-二館,忠誠路二段200號1樓.202號1樓.206號地下1樓.地上1樓至3樓,63000110,25.117942,121.53383,大型購物場所,商場,B館1F服務台後方,B館1F服務台後方
臺北市立大學天母校區,忠誠路二段101號,63000110,25.115897,121.537253,學校、大型集會場所,大專院校,綜合運動館(詩欣館)一樓保全櫃台,場館近田徑場之西側大門入口
好團健身空間,承德路三段244號一樓,63000060,25.0731552,121.5188064,其他,其他場所,飲水機上方,好團健身空間
拿鐵健身工作室,仁愛路3段143巷21號,63000030,25.0395052,121.5431425,學校、大型集會場所,健身房,一樓,一樓有氧區
週美里里民活動場所,南京東路六段330巷18弄12號,63000100,25.0576522,121.5840989,其他,其他場所,里辦公處內,里辦公處內右後方的牆上
台灣虎航股份有限公司,敦化北路405巷123弄3號,63000010,25.06304,121.557636,長距離交通工具,航空器,"B-50026航機, 第13排 DEF行李艙",台灣虎航股份有限公司B-50026航機
臺北市北投區北投國民小學,中央北路1段73號,63000120,25.134142,121.500216,學校、大型集會場所,國小,川堂,行政大樓川堂
K區東森廣場,忠孝西路一段47號B1,63000050,25.0465183,121.5174415,大型購物場所,商場,東森商場,商場西區街道
國立陽明交通大學台北北門校區,忠孝西路1段118號,63000050,25.047245,121.511884,學校、大型集會場所,大專院校,警衛室後方,陽明交大北門校區正門，警衛室後方。
北投焚化廠回饋設施洲美運動公園,洲美街271號(洲美運動公園),63000120,25.109602,121.499364,學校、大型集會場所,健身中心,服務台對面,服務台對面
臺北市藝文推廣處,八德路3段25號3樓,63000010,25.0483521,121.5523144,大型休閒場所,演藝廳,藝文大樓4樓,電梯旁
洲尾庄興安宮,潭美街183號,63000100,25.05525672,121.5833534,其他,其他場所,放置於廟公辦公室,放置於廟公辦公室，進門後右轉，電視下方。
景美游泳池,羅斯福路五段176巷50號,63000080,25.003607,121.536345,大型休閒場所,運動場館(如小巨蛋),泳池入口處,泳池入口處
台北西門威秀影城,漢中街52號8-11樓,63000070,25.0438973,121.5071127,大型休閒場所,電影片映演場所(戲院、電影院),10F座位區前,10樓座位區前
臺北市政府工務局新建工程處養護工程隊第五分隊,致遠三路158號,63000120,25.121837,121.508934,其他,其他場所,新工處第五分隊一樓,一樓飲水機旁邊
臺北市政府環境保護局北投垃圾焚化廠,洲美街271號,63000120,25.100116,121.498582,其他,其他場所,值勤休息室一樓,值勤休息室一樓
臺北市立景美女子高級中學,木新路3段312號,63000080,24.980744,121.556181,學校、大型集會場所,高中職,景美女中,和平樓1樓健康中心外走廊
國立臺灣大學(校總區),羅斯福路4段1號,63000030,25.016323,121.534463,學校、大型集會場所,大專院校,生科館,位於大樓進入後左手邊處
臺北市立南海實驗幼兒園,西藏路424號,63000070,25.0296732,121.4976095,其他,其他場所,穿堂,穿堂左側
國立臺灣大學(長興校區),長興街50號,63000030,25.016473,121.544436,學校、大型集會場所,大專院校,生技中心,位於大門進入後電梯旁
臺北市立五常國民中學,復興北路430巷1號,63000040,25.063482,121.5431,其他,其他場所,1樓東側川堂男廁旁走道牆上,1樓東側川堂男廁旁走道牆上
臺北市立天母國民中學,天母東路120號,63000110,25.117097,121.538127,學校、大型集會場所,國中,天母國中,健康心走廊
臺北市政府工務局新建工程處養護工程隊第一分隊,新生北路二段78號,63000040,25.057205,121.526986,其他,其他場所,台北市中山區新生北路二段78號,辦公室大門旁
國立臺灣大學(校總區),羅斯福路4段1號,63000030,25.016323,121.534463,學校、大型集會場所,大專院校,資工德田館,位於大門進入後右前方靠牆處
臺北市政府工務局新建工程處養護工程隊第六分隊,景後街151號3樓,63000080,24.99000107,121.5419161,其他,其他場所,本棟三樓,進三樓大門旁
K區東森廣場,忠孝西路一段47號B1,63000050,25.0465183,121.5174415,大型購物場所,商場,東森K區商場,商場東側街道
臺北市政府工務局新建工程處養護工程隊第四分隊,港東街,63000090,25.059942,121.620638,其他,其他場所,1樓辦公室外,門口左手邊牆上
臺北市濱江實驗國民中學,樂群二路262號,63000040,25.07955,121.56075,學校、大型集會場所,國中,體三樓左側,體育館三樓
臺北市萬華區萬大國民小學,萬大路346號,63000070,25.022984,121.499323,其他,其他場所,哺集乳室外門廊,大成樓一樓哺集乳室外門走廊牆上
臺北市藝文推廣處,八德路3段25號3樓,63000010,25.0483521,121.5523144,大型休閒場所,演藝廳,城市舞台後台,城市舞台後台
國立臺灣大學(校總區),羅斯福路4段1號,63000030,25.016323,121.534463,學校、大型集會場所,大專院校,工科海洋館,位於大門進去後右手邊直走到底處
國立臺灣大學(校總區),羅斯福路4段1號,63000030,25.016323,121.534463,學校、大型集會場所,大專院校,食品科技館,大門內左側牆上
國立臺灣大學(校總區),羅斯福路4段1號,63000030,25.016323,121.534463,學校、大型集會場所,大專院校,博雅教學館,位於大樓進入後前方廣場
臺北市大安區幸安國民小學,仁愛路三段22號,63000030,25.03758,121.534866,學校、大型集會場所,國小,臺北市大安區幸安國民小學游泳池(B1),臺北市大安區幸安國民小學游泳池(B1)
臺北市北投區石牌國民小學,致遠二路80號,63000120,25.115729,121.511757,其他,其他場所,石牌國小警衛室,石牌國小警衛室
臺北市立興福國民中學,福興路80號,63000080,25.004723,121.54995,學校、大型集會場所,國中,行政大樓川堂一側,行政大樓川堂一側
臺北市藝文推廣處,八德路3段25號3樓,63000010,25.0483521,121.5523144,大型休閒場所,演藝廳,城市舞台前台,城市舞台前台
國立臺灣大學(芳蘭校區),芳蘭路71號,63000030,25.011865,121.545055,學校、大型集會場所,大專院校,環研大樓,位於大門進去後右手邊方向
國立臺灣大學(校總區),羅斯福路4段1號,63000030,25.016323,121.534463,學校、大型集會場所,大專院校,電機明達館,位於大門進去後右斜前方處
臺北市立北政國民中學,指南路3段2巷14號,63000080,24.98498,121.578255,學校、大型集會場所,國中,警衛室旁邊,校門口警衛室旁
臺北市北投區立農國民小學,立農街一段250號,63000120,25.119147,121.505128,其他,其他場所,立農國小,由大門進入校園後，直走到穿堂，左手邊第1部電梯旁。
臺北市藝文推廣處-文山劇場,景文街32號,63000080,24.991961,121.541233,大型休閒場所,演藝廳,文山劇場1樓大廳戲林區,放置於本處文山劇場一樓大廳休息區，為室內開放空間，利於設備維護，大樓鄰近景美捷運站一號出口及羅斯福路六段，方便支援。
國立臺灣大學(校總區),羅斯福路4段1號,63000030,25.016323,121.534463,學校、大型集會場所,大專院校,社工館,置於大門進去後左手邊處
臺北市藝文推廣處,八德路3段25號3樓,63000010,25.0483521,121.5523144,大型休閒場所,演藝廳,藝文大樓5樓,電梯旁
國立臺灣大學(校總區),羅斯福路4段1號,63000030,25.016323,121.534463,學校、大型集會場所,大專院校,第二行政大樓（東）,第二行政大樓(東側)新農化館(西側)
國立臺灣大學(校總區),羅斯福路4段1號,63000030,25.016323,121.534463,學校、大型集會場所,大專院校,戲劇1號館,置於走道之牆壁上
臺北市藝文推廣處,八德路3段25號3樓,63000010,25.0483521,121.5523144,大型休閒場所,演藝廳,藝文大樓3樓電梯旁,藝文大樓3樓電梯旁
臺北市立陽明教養院華岡院區,凱旋路61巷4弄9號,63000110,25.135194,121.541256,其他,其他場所,文康大樓1樓,文康大樓1樓
國立臺灣大學(校總區),羅斯福路4段1號,63000030,25.016323,121.534463,學校、大型集會場所,大專院校,管理2號館,位於進門後右手邊警衛室門口處
臺北市南港區戶政事務所,南港路1段360號4樓,63000090,25.053315,121.607409,其他,其他場所,民眾洽公區,置於民眾洽公區角落，安全門出入口前方，遇有緊急情況時，人員可迅速取得。
臺北市藝文推廣處-大稻埕戲苑,迪化街一段21號8、9樓,63000060,25.054862,121.51055,其他,其他場所,9樓服務台,9樓服務台(面對)右方
臺北市政府工務局新建工程處養護工程隊第二分隊,民權東路六段臨8-1號,63000100,25.065479,121.574173,其他,其他場所,大門口,大門口進來右手邊
臺北市政府環境保護局內湖垃圾焚化廠,安康路290號,63000100,25.062515,121.605298,其他,其他場所,管理大樓,管理大樓1樓電梯旁
臺北市大安區幸安國民小學,仁愛路三段22號,63000030,25.03758,121.534866,學校、大型集會場所,國小,臺北市大安區幸安國民小學穿堂,臺北市大安區幸安國民小學穿堂
國立臺灣大學(校總區),羅斯福路4段1號,63000030,25.016323,121.534463,學校、大型集會場所,大專院校,化學積學館,置於大門前方位置
國立臺灣大學(校總區),羅斯福路4段1號,63000030,25.016323,121.534463,學校、大型集會場所,大專院校,法律萬才館,位於大門進入後前方
國立臺灣大學(校總區),羅斯福路4段1號,63000030,25.016323,121.534463,學校、大型集會場所,大專院校,園藝加工館,置於大門進入後左手邊牆壁上
臺北市立陽明教養院華岡院區,凱旋路61巷4弄9號,63000110,25.135194,121.541256,其他,其他場所,行政大樓1樓大廳,行政大樓1樓左側
國立臺灣師範大學公館校區(汀州路4段88號),汀州路4段88號,63000080,25.007963,121.536905,學校、大型集會場所,大專院校,女2舍1樓,女2舍1樓
國立臺灣師範大學公館校區(汀州路4段88號),汀州路4段88號,63000080,25.007963,121.536905,學校、大型集會場所,大專院校,男2舍1樓,男2舍1樓
交通部民用航空局臺北國際航空站(松山機場),敦化北路340-9號,63000010,25.06369,121.552742,交通要衝,機場,國內線2樓美食街,造景牆旁
立榮航空股份有限公司,長安東路二段117號8樓,63000040,25.048501,121.535545,長距離交通工具,航空器,立榮客機,ATR:Under FWD Crew seat storage
立榮航空股份有限公司,長安東路二段117號8樓,63000040,25.048501,121.535545,長距離交通工具,航空器,立榮客機,ATR:Under FWD Crew seat storage
立榮航空股份有限公司,長安東路二段117號8樓,63000040,25.048501,121.535545,長距離交通工具,航空器,立榮客機,ATR:Under FWD Crew seat storage
立榮航空股份有限公司,長安東路二段117號8樓,63000040,25.048501,121.535545,長距離交通工具,航空器,立榮客機,ATR:Under FWD Crew seat storage
立榮航空股份有限公司,長安東路二段117號8樓,63000040,25.048501,121.535545,長距離交通工具,航空器,立榮客機,ATR:Under FWD Crew seat storage
立榮航空股份有限公司,長安東路二段117號8樓,63000040,25.048501,121.535545,長距離交通工具,航空器,立榮客機,ATR:Under FWD Crew seat storage
立榮航空股份有限公司,長安東路二段117號8樓,63000040,25.048501,121.535545,長距離交通工具,航空器,立榮客機,ATR:Under FWD Crew seat storage
立榮航空股份有限公司,長安東路二段117號8樓,63000040,25.048501,121.535545,長距離交通工具,航空器,立榮客機,ATR:Under FWD Crew seat storage
立榮航空股份有限公司,長安東路二段117號8樓,63000040,25.048501,121.535545,長距離交通工具,航空器,立榮客機,ATR:Under FWD Crew seat storage
立榮航空股份有限公司,長安東路二段117號8樓,63000040,25.048501,121.535545,長距離交通工具,航空器,立榮客機,ATR:Under FWD Crew seat storage
立榮航空股份有限公司,長安東路二段117號8樓,63000040,25.048501,121.535545,長距離交通工具,航空器,立榮客機,ATR:Under FWD Crew seat storage
立榮航空股份有限公司,長安東路二段117號8樓,63000040,25.048501,121.535545,長距離交通工具,航空器,立榮客機,ATR:Under FWD Crew seat storage
立榮航空股份有限公司,長安東路二段117號8樓,63000040,25.048501,121.535545,長距離交通工具,航空器,立榮客機,ATR:Under FWD Crew seat storage
立榮航空股份有限公司,長安東路二段117號8樓,63000040,25.048501,121.535545,長距離交通工具,航空器,立榮客機,ATR:Under FWD Crew seat storage
立榮航空股份有限公司,長安東路二段117號8樓,63000040,25.048501,121.535545,長距離交通工具,航空器,立榮客機,ATR:Under FWD Crew seat storage
立榮航空股份有限公司,長安東路二段117號8樓,63000040,25.048501,121.535545,長距離交通工具,航空器,立榮客機,ATR:Under FWD Crew seat storage
立榮航空股份有限公司,長安東路二段117號8樓,63000040,25.048501,121.535545,長距離交通工具,航空器,立榮客機,ATR:Under FWD Crew seat storage
立榮航空股份有限公司,長安東路二段117號8樓,63000040,25.048501,121.535545,長距離交通工具,航空器,立榮客機,ATR:Under FWD Crew seat storage
立榮航空股份有限公司,長安東路二段117號8樓,63000040,25.048501,121.535545,長距離交通工具,航空器,立榮客機,ATR:Under FWD Crew seat storage
立榮航空股份有限公司,長安東路二段117號8樓,63000040,25.048501,121.535545,長距離交通工具,航空器,立榮客機,ATR:Under FWD Crew seat storage
臺北市信義運動中心,松勤街100號,63000020,25.03180456,121.5667558,學校、大型集會場所,健身中心,本館二樓,本館二樓體適能中心入口
財團法人基督之家,青島東路51號4樓,63000050,25.0430119,121.526237,學校、大型集會場所,宗教聚會場所,4樓梯廳,台北基督之家行政部
財團法人基督之家,青島東路51號4樓,63000050,25.0430119,121.526237,學校、大型集會場所,宗教聚會場所,B1主會堂,杭州南路一段15-1號B1-1 (醒吾大樓) 基督之家主會堂
小油坑往七星山主峰0.6k處觀景平台(亞洲形上觀音山揹水隊捐贈), ,63000120,25.15150071,121.5465583,其他,其他場所,小油坑往七星山主峰0.6k處觀景平台(亞洲形上觀音山揹水隊捐贈),小油坑往七星山主峰0.6k處觀景平台
栖里健身事業股份有限公司,公館路427號b1,63000120,25.1205827,121.5024249,學校、大型集會場所,健身房,本館b1教練櫃台,門口在公館路側 下b1後會看到指示
陽明海運股份有限公司重慶大樓,重慶北路2段243號,63000060,25.062502,121.5139,其他,其他場所,陽明海運重慶大樓1樓大廳,重慶大樓大門出入口，進門左側。
臺北市士林區芝山國民小學,德行東路285號,63000110,25.1102978,121.536354,其他,其他場所,芝山國小穿堂右側,之山國小穿堂右側
優勢開發管理顧問有限公司-內科館,瑞光路550號1樓,63000100,25.0797799,121.5669661,學校、大型集會場所,健身房,電視牆後方,健身房
Pro Space,復興南路一段62號2樓之1,63000030,25.0445894,121.5436541,大型休閒場所,運動場館(如小巨蛋),門口,復興南路與市民大道交叉路口
松山奉天宮,福德街221巷12號,63000020,25.037385,121.584669,其他,其他場所,香客大樓1樓餐廳外,香客大樓1樓餐廳外
臺北市松山區敦化國民小學,敦化北路2號,63000010,25.049244,121.547884,其他,其他場所,至忠樓穿堂,至忠樓穿堂(司令台後方)
臺北市松山區敦化國民小學,敦化北路2號,63000010,25.049244,121.547884,其他,其他場所,學生活動中心一樓穿堂,學生活動中心一樓穿堂
臺北市立敦化國民中學,南京東路三段300號,63000010,25.051542,121.546707,學校、大型集會場所,國中,1樓穿堂與游泳池門口,1樓穿堂與游泳池門口
Fitness Hub,南京東路四段130號B1,63000010,25.0513946,121.555723,學校、大型集會場所,健身房,大廳電視旁,大廳電視旁
臺北市立敦化國民中學,南京東路三段300號,63000010,25.051542,121.546707,學校、大型集會場所,國中,游泳池入口,游泳池入口處牆面
可爾姿女性30分鐘環狀運動 西門漢中店,漢中街157號2樓-1,63000070,25.041502,121.507173,學校、大型集會場所,健身房,Curves 可爾姿女性30分鐘環狀運動西門漢中店,Curves西門漢中店更衣室內
遠東百貨股份有限公司信義分公司,松仁路58號,63000020,25.036718,121.568131,大型購物場所,百貨業,9樓服務台旁,9樓服務台旁
遠東百貨股份有限公司信義分公司,松仁路58號,63000020,25.036718,121.568131,大型購物場所,百貨業,1樓服務台旁,1F服務台旁
波克萊體能顧問有限公司,金山南路一段65號1樓,63000050,25.03789699,121.5283754,學校、大型集會場所,健身房,進入門口左手邊置物櫃上方,進入門口左手邊置物櫃上方
森運動工作室,基隆路二段23號b1,63000020,25.0317389,121.559118,學校、大型集會場所,健身房,訓練區域,場內角落
臺灣臺北地方法院,博愛路131號,63000050,25.036728,121.511059,學校、大型集會場所,法院,二樓開庭等候區,二樓開庭等候區
臺灣臺北地方法院,博愛路131號,63000050,25.036728,121.511059,學校、大型集會場所,法院,地下一樓,地下一樓候審室
臺北市立士林國民中學,中正路345號,63000110,25.094366,121.52257,學校、大型集會場所,國中,騰雲館,騰雲館內
和苑三井花園飯店 台北忠孝,忠孝東路三段30號,63000030,25.0418375,121.5343789,旅宿場所,飯店,本棟17樓,"17樓電梯出來右轉往浴場方向 
(販賣機右側)"
臺北市立景興國民中學,景興路46巷2號,63000080,24.996187,121.544225,學校、大型集會場所,國中,健康中心走廊,景興國中健康中心走廊外
臺北市萬華區東園國民小學,東園街195號,63000070,25.022987,121.497953,其他,其他場所,總務處外走廊,總務處外走廊
瓦城集團 1010湘(復北店),復興北路301號,63000010,25.05817995,121.5444084,其他,其他場所,餐廳內,入口處
瓦城集團 瓦城天母店,天母西路111號,63000120,25.11889814,121.5234467,其他,其他場所,天母西路111號,餐廳二樓
瓦城集團 瓦城西湖店,內湖路一段246-1號,63000100,25.08201156,121.5663634,其他,其他場所,餐廳內,入口處
BeeFit蜂運動寧波教室,寧波西街79號,63000050,25.03035872,121.516797,學校、大型集會場所,健身房,櫃台後方,門口左方櫃檯後方
臺北市萬華區華江國民小學,環河南路2段250巷42弄2號,63000070,25.0340872,121.4912696,學校、大型集會場所,國小,穿堂,穿堂
More Fit 市府店,基隆路一段139號B1,63000020,25.04305517,121.565885,學校、大型集會場所,健身房,櫃檯前,櫃檯前
國家表演藝術中心國家兩廳院(國家戲劇院),中山南路21-1號,63000050,25.037355,121.519244,大型休閒場所,電影片映演場所(戲院、電影院),戲劇院一號門售票口,戲劇院一號門售票口
觀音佛祖慈聖宮,內湖路三段256巷16號,63000100,25.0940759,121.5847057,其他,其他場所,主殿2樓,大香爐旁10公尺
碧山露營場,碧山路26之7號,63000100,25.10417567,121.5811509,其他,其他場所,服務中心(管理室),服務中心大門內
金面山步道竹月寺,環山路二段50巷14弄14號之7號,63000100,25.0897944,121.5716043,其他,其他場所,正殿,大門左側
南港茶葉製造示範場,舊莊街二段336號,63000090,25.02742432,121.6640314,其他,其他場所,大廳,正門入內後右側
圓覺寺,碧山路39號,63000100,25.09765387,121.5907961,其他,其他場所,寺廟後方涼亭,接近元覺寺前右方小涼亭內
靜修宮,劍南路336巷6號,63000040,25.08888454,121.551394,其他,其他場所,左廂房,正殿左側，辦公室入口處
友訊科技股份有限公司,新湖三路289號1樓,63000100,25.065901,121.582898,其他,其他場所,1樓服務台旁,1樓服務台右側
友訊科技股份有限公司,新湖三路289號1樓,63000100,25.065901,121.582898,其他,其他場所,4樓醫務室前,4樓醫務室前
雀客旅館台北站前,襄陽路4號,63000050,25.0433118,121.5138849,旅宿場所,旅館,進門前方,進門前方
臺北市立士林高級商業職業學校,士商路150號,63000110,25.095825,121.515731,學校、大型集會場所,高中職,行政大樓1樓廣場,"士商大門進入穿堂
行政大樓1樓廣場"
陽明山大屯山面天山觀景平台(亞洲形上觀音山揹水隊捐贈),竹子湖路1-20號,63000110,25.1836815,121.5712272,其他,其他場所,陽明山大屯山面天山觀景平台(亞洲形上觀音山揹水隊捐贈),陽明山大屯山面天山觀景平台
臺北市數位實驗高級中等學校,吉林路110號5樓,63000040,25.0536299,121.5298914,學校、大型集會場所,高中職,電梯出入口處,本校教學運作型態與現行一般高中不同，採分散方式進行，依功能屬性於臺北市立弘道國中、臺北市教育研究發展中心5樓設置辦公室，支援學生學習活動及親師生互動
臺市立華江高級中學運動中心(舞動陽光有限公司),西藏路213號,63000070,25.028594,121.496058,學校、大型集會場所,高中職,華江高中運動中心,運動中心一樓櫃台旁
臺北市立圖書館大直分館,大直街25號3-5樓,63000040,25.0819332,121.5467679,大型休閒場所,圖書館,本館3樓,3樓入口處
保證責任臺北市台北地下街場地利用合作社,市民大道1段100號B1,63000050,25.04844486,121.5174799,大型購物場所,地下街,Y28出口,Y28出口; Y28出口對面店家旁
保證責任臺北市台北地下街場地利用合作社,市民大道1段100號B1,63000050,25.04844486,121.5174799,大型購物場所,地下街,Y2出口,Y2出口
保證責任臺北市台北地下街場地利用合作社,市民大道1段100號B1,63000050,25.04844486,121.5174799,大型購物場所,地下街,Y8出口,Y8出口; 台北車站北三門下方
保證責任臺北市台北地下街場地利用合作社,市民大道1段100號B1,63000050,25.04844486,121.5174799,大型購物場所,地下街,Y21廁所,Y21廁所; 靠Y21出口; Y19至Y21出口中間
保證責任臺北市台北地下街場地利用合作社,市民大道1段100號B1,63000050,25.04844486,121.5174799,大型購物場所,地下街,Y22出口,Y22出口; Y22出口對面; 靠機場捷運線
保證責任臺北市台北地下街場地利用合作社,市民大道1段100號B1,63000050,25.04844486,121.5174799,大型購物場所,地下街,Y13廁所,Y13廁所; 靠Y13出口; Y11至Y13出口中間
保證責任臺北市台北地下街場地利用合作社,市民大道1段100號B1,63000050,25.04844486,121.5174799,大型購物場所,地下街,Y17廁所,Y17廁所; 靠Y17出口; Y15至Y17出口中間
保證責任臺北市台北地下街場地利用合作社,市民大道1段100號B1,63000050,25.04844486,121.5174799,大型購物場所,地下街,Y5廁所,Y5廁所; 靠Y5出口; Y3至Y5出口中間
川復有限公司,金山南路二段222號B1,63000030,25.0275294,121.5258961,其他,其他場所,本場館多功能訓練區,多功能訓練區
颶風運動事業有限公司,仁愛路4段27巷22號B1,63000030,25.0402663,121.5450551,學校、大型集會場所,健身中心,火災警報器旁,TMMA台北格鬥運動館 重訓區/火災警報器旁
407肌力訓練,中正路407號1樓,63000110,25.0937342,121.5210223,學校、大型集會場所,健身房,場所門口,健身房／運動場所
臺北市信義區信義國民小學,松勤街60號,63000020,25.03186,121.563206,其他,其他場所,活動中心一樓,游泳池門口
臺灣臺北地方法院,博愛路131號,63000050,25.036728,121.511059,學校、大型集會場所,法院,四樓開庭等候區,四樓開庭等候區
臺灣臺北地方法院,博愛路131號,63000050,25.036728,121.511059,學校、大型集會場所,法院,一樓大廳,1樓訴訟輔導中心外面走廊
K·Ｄ+ Fitness,南京東路四段51號2樓之1,63000010,25.052025,121.551041,其他,其他場所,休息區,休息區飲水機上方
BeeFit蜂運動古亭教室,羅斯福路二段35巷13號,63000030,25.02797065,121.522776,學校、大型集會場所,健身房,教室落地玻璃旁,在進門左側牆面上
臺北市內湖國中,台北市內湖區陽光街1號,63000100,25.077035,121.58869,學校、大型集會場所,國中,游泳池旁,成人用
臺北市立北投國民中學,溫泉路62號,63000120,25.134939,121.50461,其他,其他場所,活動中心一樓,活動中心一樓
中華學校財團法人中華科技大學,研究院路3段245號,63000090,25.033596,121.609889,學校、大型集會場所,大專院校,日新樓一樓,日新樓一樓走廊
臺北市南港區玉成國民小學,臺北市南港區向陽路31號,63000090,25.0537916,121.5935424,學校、大型集會場所,大專院校,四維樓一樓,放置於四維樓一樓門口旁
臺北市文山區景興國民小學,景華街150巷21號,63000080,24.996434,121.548293,學校、大型集會場所,國小,警衛室外,在側門口的警衛室牆外，一進門就可看到。
北投溫泉博物館,中山路2號,63000120,25.136692,121.507149,大型休閒場所,博物館,哺集乳室門口,上2樓樓梯轉角處(哺集乳室門口)
南湖國小運動中心,康寧路三段200號運動中心2F,63000100,25.0679496,121.6106211,學校、大型集會場所,健身中心,臺北市內湖區康寧路三段200號運動中心2F,於運動中心2樓
中華郵政股份有限公司愛國大樓,愛國東路216號,63000030,25.031288,121.5243144,其他,其他場所,本公司1樓大廳,本公司1樓大廳，正門口進入後右手邊。
Marriott Taipei 台北萬豪酒店,樂群二路199號,63000040,25.08048916,121.5589431,旅宿場所,飯店,中城廣場,ROU X James Sharman店門旁
臺北市大同區大龍國民小學,哈密街47號,63000060,25.073409,121.516692,其他,其他場所,"臺北市大同區大龍國民小學	北側警衛室外",臺北市大同區大龍國民小學北側警衛室外
誠品股份有限公司196號辦公室,松德路196號B1F,63000020,25.034946,121.574281,其他,其他場所,松德辦公室門口,自大門進入後，立即左轉，第一個右彎處右轉，即可看到
Jexer Fitness & Spa 南京復興,南京東路三段133號B2,63000040,25.0521556,121.5411467,學校、大型集會場所,健身房,出館手扶提附近,Jexer Fitness & Spa 南京復興
健身工廠中山北廠,中山北路二段59巷45號B2,63000040,25.05596953,121.5245352,學校、大型集會場所,健身房,健康工廠中山北廠B2,B2人臉辨識旁
上海商業儲蓄銀行股份有限公司(總行大樓),民權東路一段2號,63000040,25.06256997,121.5230853,其他,其他場所,上海商業儲蓄銀行 總行大樓,"上海商業儲蓄銀行 總行大樓
台北市中山區民權東路一段2號 一樓保全櫃檯"
臺北市兆如老人安養護中心,政大二街129號,63000080,24.9892314,121.5839877,其他,其他場所,松苑1樓大廳,松苑-為橘色建築物，進入大廳後面對櫃台位於松苑櫃台左後方
臺北市兆如老人安養護中心,政大二街129號,63000080,24.9892314,121.5839877,其他,其他場所,竹苑6樓護理準備室,為黃色建築物，處於老人養護區6樓準備治療室中
臺北市文山老人服務暨日間照顧中心,興隆路2段88號1樓之3,63000080,25.00027763,121.5488165,其他,其他場所,本中心大廳,老人服務中心志工與接待櫃檯後方
台北市立圖書館廣慈分館,福德街86號3-4樓,63000020,25.0377261,121.5819728,大型休閒場所,圖書館,4樓櫃檯旁,位於櫃檯左前側
Transcend勸世健身,撫順街31號1樓,63000040,25.0636004,121.5199973,學校、大型集會場所,健身中心,健身房內休息區角落,"進入大門後第一個小房間右轉,在右手邊角落"
低氧喜客,仁愛路四段411號B1,63000030,25.0380945,121.5559627,大型休閒場所,運動場館(如小巨蛋),本場所後方,本場所走道後方
大地國際酒店股份有限公司,奇岩路1號,63000120,25.134518,121.50748,大型公眾浴場或溫泉區,溫泉區,本飯店獨立湯屋,湯屋大廳入口左側
大地國際酒店股份有限公司,奇岩路1號,63000120,25.134518,121.50748,大型公眾浴場或溫泉區,溫泉區,三樓游泳池區,三樓泳池入口處
欣欣秀泰影城,林森北路247號3~5樓,63000040,25.05421,121.525601,大型休閒場所,電影片映演場所(戲院、電影院),5樓客梯左側,欣欣秀泰影城5樓客梯左側
構韋有限公司,光復南路578號2樓,63000030,25.033661,121.5572279,其他,其他場所,卡蒂雅大廈２樓,２樓Goalway健身工作室 進門右轉茶水間
臺北市大安運動中心,辛亥路3段55號,63000030,25.020777,121.545636,學校、大型集會場所,健身中心,一樓大廳,在一樓大廳正門口
臺北市大安運動中心,辛亥路3段55號,63000030,25.020777,121.545636,學校、大型集會場所,健身中心,中心三樓,三樓電梯、樓梯出口處
台北漢來大飯店GRAND HILAI TAIPEI,經貿一路168號,63000090,25.0584249,121.6193534,旅宿場所,飯店,五樓俱樂部,五樓俱樂部健身房內
台北漢來大飯店GRAND HILAI TAIPEI,經貿一路168號,63000090,25.0584249,121.6193534,旅宿場所,飯店,一樓大廳櫃台,飯店大廳面對櫃台右側邊
臺北市立關渡國民中學,知行路212號,63000120,25.119885,121.467145,其他,其他場所,學務處走廊,學務處與羽球場間的走廊
臺北市立古亭國民中學,中華路二段465號,63000050,25.024756,121.509983,學校、大型集會場所,國中,綜合大樓一樓,本校綜合大樓一樓（大樓前有操場，體育組辦公室前）
臺北市立東湖國民中學,康樂街131號,63000100,25.072199,121.619458,其他,其他場所,穿堂電梯旁,穿堂電梯旁
臺北市內湖區大湖國民小學,大湖山莊街170號,63000100,25.088121,121.60048,其他,其他場所,台北市內湖區大湖山莊街170號,門口警衛室
臺北市大同區日新國民小學,太原路151號,63000060,25.054389,121.516476,其他,其他場所,日新國小紅樓外走廊(鄰近太原路門口),日新國小紅樓外走廊(鄰近太原路門口)
梅庭,中山路6號,63000120,25.136932,121.508762,其他,其他場所,北投梅庭,北投梅庭 客廳展間
臺北市立東湖國民中學,康樂街131號,63000100,25.072199,121.619458,其他,其他場所,東湖國中活動中心1樓(大樓內),活動中心1樓(大樓內)
齊天健身,明水路567號一樓,63000040,25.0794661,121.55143,其他,其他場所,館內大廳,館內大廳
德立莊酒店,秀山街4號,63000050,25.042787,121.509309,旅宿場所,旅館,飯店大廳,飯店大廳
洛碁大飯店新仕界,昆明街141號,63000070,25.040944,121.504555,旅宿場所,旅館,本館大廳座位區,本館大廳座位區
臺北市立中正高級中學,文林北路77號,63000120,25.104472,121.516541,學校、大型集會場所,高中職,校門口警衛室內,校門口警衛室內
臺灣集中保管結算所股份有限公司,復興北路363號2樓,63000010,25.060561,121.544388,其他,其他場所,台北市松山區復興北路365號5樓,5樓法遵暨法務室大廳
捷絲旅西門館,中華路一段41號5樓,63000050,25.0450456,121.5095859,旅宿場所,旅館,大門入口左邊休息區,左邊休息區的牆壁上
臺北市政府環境保護局南港區清潔隊停車場,南深路37號之1,63000090,25.03642717,121.6204805,其他,其他場所,1F電箱旁,1F電箱旁
臺北市政府環境保護局中正區清潔隊區隊部,重慶南路三段6號,63000050,25.02936973,121.5151892,其他,其他場所,大門旁,大門旁
臺北市政府環境保護局大安區清潔隊臥龍分隊,基隆路三段臨24號,63000030,25.020008,121.5473457,其他,其他場所,在休息室,在休息室
臺北市政府環境保護局大同區清潔隊大龍分隊,承德路3段303之1號,63000060,25.076082,121.520677,其他,其他場所,在會議室,在會議室
臺北市政府環境保護局萬華區清潔隊青年分隊,成都路臨173號之1,63000070,25.04427837,121.5016253,其他,其他場所,大門右側,大門進去右邊
臺北市政府環境保護局大安區清潔隊台大分隊,辛亥路一段臨138號,63000030,25.022008,121.533814,其他,其他場所,休息室,休息室
臺北市政府環境保護局中山區清潔隊停車場,濱江街301巷內,63000040,25.0727943,121.5456244,其他,其他場所,警衛室內,車道的右邊
臺北市政府環境保護局文山區清潔隊復興分隊,忠順街二段22號2樓,63000080,24.984612,121.563185,其他,其他場所,點名場所,點名場所
臺北市政府環境保護局信義區清潔隊吳興分隊,松仁路240巷19號3樓之3,63000020,25.02445119,121.5687938,其他,其他場所,大門左方,大門左方
臺北市政府環境保護局中正區清潔隊博愛分隊,懷寧街58號1樓,63000050,25.04435575,121.5140559,其他,其他場所,辦公室門口,辦公室門口
臺北市政府環境保護局大安區清潔隊敦化分隊,忠孝東路三段31號,63000030,25.04225546,121.5369241,其他,其他場所,大門右側,大門右側
臺北市政府環境保護局松山區清潔隊停車場,濱江街301巷底,63000010,25.073015,121.545716,其他,其他場所,辦公室右側,辦公室右側
臺北市政府環境保護局大安區清潔隊瑞安分隊,建國南路二段臨263號,63000030,25.025078,121.537891,其他,其他場所,辦公室內,辦公室內
臺北市政府環境保護局中正區清潔隊仁愛分隊,林森北路5巷7號,63000050,25.04531265,121.5240874,其他,其他場所,辦公室,辦公室
臺北市政府環境保護局北投區清潔隊光明分隊,磺港路275號,63000120,25.12312,121.502975,其他,其他場所,辦公區,辦公區
臺北市政府環境保護局士林區清潔隊停車場(大度),大度路1段150巷11號,63000120,25.12364462,121.4934382,其他,其他場所,辦公室,辦公室
臺北市政府環境保護局文山區清潔隊木柵分隊,木柵路二段138巷26號,63000080,24.987285,121.562422,其他,其他場所,3F會議室,3F會議室
臺北市政府環境保護局北投區清潔隊關渡分隊,大渡路3段臨250號,63000120,25.122937,121.467323,其他,其他場所,辦公室,辦公室
臺北市政府環境保護局士林區清潔隊草山分隊,格致路 34 號,63000110,25.137067,121.54656,其他,其他場所,辦公休息區,辦公休息區
臺北市政府環境保護局北投區清潔隊陽明分隊二班,新民路73-7號,63000120,25.14114335,121.5127477,其他,其他場所,辦公室,辦公室
臺北市政府環境保護局萬華區清潔隊武昌分隊,西寧南路4號2F,63000070,25.04793247,121.5070448,其他,其他場所,大門右大門,大門進去右邊
臺北市政府環境保護局內湖區清潔隊內湖分隊,大湖山莊街117號,63000100,25.08604543,121.6017439,其他,其他場所,1F梯間,1F梯間
臺北市政府環境保護局中山區清潔隊中山分隊,新生北路二段臨30-1號,63000040,25.077181,121.520136,其他,其他場所,大門右側,大門右側
臺北市政府環境保護局中正區清潔隊公館分隊,水源路臨2號,63000050,25.013179,121.527439,其他,其他場所,大門進去右手邊,大門進去右手邊
臺北市政府環境保護局大安區清潔隊和平分隊,辛亥路一段臨143號,63000030,25.022699,121.532337,其他,其他場所,點名室內,點名室內
臺北市政府環境保護局信義區清潔隊五分埔分隊,忠孝東路5段257巷2號,63000020,25.041175,121.570669,其他,其他場所,放梯廳間,放梯廳間
臺北市政府環境保護局士林區清潔隊天母分隊,承德路7段413巷內,63000110,25.09058619,121.5174605,其他,其他場所,左側休息室,左側休息室
臺北市政府環境保護局士林區清潔隊社子分隊葫蘆班,中正路 臨707-1號,63000110,25.08589695,121.506607,其他,其他場所,辦公室,辦公室
臺北市政府環境保護局環保稽查大隊,重慶北路3段347號4樓,63000060,25.0748652,121.5140597,其他,其他場所,2樓勤務中心,2樓勤務中心
臺北市藝文推廣處,八德路3段25號3樓,63000010,25.0483521,121.5523144,大型休閒場所,演藝廳,藝文大樓1樓,一樓電梯旁
臺北市政府環境保護局萬華區清潔隊昆明分隊,和平西路三段251號1樓,63000070,25.03554096,121.4947582,其他,其他場所,入口左側,進門後左手邊
臺北市政府環境保護局內湖區清潔隊科技分隊,瑞光路160號B1,63000100,25.073419,121.579137,其他,其他場所,辦公室,辦公室
臺北市政府環境保護局廢棄物處理場行政辦公大樓,南深路37 號,63000090,25.028922,121.622895,其他,其他場所,閱覽室內,閱覽室內
臺北市政府環境保護局中山區清潔隊民權二分隊,錦州街臨306號,63000040,25.06025335,121.5369868,其他,其他場所,大門左側,大門進去左邊
臺北市政府環境保護局文山區清潔隊景美分隊,溪州街臨220號,63000080,24.999599,121.535308,其他,其他場所,辦公室外,辦公室外
臺北市政府環境保護局中正區清潔隊南昌分隊,三元街131號7樓,63000050,25.02829299,121.51099,其他,其他場所,辦公室,辦公室
臺北市政府環境保護局資源回收隊內湖再生家具,行忠路178巷1號,63000100,25.06644882,121.5842632,其他,其他場所,展示場一樓,展示場一樓
臺北市政府環境保護局大安區清潔隊安和分隊,通化街120巷20號,63000030,25.02941352,121.5532348,其他,其他場所,在門口正對面,在門口正對面
臺北市政府環境保護局中正區清潔隊忠孝分隊,台北市中正區忠孝東路一段108號3樓之3,63000050,25.044355,121.524593,其他,其他場所,辦公室門口,辦公室門口
臺北市政府環境保護局松山區清潔隊松山分隊,南京東路5段372號,63000010,25.051439,121.568676,其他,其他場所,辦公室門口,辦公室門口
臺北市立南湖高級中學,康寧路3段220號,63000100,25.066494,121.610413,學校、大型集會場所,高中職,東風樓3樓學務處,東風樓3樓學務處教官室走廊
臺北市立新民國民中學,新民路10號,63000120,25.138039,121.507974,其他,其他場所,新民國中活動中心,新民國中活動中心
臺北市政府環境保護局直屬隊機動二分隊,大度路150巷11號,63000120,25.122762,121.471399,其他,其他場所,一樓大門入口處,一樓大門入口處
臺北市政府環境保護局大同區清潔隊蘭州分隊,敦煌路 臨151-1號,63000060,25.07651073,121.5116733,其他,其他場所,大門右前方,大門右前方
臺北市政府環境保護局南港區清潔隊玉成分隊,向陽路49號,63000090,25.053992,121.594465,其他,其他場所,地下一樓,地下一樓
臺北市政府環境保護局萬華區清潔隊東園分隊,寶興街222巷11-1號,63000070,25.022115,121.495051,其他,其他場所,備勤室內,備勤室內
臺北市政府環境保護局信義區清潔隊四號停車場,木柵路5段151號往前500公尺,63000080,24.99896,121.593804,其他,其他場所,辦公室外,辦公室外
臺北市政府環境保護局北投區清潔隊陽明分隊一班,紗帽路141巷23號,63000120,25.148526,121.533669,其他,其他場所,辦公區休息區,辦公區休息區
臺北市政府環境保護局大同區清潔隊延平分隊,環河北路一段 臨63-1號,63000060,25.05258854,121.507413,其他,其他場所,大門進去正前方,大門進去正前方
臺北市政府環境保護局萬華區清潔隊漢中分隊,環河南路一段臨280-1號,63000070,25.041776,121.499802,其他,其他場所,入口左側,左邊辦公室
臺北市政府環境保護局中山區清潔隊長安分隊,建國北路一段臨5-1號,63000040,25.082404,121.529693,其他,其他場所,在大門左邊,在大門左邊
臺北市政府環境保護局內湖區清潔隊區隊部,成功路二段320巷19號4樓,63000100,25.06769,121.589987,其他,其他場所,辦公室,辦公室
臺北市政府環境保護局信義區清潔隊福德分隊,松山路658號2樓,63000020,25.031523,121.57859,其他,其他場所,在大廳,在大廳
臺北市政府環境保護局內湖區清潔隊文德分隊,民權東路六段臨10-2號,63000100,25.068942,121.590903,其他,其他場所,辦公室,辦公室
臺北市政府環境保護局士林區清潔隊文林分隊文外班,中山北路五段376號6樓,63000110,25.08995592,121.5278416,其他,其他場所,辦公區,辦公區
臺北市政府環境保護局文山區清潔隊區隊部,木柵路三段220號7樓,63000080,24.98964,121.570083,其他,其他場所,辦公室,辦公室
臺北市政府環境保護局大安區清潔隊新生分隊,建國南路一段臨173號,63000030,25.040966,121.53781,其他,其他場所,大門左側,大門進去正左邊
臺北市政府環境保護局中山區清潔隊圓山分隊,新生北路三段 51 -3號,63000040,25.071894,121.531294,其他,其他場所,大門進去左前方,大門進去左前方
臺北市政府環境保護局信義區清潔隊六張犁分隊,松仁路240巷19號6樓,63000020,25.02445119,121.5687938,其他,其他場所,大門左邊,櫃子左側
臺北市政府環境保護局大安區清潔隊建南停車場,建國南路二段臨149號,63000030,25.02913727,121.5381993,其他,其他場所,警衛室,警衛室
臺北市政府環境保護局資源回收隊木柵回收場,木柵路五段151號,63000080,24.99896,121.593804,其他,其他場所,地磅室外,地磅室外
臺北市政府環境保護局中正區清潔隊泉州分隊,惠安街47號,63000050,25.02867945,121.5075731,其他,其他場所,大門右側,大門右側
臺北市政府環境保護局公廁管理隊,重慶北路三段347號2樓,63000060,25.074865,121.51406,其他,其他場所,門口左側,門口左側
意寬精品旅館(HOME HOTEL),松仁路90號,63000020,25.0351042,121.5679889,旅宿場所,旅館,進門右手邊,進門右手邊
東吳大學(城中校區),貴陽街1段56號,63000050,25.037856,121.509663,學校、大型集會場所,大專院校,A哨警衛亭內(第六大樓游藝廣場側),"1.開放式空間，便於取用。
2.具有簷廊遮陽及防雨，不易損壞。"
臺北市政府環境保護局直屬隊機動分隊,鄭州路 臨50號,63000060,25.05021259,121.508718,其他,其他場所,警衛室門口,警衛室門口
臺北市政府環境保護局士林區清潔隊社子分隊社子班,中正路臨692號對面,63000110,25.08579,121.50642,其他,其他場所,辦公室,辦公室
臺北市政府環境保護局北投區清潔隊石牌分隊,承德路7段393巷200號,63000120,25.11328784,121.4985667,其他,其他場所,辦公室,辦公室
臺北市政府環境保護局資源回收隊萬華展示場,環河南路2段102號1.2樓,63000070,25.03693,121.495459,其他,其他場所,展示場二樓,展示場二樓
臺北市政府環境保護局溝渠清理第一隊停車場,建國北路2段及興安街交叉橋孔下,63000040,25.056054,121.53713,其他,其他場所,辦公室,辦公室
臺北市政府環境保護局士林區清潔隊蘭雅分隊,文昌路臨211號,63000110,25.09999615,121.52014,其他,其他場所,辦公室,辦公室
臺北市政府環境保護局萬華區清潔隊大理分隊,長順街臨131號,63000070,25.032546,121.488772,其他,其他場所,辦公室內,大門進去左邊辦公室內
臺北市政府環境保護局中正區清潔隊停車場(辛亥),辛亥路1段臨136號,63000050,25.022008,121.533814,其他,其他場所,辦公室,辦公室
臺北市政府環境保護局溝渠清理第二隊停車場,建國北路3段96-1號,63000040,25.06703,121.53406,其他,其他場所,貨櫃門口,貨櫃門口
臺北市內湖區南湖國民小學（五樓體育科辦公室外）,康寧路三段200號,63000100,25.068697,121.612033,其他,其他場所,五樓體育組辦公室外,南湖國小體育組辦公室外
臺北市政府環境保護局萬華區清潔隊停車場,鄭州路底三號水門外,63000070,25.02753,121.474113,其他,其他場所,臺北市萬華區鄭州路底三號水門外,警衛室旁
臺北市政府環境保護局山水綠生態公園,南深路37號,63000090,25.029077,121.622338,其他,其他場所,管理室,管理室
臺北市政府環境保護局內湖區清潔隊西湖分隊,瑞光路160號B1F,63000100,25.07335225,121.579352,其他,其他場所,B1F辦公室,B1F辦公室
臺北市政府環境保護局文山區清潔隊博嘉分隊,木柵路五段52號,63000080,25.002578,121.5881,其他,其他場所,入口處左轉茶水間外,入口處左轉茶水間外
臺北市政府環境保護局中山區清潔隊南京分隊,長春路350號2樓,63000040,25.05450328,121.541728,其他,其他場所,大門左側,大門進去左邊
臺北市政府環境保護局文山區清潔隊停車場,木柵路5段151號(福德坑),63000080,25.00740975,121.589319,其他,其他場所,員工休息室,員工休息室
臺北市政府環境保護局士林區清潔隊停車場(臨江),延平北路7段224號,63000110,25.10185101,121.489133,其他,其他場所,辦公室,辦公室
臺北市政府環境保護局中正區清潔隊停車場(師大),師大路臨241號,63000050,25.020418,121.522569,其他,其他場所,分隊長辦公室門口,分隊長辦公室門口
臺北市立三民國中,114台北市內湖區民權東路六段45號,63000100,25.0698092,121.5860526,學校、大型集會場所,國中,活動中心,活動中心2F
臺北市立內湖高級中學,文德路218號,63000100,25.078396,121.586581,學校、大型集會場所,高中職,校門口警衛室,校門口警衛室
臺北市立懷生國民中學,忠孝東路3段248巷30號,63000030,25.04015,121.540847,學校、大型集會場所,國中,二樓體育館室內籃球場,二樓體育館室內籃球場
臺北市內湖區新湖國民小學,民權東路6段138號,63000100,25.068226,121.588549,其他,其他場所,臺北市內湖區新湖國民小學新湖藝FUN館(活動中心體育館),新湖藝FUN館(活動中心1樓體育館)洗手間旁
臺北市政府環境保護局松山區清潔隊東社分隊,光復北路190巷39號5樓,63000010,25.054676,121.553696,其他,其他場所,走廊,走廊
臺北市政府環境保護局大同區清潔隊建成分隊,民權西路194號之1,63000060,25.062771,121.514414,其他,其他場所,大門進去直走左邊,大門進去直走左邊
臺北市政府環境保護局南港區清潔隊南港分隊,松河街699號,63000090,25.061139,121.611194,其他,其他場所,1F左側,1F左側
臺北市政府環境保護局北投區清潔隊停車場,洲美街271號(北投焚化廠內),63000120,25.107949,121.49926,其他,其他場所,辦公室,辦公室
臺北市政府環境保護局士林區清潔隊文林分隊文內班,文昌路臨159-1號,63000110,25.097786,121.520591,其他,其他場所,辦公室,辦公室
臺北市政府環境保護局松山區清潔隊上塔悠分隊,民權東路5段臨94號,63000010,25.063475,121.567835,其他,其他場所,辦公室右側,辦公室右側
臺北市政府環境保護局中山區清潔隊大直分隊,大直街21巷2號1樓,63000040,25.077802,121.527002,其他,其他場所,大門進去正左方,大門進去正左方
臺北市政府環境保護局內湖區清潔隊東湖分隊,康樂街150號4F之1,63000100,25.073111,121.621004,其他,其他場所,辦公室,辦公室
臺北市政府環境保護局內湖區清潔隊停車場,舊宗路二段158號,63000100,25.070676,121.574832,其他,其他場所,辦公室,辦公室
臺北市政府環境保護局文山區清潔隊興隆分隊,興隆路二段97號後棟4樓,63000080,24.999001,121.547842,其他,其他場所,點名場所,點名場所
臺北市政府環境保護局廢棄物處理場福德坑復育園區,木柵路5段151號,63000080,25.00740975,121.589319,其他,其他場所,復育園區辦公室,復育園區辦公室
臺北市政府環境保護局環保稽查大隊,重慶北路3段347號4樓,63000060,25.0748652,121.5140597,其他,其他場所,5樓梯廳,5樓梯廳
臺北市內湖區文湖國民小學,文湖街15號,63000100,25.085771,121.560122,其他,其他場所,本校穿堂外側,從文湖國小大門進入後，位於川堂外側右方
公館計程車服務站,汀州路3段230巷15號,63000050,25.0110471,121.5354606,其他,其他場所,建物大門左側繳費機旁,計程車停車場建物大門左側
臺北市內湖區碧湖國民小學,金龍路100號,63000100,25.083976,121.591632,其他,其他場所,健康中心,碧湖國小健康中心內
臺北市中山區大佳國民小學,濱江街107號,63000040,25.073294,121.536367,其他,其他場所,幼兒園,大佳國小二樓(幼兒園與國小連接處)
第一商業銀行萬華分行,康定路87號,63000070,25.039973,121.502116,其他,其他場所,大門入口處右側,大門入口處右側
臺北市中山區五常國民小學,五常街16號,63000040,25.064084,121.541528,其他,其他場所,本校5樓活動中心,本校5樓活動中心
臺北市中山區大直國民小學,大直街2號,63000040,25.080638,121.545851,其他,其他場所,游泳池入口處,大直國小游泳池入口處
新光三越Diamond Towers,忠孝東路三段268號,63000030,25.0414375,121.5421391,大型購物場所,商場,新光三越Diamond Towers 一館2樓醫護室,新光三越Diamond Towers 一館2樓醫務室及育嬰室內
新光三越Diamond Towers,忠孝東路三段268號,63000030,25.0414375,121.5421391,大型購物場所,商場,新光三越Diamond towers 2館3樓梯廳處,新光三越Diamond towers 2館3樓梯廳處(靠近角落)
歐華酒店,林森北路646號,63000040,25.0681206,121.5255369,旅宿場所,飯店,飯店大廳,進入大門左前方書櫃旁
東元電機股份有限公司,三重路19-9號5樓,63000090,25.0584693,121.6137978,其他,其他場所,台北市南港區三重路19-9號5樓,5樓男廁外
臺北市景文高級中學,保儀路127號,63000080,24.985368,121.567395,學校、大型集會場所,高中職,創新樓一樓,創新樓一樓緊急逃生門正前方
相鐵Grand Fresa台北西門,中華路一段57號,63000050,25.0416743,121.5085894,旅宿場所,飯店,飯店2樓大廳,AED置於大廳通往客廁走廊上。
好享健身有限公司,經貿二路235巷60弄2號、6號1樓,63000090,25.0625012,121.6156885,學校、大型集會場所,健身房,場館運動按摩區,AED放置於場館運動按摩區
頂碩區民活動中心,興寧街2號3樓,63000070,25.0322385,121.5020158,其他,其他場所,頂碩區民活動中心,大門進入左側牆壁
臺北市松山區松山國民小學,八德路4段746號,63000010,25.051109,121.579143,其他,其他場所,健康中心,健康中心內
臺北市立聯合醫院附設政大門診部,指南路2段117號,63000080,24.987703,121.575646,其他,其他場所,1樓門診大廳,入口右側
臺北市文山區景美國民小學,景文街108號,63000080,24.989527,121.540781,其他,其他場所,游泳池,本校外操場旁游泳池內。
臺北市政府客家事務委員會(文化會館),信義路3段157巷11號,63000030,25.03447307,121.5430792,其他,其他場所,保全桌旁邊,客家文化會館
臺北市立中正高級中學,文林北路77號,63000120,25.104472,121.516541,學校、大型集會場所,高中職,健康中心,健康中心內
臺北市立龍門國民中學,建國南路2段269號,63000030,25.024673,121.538208,學校、大型集會場所,國中,學務處外走廊,學務處外走廊
臺北市信義區光復國民小學,光復南路271號,63000020,25.04027,121.557853,其他,其他場所,莊敬樓及自強樓1樓交接區,潛發教室2前
臺北市士林區戶政事務所,中正路439號3樓,63000110,25.092762,121.519559,其他,其他場所,3樓民眾等待區,士林區戶政事務所3樓民眾等待區
臺北市文山區實踐國民小學,忠順街1段4號,63000080,24.983727,121.557639,學校、大型集會場所,國小,實踐國小前門穿堂,實踐國小前門穿堂
臺北市文山區興德國民小學,興隆路二段235號,63000080,25.001622,121.55077,其他,其他場所,本校1樓健康中心外,健康中心外柱子旁
臺北市文山區萬芳國民小學,萬和街1號,63000080,25.003231,121.567433,其他,其他場所,穿堂右側,走進校門上到穿堂的右側牆壁
臺北市政府公務人員訓練處,萬美街2段21巷20號,63000080,25.004577,121.56104,其他,其他場所,C區-客服中心前,C區-電梯前
臺北市立至善國民中學,至善路二段360號,63000110,25.103587,121.555425,其他,其他場所,至善國中健康中心走廊,健康中心在教學樓一樓入口男廁旁 AED在走廊邊 壁掛式 有明顯標示
臺北市士林區平等國民小學,平菁街101號,63000110,25.129443,121.576607,其他,其他場所,一樓穿堂警衛室門前,一樓對外開放式走廊連接穿堂與警衛室
臺北巿士林區福林國民小學,福志路75號,63000110,25.098216,121.529446,其他,其他場所,健康中心,健康中心近川堂門邊
台北士林萬麗酒店,中山北路5段470巷8號,63000110,25.0931135,121.5290463,旅宿場所,旅館,台北市士林區中山北路5段470巷8號,１樓大廳入門右邊柱旁
鴻名企業股份有限公司,東興路59號6樓,63000020,25.0474544,121.5667523,其他,其他場所,本公司六樓,業務二部及專案技術部中間樑柱旁
臺北大巨蛋,忠孝東路4段515號,63000020,25.04231503,121.5595295,大型休閒場所,運動場館(如小巨蛋),體育館_2F_三壘側_通廊,體育館_2F_三壘側_通廊
臺北大巨蛋,忠孝東路4段515號,63000020,25.04231503,121.5595295,大型休閒場所,運動場館(如小巨蛋),體育館_L2_內野_一壘側_救護站,體育館_L2_內野_一壘側_救護站
臺北大巨蛋,忠孝東路4段515號,63000020,25.04231503,121.5595295,大型休閒場所,運動場館(如小巨蛋),體育館_B2_本後_GATE5內通廊,體育館_B2_本後_GATE5內通廊
臺北大巨蛋,忠孝東路4段515號,63000020,25.04231503,121.5595295,大型休閒場所,運動場館(如小巨蛋),體育館_B2_藥檢室,體育館_B2_藥檢室
臺北大巨蛋,忠孝東路4段515號,63000020,25.04231503,121.5595295,大型休閒場所,運動場館(如小巨蛋),體育館_B2_維修室,體育館_B2_維修室
臺北大巨蛋,忠孝東路4段515號,63000020,25.04231503,121.5595295,大型休閒場所,運動場館(如小巨蛋),體育館_B2_三壘側_重量訓練室,體育館_B2_三壘側_重量訓練室
臺北大巨蛋,忠孝東路4段515號,63000020,25.04231503,121.5595295,大型休閒場所,運動場館(如小巨蛋),體育館_B2_GATE7入口,體育館_B2_GATE7入口
臺北大巨蛋,忠孝東路4段515號,63000020,25.04231503,121.5595295,大型休閒場所,運動場館(如小巨蛋),體育館_B1_內野_一壘側_救護站,體育館_B1_內野_一壘側_救護站
臺北大巨蛋,忠孝東路4段515號,63000020,25.04231503,121.5595295,大型休閒場所,運動場館(如小巨蛋),體育館_L3_內野_三壘側_通廊,體育館_L3_內野_三壘側_通廊
臺北大巨蛋,忠孝東路4段515號,63000020,25.04231503,121.5595295,大型休閒場所,運動場館(如小巨蛋),體育館_L2_左外野_通廊,體育館_L2_左外野_通廊
臺北大巨蛋,忠孝東路4段515號,63000020,25.04231503,121.5595295,大型休閒場所,運動場館(如小巨蛋),體育館_L3_救護站旁通廊,體育館_L3_救護站旁通廊
臺北大巨蛋,忠孝東路4段515號,63000020,25.04231503,121.5595295,大型休閒場所,運動場館(如小巨蛋),體育館_L4_內野_三壘側_通廊,體育館_L4_內野_三壘側_通廊
臺北大巨蛋,忠孝東路4段515號,63000020,25.04231503,121.5595295,大型休閒場所,運動場館(如小巨蛋),體育館_L4_內野_一壘側_救護站前,體育館_L4_內野_一壘側_救護站前
臺北大巨蛋,忠孝東路4段515號,63000020,25.04231503,121.5595295,大型休閒場所,運動場館(如小巨蛋),體育館_L3_左外野_VIP電梯口,體育館_L3_左外野_VIP電梯口
臺北大巨蛋,忠孝東路4段515號,63000020,25.04231503,121.5595295,大型休閒場所,運動場館(如小巨蛋),體育館_B2_一壘側_重量訓練室,體育館_B2_一壘側_重量訓練室
臺北大巨蛋,忠孝東路4段515號,63000020,25.04231503,121.5595295,大型休閒場所,運動場館(如小巨蛋),體育館_B1_右外野_GATE8旁,體育館_B1_右外野_GATE8旁
臺北大巨蛋,忠孝東路4段515號,63000020,25.04231503,121.5595295,大型休閒場所,運動場館(如小巨蛋),體育館_B1_內野_三壘_通廊,體育館_B1_內野_三壘_通廊
臺北大巨蛋,忠孝東路4段515號,63000020,25.04231503,121.5595295,大型休閒場所,運動場館(如小巨蛋),體育館_B1_左外野_GATE6旁,體育館_B1_左外野_GATE6旁
碩天科技股份有限公司,金莊路26號11樓,63000100,25.0622627,121.5876463,其他,其他場所,12樓,12樓梯廳位置
臺北大巨蛋,忠孝東路4段515號,63000020,25.04231503,121.5595295,大型休閒場所,運動場館(如小巨蛋),體育館_L1_GATE1_入口,體育館_L1_GATE1_入口
好習慣運動教室｜滬江高中館,羅斯福路六段336號(游泳池),63000080,24.9895191,121.5388848,大型休閒場所,運動場館(如小巨蛋),泳池櫃檯,泳池櫃檯左側
漢來美食股份有限公司台北南港分公司,經貿一路168號2樓,63000090,25.05813637,121.619435,其他,其他場所,大廳二樓,二樓島語餐廳電梯旁
臺北市動物之家,安美街191號,63000100,25.0604342,121.603348,其他,其他場所,服務台大廳,臺北市動物保護處轄下，臺北市犬貓收容所，提供拾獲收容、犬貓認領回、認養、往生動物火化、狂犬病疫苗施打及寵物登記站。
臺北市南港區南港國民小學,惠民街67號(臺北市南港區南港國民小學),63000090,25.057163,121.610384,其他,其他場所,南港國小健康中心走廊,南港國小健康中心走廊
臺北市立永吉國民中學,松隆路161號,63000020,25.048236,121.574145,其他,其他場所,A1開放廁所入口右側,開放廁所(A1)入口右側
臺北市立陽明高級中學,中正路510號,63000110,25.09185101,121.5172056,學校、大型集會場所,高中職,健康中心,健康中心
臺北市立聯合醫院中興院區,鄭州路145號,63000060,25.051196,121.50865,其他,其他場所,面對1樓大廳藥局左側,面對1樓大廳藥局左側
臺北市立和平高級中學,臥龍街100號,63000030,25.019627,121.549148,學校、大型集會場所,高中職,台北市立和平高中活動中心4樓(靠近廁所),本校活動中心4樓(靠近廁所)
臺北市立景興國民中學,景興路46巷2號,63000080,24.996187,121.544225,學校、大型集會場所,國中,活動中心3樓,活動中心3樓
臺北市文山區辛亥國民小學,辛亥路4段103號,63000080,25.006502,121.559178,其他,其他場所,警衛室,警衛室門口(校門口右側)
臺北市內湖區公所,民權東路六段99號,63000100,25.069231,121.589099,其他,其他場所,114台北市內湖區民權東路六段99號,內湖區行政中心1樓駐衛警服務台旁
臺北市立中正高級中學,文林北路77號,63000120,25.104472,121.516541,學校、大型集會場所,高中職,中正高中迎曦樓,籃球場旁為迎曦樓，上階梯至一樓
臺北市立陽明教養院委託財團法人喜憨兒社會福利基金會經營管理永福之家-廣慈園區,大道路110號,63000020,25.03923282,121.5822926,其他,其他場所,護理站,本場所24小時皆有人員運作
臺北市大同區日新國民小學,太原路151號,63000060,25.054389,121.516476,其他,其他場所,旺台樓一樓(通往游泳池梯間),旺台樓一樓(通往游泳池梯間)
臺北市立南港高級中學,向陽路21號,63000090,25.052412,121.595027,學校、大型集會場所,高中職,健康中心和補校中間的文化走廊,健康中心和補校中間的文化走廊(701教室旁)
臺北市立南港高級中學,向陽路21號,63000090,25.052412,121.595027,學校、大型集會場所,高中職,研發處和幼兒園間的文化走廊,研發處和幼兒園間的文化走廊(103教室旁)
臺北市立南港高級中學,向陽路21號,63000090,25.052412,121.595027,學校、大型集會場所,高中職,活動中心,活動中心大門入口處旁
臺北市立南港高級中學,向陽路21號,63000090,25.052412,121.595027,學校、大型集會場所,高中職,游泳池,活動中心後面的游泳池
台北美侖大飯店,復興南路一段317號,63000030,25.0342927,121.5439804,旅宿場所,飯店,一樓大廳電梯口對面,台北美侖大飯店緊鄰大安站旁，位於捷運淡水信義線及文湖線大安站6號出口。
趣旅館．林森館,林森北路487號1樓,63000040,25.0613556,121.5257759,旅宿場所,旅館,本旅館1樓大廳,進旅館大門右轉撞球檯旁邊
臺北市士林地政事務所,中正路439號5樓,63000110,25.0927846,121.5196248,其他,其他場所,本所5樓服務中心旁,位於本所5樓服務中心櫃檯旁
中山計程車服務站,新生北路3段170號,63000040,25.070196,121.5280762,其他,其他場所,男廁,男廁
臺北市芳和實驗中學,臥龍街170號,63000030,25.018672,121.55032,其他,其他場所,本校一樓穿堂往二棟,本校一樓穿堂往二棟
臺北小巨蛋,南京東路4段2號,63000010,25.051346,121.549767,大型休閒場所,運動場館(如小巨蛋),2樓售票櫃台前,臺北小巨蛋冰上樂園售票大廳
臺北市北投區文林國民小學,文林北路155號,63000120,25.106183,121.513674,其他,其他場所,警衛室內,進入警衛室右側牆壁上
臺北市松山區健康國民小學,延壽街168號,63000010,25.056667,121.562785,其他,其他場所,健康國小一樓,健康國小一樓延警衛室右轉，圓形舞台旁
博嘉運動公園,木柵路4段159巷16號,63000080,25.000284,121.575257,學校、大型集會場所,健身中心,游泳池櫃台B1,游泳池櫃台B1
臺北市政府市政大樓,臺北市市府路1號,63000020,25.038211,121.564359,其他,其他場所,市政大樓南門,市政大樓南門
臺北市大安區新生國民小學,新生南路二段36號,63000030,25.02982,121.53362,其他,其他場所,健康中心門口,健康中心門口
臺北市政府市政大樓,臺北市市府路1號,63000020,25.038211,121.564359,其他,其他場所,本市政大樓2樓親子劇場門口,本市政大樓2樓親子劇場門口
臺北市立長安國民中學,松江路70巷11號,63000040,25.046389,121.533164,其他,其他場所,學務處前樓梯轉角處,長安國中校門口右轉學務處前樓梯轉角處
臺北市公有光復市場,仁愛路4段496巷19號,63000020,25.038218,121.544771,其他,其他場所,市場內47號攤,市場內47號攤
臺北小巨蛋,南京東路4段2號,63000010,25.051346,121.549767,大型休閒場所,運動場館(如小巨蛋),1樓北大廳,臺北小巨蛋5號入口處
臺北市立大直高級中學,北安路420號,63000040,25.07922,121.542837,學校、大型集會場所,高中職,台北市立大直高級中學,校門警衛室外
臺北市立和平高級中學,臥龍街100號,63000030,25.019627,121.549148,學校、大型集會場所,高中職,本校學務處門口(靠近教官室),"學務處門口(靠近教官室),"
臺北市北投區戶政事務所,立功街9號11樓之3,63000120,25.12453876,121.4688592,其他,其他場所,服務櫃檯前方,進入本所大門口後，往右側方向前進，在服務櫃檯前方。
臺北市立和平高級中學,臥龍街100號,63000030,25.019627,121.549148,學校、大型集會場所,高中職,本校懷德樓1樓版畫教室(靠近基隆路),懷德樓1樓版畫教室(靠近基隆路)
臺北市立桃源國民中學,中央北路4段48號,63000120,25.134647,121.4773,其他,其他場所,本校育才樓一樓，健康中心內,本校育才樓一樓，健康中心內
臺北市公有永吉市場,永吉路278巷1弄30號,63000020,25.044334,121.574385,其他,其他場所,永吉市場自治會辦公室,自治會辦公室
臺北市立弘道國民中學,公園路21號,63000050,25.037488,121.515293,其他,其他場所,川堂,學校川堂
博嘉運動公園,木柵路4段159巷16號,63000080,25.000284,121.575257,學校、大型集會場所,健身中心,服務台1F,服務台1F
臺北市北投區明德國民小學,明德路190號,63000120,25.112123,121.521788,其他,其他場所,仁愛一樓--健康中心--前走廊,"臺北市立北投區明德國民小學
仁愛一樓--健康中心--前走廊"
建國計程車服務站,建國南路一段63號之1(對面),63000030,25.0442235,121.537021,其他,其他場所,女化粧室門口,女化粧室門口
臺北市政府市政大樓,臺北市市府路1號,63000020,25.038211,121.564359,其他,其他場所,市政大樓地下1樓餐廳門口,市政大樓地下1樓餐廳門口
臺北巿士林區陽明山國民小學,仰德大道3段61號,63000110,25.119332,121.552817,其他,其他場所,C棟活動中心,C棟活動中心一樓學輔處旁
臺北市士林區葫蘆國民小學,環河北路三段95號,63000110,25.084102,121.507947,學校、大型集會場所,國小,中正樓一樓學務處門外,中正樓一樓學務處外側走廊
臺北市政府市政大樓,臺北市市府路1號,63000020,25.038211,121.564359,其他,其他場所,市政大樓地下2樓市府生活廣場,市政大樓地下2樓市府生活廣場，男子理髮部協對面
臺北市內湖區碧湖國民小學,金龍路100號,63000100,25.083976,121.591632,其他,其他場所,警衛室,大門口警衛室
臺北市政府市政大樓,臺北市市府路1號,63000020,25.038211,121.564359,其他,其他場所,市政大樓1樓北門,市政大樓1樓北門
臺北市私立大同高級中學,中山北路三段40號,63000040,25.066838,121.522184,學校、大型集會場所,高中職,私立大同高中健康中心,健康中心
臺北市南港區成德國民小學,東新街65號,63000090,25.04709,121.586873,其他,其他場所,四維樓4樓活動中心,本校幼兒園4樓活動中心
臺北市大安區新生國民小學,新生南路二段36號,63000030,25.02982,121.53362,其他,其他場所,B1游泳池,B1游泳池
臺北市大安區新生國民小學,新生南路二段36號,63000030,25.02982,121.53362,其他,其他場所,4樓活動中心,4樓活動中心
臺北市公共運輸處瑞光計程車服務站,瑞光路160號2樓,63000100,25.0734188,121.5791368,其他,其他場所,本站閱覽室大廳,置於本站閱覽室大廳
臺北市政府環境保護局木柵垃圾焚化廠,木柵路5段53號,63000080,25.00515962,121.5864873,其他,其他場所,廠房2樓中控室,廠房2樓中控室
臺北市政府市政大樓,臺北市市府路1號,63000020,25.038211,121.564359,其他,其他場所,市政大樓東門,臺北市市政大樓東門
臺北市公有士林市場,基河路101號,63000110,25.087887,121.52411,其他,其他場所,士林市場清潔室入口,士林市場清潔室入口處
大直計程車服務站,北安路676號,63000040,25.0842757,121.5498998,其他,其他場所,閱覽室門口,大直計程車服務站閱覽室門口
臺北市立中山國民中學,復興北路361巷7號,63000010,25.060537,121.54535,其他,其他場所,本校大門川堂,中山國中大門川堂
臺北市中山區永安國民小學,明水路397巷19弄1號,63000040,25.078776,121.549406,其他,其他場所,一年1班教室旁走廊,一年1班教室旁走廊
臺北市立北安國民中學,明水路325號,63000040,25.0777879,121.5416244,學校、大型集會場所,國中,校門口入口川堂,北安國中校門口進來川堂右邊
臺北市濱江實驗國民中學,樂群二路262號,63000040,25.07955,121.56075,學校、大型集會場所,國中,B1游泳池,B1游泳池
台北美國學校,11152 中山北路六段 800號,63000110,25.1164004,121.5301123,學校、大型集會場所,高中職,Performing Arts Hallway,2nd ?oor C building towards H building past the Black Box Room
台北美國學校,11152 中山北路六段 800號,63000110,25.1164004,121.5301123,學校、大型集會場所,高中職,LS Stairwell,3rd ?oor center stairwell in A building in the teacher area
台北美國學校,11152 中山北路六段 800號,63000110,25.1164004,121.5301123,學校、大型集會場所,高中職,MS Gym Entrance,3rd ?oor outside of gym in the area near the stairwell
台北美國學校,11152 中山北路六段 800號,63000110,25.1164004,121.5301123,學校、大型集會場所,高中職,Art Hallway C-block,4th ?oor top of stairwell beside art room and hallway towards library
台北美國學校,11152 中山北路六段 800號,63000110,25.1164004,121.5301123,學校、大型集會場所,高中職,Mobile US Gym AED,"2nd floor, Tiger healthy and wellness center"
新光三越百貨股份有限公司台北信義分公司四館,松高路19號,63000020,25.039329,121.567026,大型購物場所,百貨業,3F醫護室,3F醫護室
台北美國學校,11152 中山北路六段 800號,63000110,25.1164004,121.5301123,學校、大型集會場所,高中職,MS Library Entrance,3rd ?oor on the wall beside the stairs outside of the library
臺北市立兒童新樂園,承德路5段55號,63000110,25.097094,121.514709,觀光旅遊地區,民營遊樂業,兒童新樂園一樓緊急救護站前方,一樓緊急救護站前方
臺北市立兒童新樂園,承德路5段55號,63000110,25.097094,121.514709,觀光旅遊地區,民營遊樂業,三樓第二出入口,三樓第二出入口
博愛國小運動中心-舞動陽光有限公司,松仁路95巷20號,63000020,25.036375,121.570903,學校、大型集會場所,健身中心,B1游泳池,B1游泳池大廳
世貿公園地下停車場,經貿2路88巷1號B1,63000090,25.057702,121.616513,其他,其他場所,經貿2路88巷1號B1,管理室旁
興中立體停車場,興中路44巷1號,63000090,25.056157,121.606489,其他,其他場所,興中路44巷1號,管理室旁
前港公園地下停車場,前港街45號B1,63000110,25.08583,121.52113,其他,其他場所,士林區前港街45號B1,管理室前
大豐公園地下停車場,大興街145號B1,63000120,25.131119,121.504245,其他,其他場所,大興街145號B1,管理室旁
蘭雅公園地下停車場,德行東路129巷31號B1,63000110,25.109618,121.529277,其他,其他場所,德行東路129巷31號B1,管理室旁
福林公園地下停車場,中正路17號B1,63000110,25.09603,121.530587,其他,其他場所,中正路17號B1,管理室旁
洛陽立體停車場,環河南路1段1號,63000070,25.048335,121.505865,其他,其他場所,環河南路1段1號,管理室旁
海光公園地下停車場,葫蘆街83號B1,63000110,25.080934,121.508492,其他,其他場所,葫蘆街83號B1,管理室旁
五分埔公園地下停車場,中坡北路57號口B1,63000020,25.046731,121.580466,其他,其他場所,中坡北路57號口B1,管理室旁
臺北市災害應變中心地下停車場,莊敬路391巷11弄2號B1,63000020,25.028846,121.566153,其他,其他場所,莊敬路391巷11弄2號B1,管理室旁
松山車站地下停車場,松山路11號B1,63000020,25.04919,121.578299,其他,其他場所,松山路11號B1,管理室旁
臺北市停車管理工程處,松德路300號6樓,63000020,25.032054,121.574243,其他,其他場所,松德路300號6樓,處本部旁
南方桃花源社區管理委員會,木柵路二段109巷27弄2號,63000080,24.990486,121.563053,其他,其他場所,文山區木柵路2段109巷27弄2號,27弄巷口三角牆
敦南莊子社區管理室,木柵路二段109巷100弄1號,63000080,24.991445,121.563018,其他,其他場所,文山區木柵路2段109巷100弄1號,管理室內
沛力訓練,瑞光路443號1F,63000100,25.078798,121.5704511,學校、大型集會場所,健身房,本店中心,櫃檯旁邊後面牆上。
台北互舍酒店,台北市大同區重慶北路二段172號,63000060,25.0593921,121.5133139,旅宿場所,旅館,本飯店大廳,櫃台旁邊，階梯上方。
古亭國中地下停車場,中華路2段606巷1號B1,63000070,25.023892,121.510056,其他,其他場所,中華路2段606巷1號B1,管理室旁
萬華國中地下停車場,西藏路201號B1,63000070,25.027835,121.49926,其他,其他場所,西藏路201號B1,管理室旁
青年公園棒球場地下停車場,青年路69號B1,63000070,25.023826,121.502906,其他,其他場所,青年路69號B1,管理室旁
興雅國中地下停車場,松德路200巷18號B1,63000020,25.034837,121.572799,其他,其他場所,松德路200巷18號B1,管理室旁
忠信公園地下停車場,松仁路2號B1,63000020,25.040234,121.56822,其他,其他場所,松仁路2號B1,管理室旁
松山高中地下停車場,基隆路1段156號B1,63000020,25.043505,121.565387,其他,其他場所,基隆路1段156號B1,管理室旁
建成國中地下停車場,長安西路37號之1 B1,63000060,25.050409,121.519657,其他,其他場所,長安西路37號之1 B1,管理室旁
?聰學校地下停車場,延平北路4段205號B1,63000060,25.074343,121.511706,其他,其他場所,延平北路4段205號B1,管理室旁
大龍國小地下停車場,哈密街47號B1,63000060,25.073409,121.516693,其他,其他場所,哈密街47號B1,管理室旁
永盛公園地下停車場,中山北路2段93巷30號B1,63000040,25.059242,121.524747,其他,其他場所,中山北路2段93巷30號B1,管理室旁
文山雅筑社區管理委員會,興隆路四段29巷4弄1號,63000080,24.990773,121.559839,其他,其他場所,文山區興隆路4段29巷4弄1號,管理室旁
明興社區巷弄長照站,興隆路4段61號,63000080,24.9894423,121.5600007,其他,其他場所,文山區興隆路4段61號,長照站門口處
臺北市文山區明興里辦公處,木柵路二段109巷25弄6號,63000080,24.990145,121.562851,其他,其他場所,木柵路2段109巷25弄6號,明興里辦公處門口
太子新城建設,興隆路四段33號,63000080,24.990387,121.559581,其他,其他場所,文山區興隆路4段33號,壁掛於修車行走廊上
西松高中地下停車場,健康路325巷19弄1號B1,63000010,25.05584,121.566093,其他,其他場所,健康路325巷19弄1號B1,管理室旁
民生立體停車場,民生東路5段84號,63000010,25.058343,121.559462,其他,其他場所,民生東路5段84號,管理室旁
民有市場地下停車場,民權東路3段140巷15號B1,63000010,25.060401,121.547074,其他,其他場所,民權東路3段140巷15號B1,管理室旁
龍門國中地下停車場,建國南路2段269號B1,63000030,25.024673,121.538208,其他,其他場所,建國南路2段269號B1,管理室旁
金華公園地下停車場,金華街190號B1,63000030,25.029574,121.531614,其他,其他場所,金華街190號B1,管理室旁
大安森林公園地下停車場,建國南路2段2號B1,63000030,25.033303,121.535844,其他,其他場所,建國南路2段2號B1,管理室旁
雙園國中地下停車場,西園路2段320巷55弄3號B1,63000070,25.027829,121.491611,其他,其他場所,西園路2段320巷55弄3號B1,管理室旁
青年公園高爾夫球場地下停車場,國興路5號B1,63000070,25.024366,121.507451,其他,其他場所,國興路5號B1,管理室旁
洲子立體停車場,瑞光路513巷22弄2號2樓,63000100,25.079278,121.569436,其他,其他場所,瑞光路513巷22弄2號2樓,管理室旁
松山工農地下停車場,忠孝東路5段236巷15號B1,63000020,25.03918,121.572231,其他,其他場所,忠孝東路5段236巷15號B1,管理室旁
東湖國小地下停車場,東湖路115號之1B1,63000100,25.06916,121.616068,其他,其他場所,東湖路115號之1B1,管理室旁
玉成公園附建地下停車場,成福路118號B1,63000090,25.042236,121.587151,其他,其他場所,成福路118號B1,管理室旁
萬興國小地下停車場,秀明路2段116號B1,63000080,24.989465,121.576716,其他,其他場所,秀明路2段116號B1,管理室旁
興隆公園地下停車場,仙岩路128號B1,63000080,25.000594,121.551195,其他,其他場所,仙岩路128號B1,管理室旁
長安國小地下停車場,吉林路15號B1,63000040,25.049816,121.530187,其他,其他場所,吉林路15號B1,管理旁
臺北市立民生國民中學,新東街30巷1號,63000010,25.059805,121.566737,其他,其他場所,警衛室旁,警衛室旁
台北松山意舍酒店,市民大道七段8號17樓,63000090,25.0492807,121.5805022,旅宿場所,飯店,酒店大廳,位於台北松山意舍酒店17樓大廳。
台北西門町意舍酒店,武昌街二段77號5樓,63000070,25.0451667,121.5055703,旅宿場所,飯店,酒店5樓大廳,酒店5樓大廳梯廳出來右側的門左側處
台北中山意舍酒店,中山北路二段57-1號,63000040,25.0556973,121.5230674,旅宿場所,飯店,酒店大廳,面對櫃台左側明顯處
觀星台北社區管理委員會(D棟閱報室),木柵路二段109巷100弄66號1樓,63000080,24.992593,121.561685,其他,其他場所,文山區木柵路2段109巷100弄66號,觀星台北社區D棟閱報室內
幸福社區管理委員會,木柵路二段109巷25弄69號,63000080,24.990285,121.561821,其他,其他場所,文山區木柵路2段109巷25弄69號,壁掛於69號門口前
觀星台北社區C棟閱報室,木柵路二段109巷100弄30號,63000080,24.992453,121.562121,其他,其他場所,文山區木柵路2段109巷100弄30號,觀星台北社區C棟閱報室內
臺北市北投區桃源國民小學,中央北路三段40巷45號,63000120,25.139607,121.484481,其他,其他場所,教務處走廊,教務處走廊
臺北市立蘭雅國民中學,忠誠路2段51號,63000110,25.110656,121.531042,學校、大型集會場所,國中,一樓川堂(校門口),行政大樓一樓川堂(校門口進入直走)
博俊體能事業有限公司,永吉路302號B1,63000020,25.045326,121.574878,學校、大型集會場所,健身房,櫃台右側,櫃台右側
郵政博物館,重慶南路2段45號,63000050,25.0317071,121.5148529,大型休閒場所,博物館,郵政博物館一樓,博物館一樓大廳
臺北市萬華區西門國民小學,成都路98號,63000070,25.043172,121.503597,其他,其他場所,本校川堂,川堂
慧誠老人養護所,木柵路二段163號,63000080,24.98918745,121.5631236,其他,其他場所,文山區木柵路2段163號,慧誠老人安養護中心(所)大門口
好食城三總股份有限公司,成功路二段325號地下1樓,63000100,25.0733691,121.5959272,大型購物場所,地下街,地下一樓美食街服務台前,內湖三總地下一樓美食街服務台前
臺灣當代文化實驗場,建國南路一段177號,63000030,25.038984,121.538886,其他,其他場所,圖書館大門旁,圖書館大門旁
臺灣當代文化實驗場,建國南路一段177號,63000030,25.038984,121.538886,其他,其他場所,面會吧外,面會吧外
臺灣當代文化實驗場,建國南路一段177號,63000030,25.038984,121.538886,其他,其他場所,中正堂門口,中正堂門口
Hotel Indigo Taipei North 台北大直英迪格酒店,植福路200號,63000040,25.083544,121.559553,旅宿場所,飯店,飯店前台,放置於前台客務部後方
臺北市北投區大屯國民小學,復興三路312號,63000120,25.154895,121.503983,其他,其他場所,大屯國小警衛室對面的牆壁,台北市北投區復興三路大屯國小旁登山階梯口警衛室對面佈告欄旁牆壁
時代國際飯店股份有限公司(台北W飯店)安全部,忠孝東路5段10號,63000020,25.039943,121.56688,旅宿場所,飯店,1F,員工出入口
臺北市立石牌國民中學,石牌路一段139號,63000120,25.114965,121.514231,學校、大型集會場所,國中,體育館1樓,體育館1樓 室內籃球場外
日本伊藤萬游泳學校-陽明營業所,台北市北投區立農街二段155號,63000120,25.1205388,121.51353,其他,其他場所,本場所二樓大廳,位於陽明交通大學游泳池二樓櫃台前
陪你健身運動空間,水源路91號,63000050,25.0212387,121.5192452,學校、大型集會場所,健身房,台北市中正區水源路91號,運動教室內部置物櫃上明顯處
舞動陽光有限公司關渡國小,中央北路四段581號,63000120,25.1263557,121.4661942,學校、大型集會場所,健身中心,運動中心一樓櫃台,關渡國小正門直走到底，運動中心櫃台
臺北市大安區銘傳國民小學,羅斯福路4段21號,63000030,25.014065,121.535576,其他,其他場所,一樓警衛室旁的川堂,進入校門銘傳樓一樓警衛室旁的轉角(川堂)
燦坤內湖旗艦店,堤頂大道一段331號,63000100,25.0627834,121.5729501,其他,其他場所,賣場A棟2樓,A棟2樓入口收銀台右側
燦坤內湖旗艦店,堤頂大道一段331號,63000100,25.0627834,121.5729501,其他,其他場所,1樓大門口電梯右側WanDau門市前,門市電梯右側，手扶梯左側
全球動競健康有限公司,興隆路二段252號B1,63000080,25.000676,121.554242,學校、大型集會場所,健身房,全球動競健康有限公司,"櫃檯旁,場館中心位置,明顯、方便取得使用"
燦坤實業股份有限公司,堤頂大道一段331號5樓,63000100,25.06271,121.573044,其他,其他場所,總部5樓會客大廳,VVIP會議室外正前方
大葉高島屋百貨股份有限公司,忠誠路2段55號,63000110,25.111857,121.531367,大型購物場所,百貨業,1F員工出入口安全門旁,1F忠誠大門口入口處直走通往員工出入口安全門旁
臺北捷運北投會館,大業路527巷88號,63000120,25.13455,121.483311,學校、大型集會場所,健身中心,北投會館北捷行旅,北投會館北捷行旅1樓大廳
臺北捷運北投會館,大業路527巷88號,63000120,25.13455,121.483311,學校、大型集會場所,健身中心,北投會館B1層,北投會館B1層健身房門口
仙細工作室,忠孝東路四段59號6樓之5,63000030,25.0419062,121.5460543,學校、大型集會場所,健身房,本場館玄關,本場所玄關
路境行旅-府前館,重慶南路一段86號B1,63000050,25.04307555,121.5130959,旅宿場所,旅館,B1大廳,B1電梯及逃生梯旁
路徒PLUS行旅-站前館,忠孝西路一段80號4樓,63000050,25.0468664,121.5137659,旅宿場所,旅館,台北市中正區忠孝西路一段80號4樓,台北市中正區忠孝西路一段80號4樓
路徒PLUS行旅-主題館,忠孝西路一段80號5~12樓,63000050,25.04686551,121.5137663,旅宿場所,旅館,本棟5樓,本棟5樓-客用電梯處
臺北市立浩然敬老院,福德街84巷36號2樓,63000020,25.0383539,121.5814527,其他,其他場所,2樓護理站,廣慈社宅三區2樓護理站
臺北市大安區新生國民小學,新生南路二段36號,63000030,25.02982,121.53362,其他,其他場所,南側三樓電梯消防栓旁,南側三樓電梯消防栓旁
臺北市立成德國民中學,東新街108巷23號(成德國中),63000090,25.045021,121.587729,其他,其他場所,公民培力中心教室,成德國中公民培力中心教室前走廊
台灣大昌華嘉股份有限公司,堤頂大道２段407巷22號10樓,63000100,25.0811548,121.5637103,其他,其他場所,9F進門處,9F進門左轉
台灣大昌華嘉股份有限公司,堤頂大道２段407巷22號10樓,63000100,25.0811548,121.5637103,其他,其他場所,5F 大廳,5F大廳進門左側
台灣大昌華嘉股份有限公司,堤頂大道２段407巷22號10樓,63000100,25.0811548,121.5637103,其他,其他場所,10F大廳,10F大廳
臺北市士林區百齡國民小學,福港街205號,63000110,25.086207,121.51785,其他,其他場所,百齡國小健康中心內,在健康中心前門進去右手邊的牆上
新驛旅店復興北路店,復興北路338號,63000040,25.0595347,121.5439625,旅宿場所,旅館,旅店1樓辦公室,復興北路與錦州街口，離捷運中山國中站約2分鐘路程
臺北市萬華區雙園國民小學,莒光路315號,63000070,25.030891,121.497964,其他,其他場所,警衛室進門處,在莒光路校門之警衛室門口進入之左側
臺北市立雙園國民中學,興義街2號,63000070,25.027554,121.492646,學校、大型集會場所,國中,大門警衛室旁,大門警衛室旁
臺北市立人國際國民中小學,安和路二段99號,63000030,25.0298352,121.5519283,學校、大型集會場所,國小,中央川堂,學校國小大門進來右轉 中央川堂處
臺北市立第一女子高級中學,重慶南路一段165號,63000050,25.038561,121.513103,學校、大型集會場所,高中職,至善樓扇形廣場,放置於校園中心位置.鄰近操場及游泳池
臺北市立圖書館北投分館,光明路251號,63000120,25.136389,121.506389,大型休閒場所,圖書館,一樓閱覽區,預約取書區旁
臺北市立圖書館西湖分館,內湖路一段594號,63000100,25.0786829,121.5772418,大型休閒場所,圖書館,1樓館內大門前方,1F讀者意見箱上方
交通部民用航空局臺北國際航空站(松山機場),敦化北路340-9號,63000010,25.06369,121.552742,交通要衝,機場,第六停車場,機車停車場
臺北市中正區河堤國民小學,汀州路2段180號,63000050,25.042141,121.519872,其他,其他場所,河堤國小警衛室外牆,警衛室外牆
臺北市信義區雙永國民小學,松山路287巷5號,63000020,25.04308,121.579487,其他,其他場所,體育器材室走廊,體育器材室走廊
交通部民用航空局臺北國際航空站(松山機場),敦化北路340-9號,63000010,25.06369,121.552742,交通要衝,機場,第一停車場,第一停車場
臺北市立?公國民中學,福德街221巷15號,63000020,25.03682,121.586144,其他,其他場所,健康中心外走廊,至善樓一樓近操場、籃排場
臺北市中山地政事務所,臺北市中山區松江路357巷1號,63000040,25.0636234,121.5340184,其他,其他場所,臺北市中山地政事務所1樓洽公大廳,本所1樓洽公大廳大門旁
內政部警政署保安警察第六總隊,南昌路一段10號,63000050,25.032884,121.515826,其他,其他場所,保六總隊大樓1樓大廳,保六總隊大樓1樓大廳右側。
臺灣新文化運動紀念館,寧夏路87號,63000060,25.059009,121.51515,大型休閒場所,博物館,1樓遊客休憩區,1樓遊客休憩區
財團法人臺灣敦睦聯誼會所屬作業組織圓山大飯店,中山北路4段1巷1號,63000040,25.078611,121.526287,旅宿場所,旅館,聯誼會健身房,健身房入口處左側牆壁上
臺北市立信義國民中學,松仁路158巷1號,63000020,25.028601,121.568125,其他,其他場所,信義國中門口警衛室,警衛室門口外之牆邊
臺北市立螢橋國民中學,汀州路三段4號,63000050,25.019355,121.526235,學校、大型集會場所,國中,螢橋國中學務處前走廊,學務處前走廊
臺北市內湖區戶政事務所,民權東路六段99號三樓,63000100,25.069294,121.589172,其他,其他場所,3樓入口服務臺旁,臺北市內湖區行政大樓3樓入口服務臺
台北市建國假日玉市A區,建國南路一段高架橋下第五橋孔,63000030,25.03969,121.5374948,大型購物場所,商場,台北市建國假日玉市A區服務台,台北市建國假日玉市A區服務台/建國高架橋下接近濟南路/嘟嘟房建國高架橋下H區停車場入口(忠孝-仁愛段)右側
光華數位新天地,市民大道三段8號,63000050,25.045059,121.53191,大型購物場所,商場,一樓服務台,一樓服務台
臺北市信義區戶政事務所,福德街86號6樓,63000020,25.03772618,121.5819729,其他,其他場所,信義區行政中心6樓戶政事務所,6樓電梯出口對面牆上
凱基證券股份有限公司(宏啟大樓13樓),忠孝西路1段100號13樓,63000050,25.04715446,121.5127069,其他,其他場所,13樓梯廳,13樓電梯出來右手邊
真適能運動俱樂部,木柵路三段77號10樓,63000080,24.988862,121.567192,學校、大型集會場所,健身房,真適能運動俱樂部,台北市文山區木柵路三段77號10樓，大門進入向右轉到窗戶旁邊，另一邊有消防栓
臺北市國語實驗國民小學,南海路58號,63000050,25.0304771,121.5108887,其他,其他場所,游泳池,樂學樓三樓游泳池
財團法人伊甸社會福利基金會附設臺北市私立頤福社區式長期照顧服務機構,裕民六路120號3樓,63000120,25.114535,121.517648,其他,其他場所,臺北市北投區裕民六路120號3樓,放置於中心第三間廁所外
燦路都飯店,民權東路一段9號,63000040,25.0629726,121.5233404,旅宿場所,旅館,1樓大廳,1樓大廳自動販賣機旁
國營臺灣鐵路股份有限公司北區營運處臺北運務段松山站,永吉里松山路11號,63000020,25.049263,121.578054,交通要衝,台鐵車站,松山車站B1F東剪票口,松山車站B1F東剪票口(付費區內)
星聚點壹號文創股份有限公司延平分公司,延平北路二段83號,63000060,25.0563616,121.5121508,大型休閒場所,視聽歌唱場所,左手處櫃台,大門進來左手邊第一個櫃台內
國立臺北科技大學,忠孝東路3 段1號,63000030,25.04246,121.53565,學校、大型集會場所,大專院校,行政大樓一樓電梯旁,行政大樓一樓電梯旁
國立臺北科技大學,忠孝東路3 段1號,63000030,25.04246,121.53565,學校、大型集會場所,大專院校,先鋒國際研發大樓9樓,先鋒國際研發大樓9樓電梯旁
臺北市中山區永安國民小學,明水路397巷19弄1號,63000040,25.078776,121.549406,其他,其他場所,健康中心前走廊,健康中心前走廊
臺北市立文山特殊教育學校,秀明路一段169號,63000080,24.99154,121.567807,學校、大型集會場所,高中職,本校大廳,置於本校大廳
第一商業銀行八德分行,敦化南路一段3號1樓,63000010,25.047677,121.549351,其他,其他場所,一樓營業大廳右側證卷櫃檯旁邊,一樓營業大廳右側證卷櫃檯旁邊
中鼎工程公司,中山北路六段89號,63000110,25.105726,121.524397,其他,其他場所,中鼎大樓10F觀景窗旁,中鼎大樓10F觀景窗旁
臺北市中山區中山國民小學,民權東路1段69號,63000040,25.063005,121.526449,其他,其他場所,一樓川堂,台北市中山區中山國小大門一樓穿堂大門後方
BELIEF_IT運動工作室,和平東路四段389號1樓,63000080,24.9990355,121.574283,學校、大型集會場所,健身房,櫃檯前方,運動工作室
臺北市士林區蘭雅國民小學,磺溪街57號,63000110,25.10841,121.523137,其他,其他場所,蘭雅國民小學 一樓穿堂,蘭雅國民小學 一樓穿堂
Curves社子延北店,延平北路五段307號2樓,63000110,25.086201,121.509312,學校、大型集會場所,健身房,健身中心,健身中心運動圈
臺北市立兒童新樂園,承德路5段55號,63000110,25.097094,121.514709,觀光旅遊地區,民營遊樂業,1樓停車場停管室旁,一樓停車場停管室旁
Curves可爾姿士林店,中山北路五段687號2樓之1,63000110,25.097215,121.527219,學校、大型集會場所,健身房,臺北市士林區中山北路五段687號2樓之1,健身房櫃台
皇池溫泉御膳館,紗帽路42-2號,63000120,25.13957167,121.5302888,大型公眾浴場或溫泉區,大型公眾浴場,大廳,大門左側
特力屋股份有限公司士林分公司,基河路258號1F,63000110,25.092605,121.5202,大型購物場所,賣場,1F入口處,1. 1F入口處旁
臺北市中山老人住宅暨服務中心,新生北路2段101巷2號,63000040,25.057314,121.528413,其他,其他場所,1F大廳接待區,1F玻璃門入口左手邊旁
森蒲有限公司（Energym),南京東路五段123巷1弄4號1F,63000010,25.051912,121.560518,學校、大型集會場所,健身房,訓練區內,置於店內訓練區
Curves女性專用30分鐘健身中心南京復興店,南京東路三段208號五樓,63000040,25.051672,121.543218,學校、大型集會場所,健身房,伸展區右方,櫃檯正右方，伸展區左方
世正南軟大樓,三重路66號2樓,63000090,25.057111,121.614302,其他,其他場所,台北市南港區三重路66號2樓服務台旁,台北市南港區三重路66號2樓服務台旁
國立臺灣文學館 臺北分館（臺灣文學基地）,濟南路二段27號,63000050,25.0412035,121.5285113,大型休閒場所,博物館,悅讀館,茶水間
象山步道,象山步道,63000020,25.0269,121.5744552,觀光旅遊地區,全區域,象山步道-攝手平台,放置於象山步道-攝手平台
象山步道,象山步道,63000020,25.0269,121.5744552,觀光旅遊地區,全區域,六巨石,放置於象山步道六巨石旁
象山步道,象山步道,63000020,25.0269,121.5744552,觀光旅遊地區,全區域,六巨石往逸賢亭的交叉路口,放置於象山步道六巨石往逸賢亭的交叉路口
象山步道,象山步道,63000020,25.0269,121.5744552,觀光旅遊地區,全區域,超然亭,放置於象山步道超然亭
象山步道,象山步道,63000020,25.0269,121.5744552,觀光旅遊地區,全區域,永春亭,放置於象山步道永春亭
維克訓練Victor’s Training,南京東路二段216號B1,63000040,25.0517133,121.5361642,學校、大型集會場所,健身房,場館顯眼位置,維克訓練健身房
新光人壽保險股份有限公司,忠孝西路一段66號,63000050,25.046245,121.515283,其他,其他場所,一樓大廳左側,大門口左側
新光人壽保險股份有限公司_松山金融大樓,南京東路五段125號1樓,63000010,25.0516691,121.5611154,其他,其他場所,台北市松山區南京東路五段125號,新光人壽保險股份有限公司_松山金融大樓
臺北市立文山幼兒園,興隆路4段105巷1號,63000080,24.9877892,121.5607501,其他,其他場所,本園側門入口處,臺北市立文山幼兒園(105巷)側門入口處
臺北捷運中山地下街,南京西路16號B1樓,63000040,25.052429,121.520526,大型購物場所,地下街,中山地下街書街R8逃生出口旁,中山地下街書街R8逃生出口旁
新芳春茶行,民生西路309號,63000060,25.057081,121.512548,大型休閒場所,博物館,新芳春茶行,入口處右側
臺北市立民權國民中學,重慶北路3段1號,63000060,25.063802,121.513866,其他,其他場所,民權國中校門口警衛室內沙發椅旁邊,學校位於重慶北路與民權西路交叉口
碩妃健康事業股份有限公司,民權東路三段二號15樓,63000040,25.0621266,121.544137,其他,其他場所,台北市中山區民權東路三段二號,15樓
文山銀髮人才服務據點,興隆路二段88號2樓,63000080,25.00027763,121.5488165,其他,其他場所,據點大廳,位於據點大廳內
臺北捷運東區地下街,大安路1段77號地下1樓,63000030,25.041695,121.546424,大型購物場所,地下街,第四廣場10號出入口,東區地下街第四廣場10號出入口下方旁
臺北市立育成高級中學,重陽路366號,63000090,25.033608,121.608512,學校、大型集會場所,高中職,校門口1F穿堂,育成高中進大門一樓穿堂(靠左側牆面)
臺北巿大安區龍安國民小學,新生南路3段33號,63000030,25.023922,121.534885,其他,其他場所,台北市大安區龍安國民小學,入大門口川堂右轉健康中心門口(公共電話旁)
臺北市大同區延平國民小學,昌吉街97號,63000060,25.066047,121.512454,其他,其他場所,學務處門旁,校門進入，至穿堂，左側第1間學務處，門旁
臺北市內湖區麗湖國民小學,金湖路363巷8號,63000100,25.072992,121.601146,其他,其他場所,1樓風雨操場(健康中心旁),1樓風雨操場(健康中心旁)
臺北市內湖區麗湖國民小學,金湖路363巷8號,63000100,25.072992,121.601146,其他,其他場所,3樓游泳池,3樓游泳池(游泳池辦公室旁)
甲山林湯旅(JSL HOTEL),興安街60號,63000040,25.0559733,121.5397017,旅宿場所,旅館,一樓大廳,飯店櫃台大廳左前方
健身工廠萬隆廠,興隆路一段15號2樓,63000080,25.0043458,121.5405182,大型休閒場所,運動場館(如小巨蛋),台北市文山區興隆路一段15號2樓,AED位於教練部旁伸展區柱子上
BEYOND FITNESS,安和路二段81號B1,63000030,25.0301277,121.5522728,學校、大型集會場所,健身房,櫃台旁櫃子,下樓後左手邊，櫃台旁櫃子
臺北市立重慶國民中學,敦煌路19號,63000060,25.076266,121.518102,學校、大型集會場所,國中,中庭/總務處外牆,由校門口進入後，直走，穿過中庭，即可看到總務處右側外牆。
新北投71園區,開明街71號,63000120,25.141611,121.502361,其他,其他場所,園區內一樓廣場，右棟樓梯間右側，穿堂入口左側,(114年9月至115年4月期間，71園區將作為耐震補強工程施作場域，出入口由工程廠商管控。)由義方國小舊校舍整修而成，建物呈Ｌ型的連棟四層樓校舍，為臺北市藝響空間網之一。
藍陽國際有限公司,基隆路一段25號1樓,63000020,25.048408,121.569123,學校、大型集會場所,健身房,體能王區,體能王區-聳立之牆與戶外門中間
全創適能有限公司 / 橡體有限公司,中山北路1段33巷25號,63000040,25.048546,121.523022,學校、大型集會場所,健身房,面對啞鈴區左側柱上,面對啞鈴區左側柱上
春天酒店股份有限公司,幽雅路18號,63000120,25.137585,121.513555,旅宿場所,旅館,台北市北投區幽雅路18號 春天酒店 大廳1F,"台北市北投區幽雅路18號春天酒店 大廳1F
(放置於大廳顯眼處，入口進來後右手邊即可看到，及時取用方便。)"
國立臺灣大學(校總區),羅斯福路4段1號,63000030,25.016323,121.534463,學校、大型集會場所,大專院校,法律霖澤館,管理員室前方
臺北農產運銷股份有限公司 總公司(第二果菜批發市場),民族東路336號,63000040,25.067471,121.537218,其他,其他場所,5樓行政中心,5樓行政中心，穿堂廣場
國立臺北藝術大學_衛生保健組,學園路1號衛生保健組,63000120,25.132518,121.469682,學校、大型集會場所,大專院校,衛生保健組,活動中心2樓衛生保健組辦公室外走廊
臺北市立成淵高級中學,承德路2段235號,63000060,25.061177,121.518454,學校、大型集會場所,高中職,健康中心前走廊,學校內健康中心前面
國立臺灣大學(校總區),羅斯福路4段1號,63000030,25.016323,121.534463,學校、大型集會場所,大專院校,管理教研館,大門正前方
臺北市立南門國民中學,廣州街6號(臺北市立南門國民中學),63000050,25.033992,121.509089,其他,其他場所,南門國中,仁愛樓泳池門口
世方旅居文旅,松江路485號,63000040,25.0672047,121.5336575,旅宿場所,旅館,一樓大廳進門左手邊,松江路建國北路口
樸苒安有限公司,承德路三段25號2.3樓,63000060,25.0640643,121.5185486,學校、大型集會場所,健身中心,櫃台左前方,2廁所、飲水機左側
永安棧 WESTGATEHOTEL,中華路一段150號,63000070,25.0428894,121.5080496,旅宿場所,旅館,中華路一段150號,飯店大廳
國立故宮博物院,至善路2段221號,63000110,25.10235,121.548432,大型休閒場所,博物館,第1展覽館1樓大廳,第一展覽館(正館)1樓大廳語音導覽服務台旁
富驛時尚酒店,南京東路三段131號,63000040,25.0522472,121.5406666,旅宿場所,旅館,進門左側,進門左側
柯旅天閣股份有限公司,忠孝東路五段297號,63000020,25.04114669,121.5728493,旅宿場所,旅館,交誼廳,交誼廳
臺北市士林區富安國民小學,延平北路8段135號,63000110,25.105869,121.482442,其他,其他場所,學校穿堂,學校穿堂
承攜行旅台北重慶館,重慶北路一段62號,63000060,25.0518459,121.5138259,旅宿場所,旅館,旅館大廳,旅館一樓大廳
城市商旅台北南東館,南京東路五段411號,63000010,25.0515071,121.570012,旅宿場所,旅館,一樓大廳,一樓大廳
希芙健康股份有限公司,南京東路二段100號,63000040,25.0517577,121.5319808,大型休閒場所,運動場館(如小巨蛋),櫃台前方,置於場所櫃台正前方
中山國中星耀樓,民權東路三段106巷3弄2號,63000010,25.0613514,121.5456185,大型休閒場所,運動場館(如小巨蛋),1樓電梯旁,大門進來左轉
台北時代寓所,幸福里林森南路7號,63000050,25.0439639,121.5235742,旅宿場所,旅館,本館3F健身房,健身房置物櫃側邊下方處
台北時代寓所,幸福里林森南路7號,63000050,25.0439639,121.5235742,旅宿場所,旅館,本館大廳,大廳電梯旁
阿樹國際旅店,八德路三段76號,63000010,25.0480759,121.5526449,旅宿場所,飯店,飯店4樓大廳,設置於阿樹國際旅店4樓大廳
國立故宮博物院,至善路2段221號,63000110,25.10235,121.548432,大型休閒場所,博物館,至善園入口,至善園位於國立故宮博物院天下為公牌坊旁
世正經貿大樓,經貿二路66號,63000090,25.057065,121.616403,其他,其他場所,台北市南港區世正經貿大樓2樓服務台旁,台北市南港區經貿二路66號2樓服務台旁
國揚健康事業有限公司,松德路65號B1,63000020,25.0384449,121.576699,學校、大型集會場所,健身中心,右側入口,核心肌地健身房
Curves 女性專用30分鐘健身中心南京小巨蛋店,南京東路4段50號4樓之2,63000010,25.05143,121.55342,學校、大型集會場所,健身房,伸展區前方,櫃台旁，運動圈50公分左右，伸展區前方。
臺北市立古亭國民中學,中華路二段465號,63000050,25.024756,121.509983,學校、大型集會場所,國中,古亭國中一校健康中心門口,古亭國中一校健康中心門口
憶昕體能訓練有限公司,長安東路2段204號1樓,63000040,25.049564,121.521914,學校、大型集會場所,健身房,2F,2F樓梯旁
第一華僑大飯店,南京東路二段63號,63000040,25.0522811,121.530225,旅宿場所,飯店,進門後右前方,進門後右前方
給力健身房民生店,民生東路三段128號B1,63000010,25.057173,121.546995,學校、大型集會場所,健身房,健身區,置物櫃旁，場館正中間
台新國際商業銀行建北分行,建國北路２段17號,63000040,25.054128,121.537452,其他,其他場所,分行大廳右側,分行大廳右側，通往二樓樓梯旁
台新國際商業銀行敦南分行,仁愛路四段118號1樓,63000030,25.037574,121.550076,其他,其他場所,分行主要出入口,放置於ATM提款機及櫃檯交接處，分行主要出入口右側。
台新國際商業銀行內湖大樓,舊宗路２段207號1樓,63000100,25.072963,121.574025,其他,其他場所,1樓大廳電梯旁,1樓大廳電梯旁，保全右後方
台新國際商業銀行忠孝分行,忠孝東路４段282號1樓,63000030,25.041196,121.555495,其他,其他場所,忠孝分行1樓大廳,忠孝分行1樓大廳
愛表現體能學院,朱崙街60號B1,63000040,25.0498442,121.5435493,其他,其他場所,本場所櫃檯上,一進門就能清楚看到
Anytime Fitness 信義安和店,信義路四段279號B1-1,63000030,25.033374,121.554724,學校、大型集會場所,健身房,Anytime Fitness台北信義安和店,"緊急求生告示板旁
腿部伸展機左前方"
臺北車站智選假日酒店,重慶北路一段73號,63000060,25.0522756,121.5142533,旅宿場所,飯店,櫃台旁,櫃台右側
國立臺灣大學(校總區),羅斯福路4段1號,63000030,25.016323,121.534463,學校、大型集會場所,大專院校,戶外游泳池,門口左側
米窩,忠孝西路1段50號7樓、7樓之1、之2、之3、8樓,63000050,25.0421407,121.5198716,旅宿場所,旅館,忠孝西路1段50號7樓,忠孝西路1段50號7樓
國立臺北科技大學,忠孝東路3 段1號,63000030,25.04246,121.53565,學校、大型集會場所,大專院校,學生宿舍一舍電梯旁,學生宿舍一舍電梯旁
社子公園,永平街20巷37弄對面,63000110,25.090899,121.506612,其他,其他場所,閱覽室門口,閱覽室門口明顯處
青年公園,水源路199號-駐警隊,63000070,25.021782,121.506684,其他,其他場所,青年公園駐警室,青年公園1號入口旁青年公園駐警室
中國文化大學 大恩館,華岡路55號,63000110,25.136543,121.538749,學校、大型集會場所,大專院校,本校大孝館8樓,大孝館8樓 柏英廳外
中國文化大學 大恩館,華岡路55號,63000110,25.136543,121.538749,學校、大型集會場所,大專院校,大義館,大義館1樓 電梯旁
國立臺北科技大學,忠孝東路3 段1號,63000030,25.04246,121.53565,學校、大型集會場所,大專院校,宏裕科技研究大樓1樓電梯旁,從新生南路警衛室進來，左邊第二棟為第六教學大樓，從第六教學大樓進入，即是宏裕科技研究大樓，AED在宏裕科技研究大樓1樓電梯旁
大安森林公園,新生南路2段1號,63000030,25.030199,121.535496,其他,其他場所,大安森林公園音樂台辦公室,大安森林公園音樂台後方辦公室入口
中國文化大學 大恩館,華岡路55號,63000110,25.136543,121.538749,學校、大型集會場所,大專院校,本校大成館,大成館1樓，政治學系辦公室對面
臺北市古亭地政事務所,萬隆街47之12號3樓,63000080,25.000662,121.536974,其他,其他場所,本所3F入口處,本所3F入口處左手邊
和平青草園,西園路二段42號,63000070,25.03271143,121.4973483,其他,其他場所,和平青草園綠化教室門口,和平青草園綠化教室門口
青年公園,水源路199號-駐警隊,63000070,25.021782,121.506684,其他,其他場所,青年公園管理所辦公室,青年公園管理所辦公室門口
士林203號公園,111台北市士林區中山北路五段378巷26號,63000110,25.0905543,121.530167,其他,其他場所,陽明所辦公室後方空地旁建物,辦公室後方空地旁建物明顯處
台灣虎航股份有限公司,敦化北路405巷123弄3號,63000010,25.06304,121.557636,長距離交通工具,航空器,B-50027航機，第13排 DEF行李艙,B-50027航機
二二八和平公園,懷寧街103號,63000050,25.04184,121.514159,其他,其他場所,二二八和平公園駐警室,二二八和平公園駐警室門口
國立臺北科技大學,忠孝東路3 段1號,63000030,25.04246,121.53565,學校、大型集會場所,大專院校,億光大樓1樓(近電梯),億光大樓1樓(近電梯)
國立臺北科技大學,忠孝東路3 段1號,63000030,25.04246,121.53565,學校、大型集會場所,大專院校,忠孝東路警衛室,忠孝東路警衛室
國立臺北科技大學,忠孝東路3 段1號,63000030,25.04246,121.53565,學校、大型集會場所,大專院校,衛生保健組,第二教學大樓一樓走廊
南港公園,東新街170之1號,63000090,25.045919,121.591476,其他,其他場所,南港公園駐警室內,進駐警室大門內左側牆上
台北南港威秀影城,經貿二路131號5樓,63000090,25.05934497,121.6175826,大型休閒場所,電影片映演場所(戲院、電影院),台北南港威秀影城,5樓售票處旁
臺北市立臺北特殊教育學校,忠誠路二段207巷3號,63000110,25.116617,121.536225,學校、大型集會場所,高中職,臺北特殊教育學校,一樓健康中心內
臺北市立圖書館大同分館,重慶北路3段318號,63000060,25.074304,121.513555,大型休閒場所,圖書館,臺北市立圖書館大同分館入口處右側，服務台旁之牆面。,臺北市立圖書館大同分館入口處右側，服務台旁之牆面。
臺北試演場,延平北路四段200號2樓,63000060,25.075687,121.5116,大型休閒場所,演藝廳,二樓大廳,設置位置於2樓大廳
臺北市文山區志清國民小學,景福街21巷5號,63000080,24.998665,121.538908,其他,其他場所,川堂,川堂
臺北市立圖書館東湖分館,五分街6號,63000100,25.067415,121.61261,大型休閒場所,圖書館,圖書館大門口內,圖書館1F大門口內，進門內左側牆上。
臺北市立圖書館總館,建國南路二段125號,63000030,25.029152,121.538369,大型休閒場所,圖書館,1樓大廳(往2樓樓梯旁),1樓大廳(往2樓樓梯旁)
臺北市立圖書館景新分館,景後街151號5-10樓,63000080,24.990124,121.542015,其他,其他場所,景新分館7樓的落地窗旁,景新分館7樓的落地窗旁
臺北市立圖書館三民分館,民生東路5段163-1號5樓,63000010,25.0587,121.563141,其他,其他場所,5樓資訊檢索區,民生社區活動中心圖書館5樓資訊檢索區
臺北市立圖書館葫蘆堵分館,延平北路五段136巷1號5樓,63000110,25.082193,121.510873,大型休閒場所,圖書館,5樓服務台後方,5樓面對服務台右側
藝響空間-林森59,林森北路5巷9號,63000050,25.0453245,121.524221,其他,其他場所,本場館1Ｆ,走進一樓大門左邊的牆面
臺北市中正區健康服務中心,羅斯福路一段8號,63000050,25.0326066,121.5180767,其他,其他場所,中心大廳左邊位置(2個電視牆中間位置),臺北市中正區羅斯福路一段8號4樓-中心大廳左邊位置(2個電視牆中間位置)
臺北市立永吉國民中學,松隆路161號,63000020,25.048236,121.574145,其他,其他場所,活動中心一樓，游泳池外川堂,永吉國中活動中心一樓，游泳池外川堂
中國信託商業銀行 (行政大樓),安康路22巷33號,63000100,25.0614696,121.5941194,其他,其他場所,一樓大廳轉乘處,一樓大廳轉乘處
中國信託商業銀行,台北市南港區經貿二路168號1樓,63000090,25.0589412,121.616187,其他,其他場所,A棟1樓大廳,櫃檯旁邊
中國信託商業銀行,台北市南港區經貿二路168號1樓,63000090,25.0589412,121.616187,其他,其他場所,經貿二路168號Ｃ棟１樓(服務台旁),經貿二路168號Ｃ棟１樓(商場1F服務台旁)
中國信託商業銀行,台北市南港區經貿二路168號1樓,63000090,25.0589412,121.616187,其他,其他場所,台北市南港區經貿二路188號1F,B棟1樓大廳
中國信託商業銀行,台北市南港區經貿二路168號1樓,63000090,25.0589412,121.616187,其他,其他場所,台北市南港區經貿二路168號2樓,位於南港中國信託金融園區A棟2樓，餐廳、手扶梯正對面
中國信託商業銀行,台北市南港區經貿二路168號1樓,63000090,25.0589412,121.616187,其他,其他場所,經貿二路168號B棟3F,全聯前
長順區民活動中心,長順街臨127號,63000070,25.031361,121.4907293,其他,其他場所,活動中心內,活動中心內
臺北市博嘉實驗國民小學,木柵路4段159巷14-1號,63000080,25.001764,121.57582,其他,其他場所,校門口警衛室,校門口警衛室
臺北市信義公民會館（四四南村）,松勤街52號,63000020,25.0314202,121.5620206,其他,其他場所,入口大廳左側,信義公民會館(四四南村)入口大廳左側
潤泰旭展股份有限公司(CITYLINK南港店),忠孝東路七段369號,63000090,25.05267019,121.6072083,大型購物場所,商場,C棟11F,C棟11樓喜樂時代影城手扶梯旁
見潭璞旅,承德路四段250號,63000110,25.0891784,121.5204553,旅宿場所,旅館,旅館大廳,見潭璞旅入住大廳進口右手邊。
星能股份有限公司,瑞光路480號12樓,63000100,25.0787224,121.569001,其他,其他場所,台北市內湖區瑞光路480號12樓,台北市內湖區瑞光路480號12樓
泛亞工程建設股份有限公司,忠孝東路4段219號7樓,63000030,25.0420032,121.5334554,其他,其他場所,本公司大廳,位於忠孝敦化捷運站2號出口，步行約2分鐘到華新大樓7樓，即到本公司所在地
圓山步道,中山北路四段登山步道,63000040,25.0769595,121.5256057,其他,其他場所,初二觀景平台,初二觀景平台
圓山步道,中山北路四段登山步道,63000040,25.0769595,121.5256057,其他,其他場所,微風平台,微風平台
圓山步道,中山北路四段登山步道,63000040,25.0769595,121.5256057,其他,其他場所,台北市中山區中山北路四段,打印台
格拉斯麗台北飯店,忠孝東路二段89號3樓,63000050,25.0431085,121.530698,旅宿場所,飯店,飯店3樓大廳禮賓桌旁,飯店3樓大廳禮賓桌旁
台北生技園區,忠孝東路七段508號2樓,63000090,25.0522286,121.6099135,其他,其他場所,2樓大廳,2樓大廳服務台對面
圓山步道,中山北路四段登山步道,63000040,25.0769595,121.5256057,其他,其他場所,老地方,老地方
圓山步道,中山北路四段登山步道,63000040,25.0769595,121.5256057,其他,其他場所,繁榮台北,繁榮台北
臺北市私立喬治高級工商職業學校,基隆路二段155號,63000020,25.025907,121.554505,學校、大型集會場所,高中職,浩然樓1F實習處辦公室前,浩然樓1F實習處辦公室前
臺北市私立喬治高級工商職業學校,基隆路二段155號,63000020,25.025907,121.554505,學校、大型集會場所,高中職,霞雲樓1F梯廳,霞雲樓1F梯廳
臺北市私立衛理女子高級中學,至善路2段321號,63000110,25.101757,121.55231,學校、大型集會場所,高中職,住校處,住校處
臺北市私立衛理女子高級中學,至善路2段321號,63000110,25.101757,121.55231,學校、大型集會場所,高中職,桌球室,桌球室
強大肌力訓練中心有限公司,樂群二路265巷32號,63000040,25.081045,121.572785,其他,其他場所,台北市中山區樂群二路265巷32號 本中心櫃台上方,進入訓練中心門口右手邊櫃檯上
洛碁大飯店驛,黎明里重慶南路一段21號,63000050,25.0458122,121.5133545,旅宿場所,旅館,大廳座位區,大廳休息區
財團法人中華民國唐氏症基金會附設臺北市私立唐氏症居家長照機構,忠孝東路七段520號七樓,63000090,25.0523336,121.6108117,其他,其他場所,入門左側,入門左側
台北南港雀客藏居,重陽路59號,63000090,25.055903,121.5967075,旅宿場所,旅館,櫃檯前方,櫃檯前方
臺北捷運南港展覽館站BR24,南港路1段32號,63000090,25.05539,121.617555,交通要衝,捷運站,地下1樓,桌球區
台北中山雅樂軒酒店,雙城街一號,63000040,25.0658309,121.5243036,旅宿場所,飯店,台北中山雅樂軒 - 一樓大廳電梯前方,台北中山雅樂軒 - 一樓大廳電梯前方
立法院(中山南路1號),中山南路1號,63000050,25.043902,121.519537,學校、大型集會場所,立法院,本院會客室,"一樓會客室25.044014, 121.519638"
煦陽適能空間,汀洲路四段173號1樓,63000080,25.004467,121.5357806,學校、大型集會場所,健身房,櫃台,櫃台旁櫃子上
Vital Essence Fitness 運動賦能,"Section 3, Xinsheng S Rd, 98號6樓",63000030,25.0169982,121.5329259,大型休閒場所,運動場館(如小巨蛋),本館大廳,本館大廳
立法院(中山南路1號),中山南路1號,63000050,25.043902,121.519537,學校、大型集會場所,立法院,醫務室,醫務室門口
立法院(濟南路一段1號),濟南路一段1號,63000050,25.043252,121.519895,學校、大型集會場所,立法院,群賢樓-1樓,群賢-1樓電梯旁
中山國中星耀樓,民權東路三段106巷3弄2號,63000010,25.0613514,121.5456185,大型休閒場所,運動場館(如小巨蛋),2樓電梯旁,2樓電梯出來右邊
畢人體能有限公司Berenfit,信義路四段199巷32號,63000030,25.0353243,121.5515828,學校、大型集會場所,健身房,健身房放鬆區,進入門口後直走到底右手邊
臺北市私立新民國民小學,辛亥路一段113號,63000030,25.022224,121.531661,其他,其他場所,學務處-健康中心,學務處-健康中心
力康健康事業股份有限公司,內湖路一段356號2樓,63000100,25.081453,121.5705162,其他,其他場所,健康管理中心內,健康管理中心內
力康運動醫學機構天母館,明德路365號學思樓3樓,63000120,25.1186138,121.5192037,其他,其他場所,運動教室,走廊
力康運動醫學機構萬隆館,羅斯福路五段127號1樓,63000080,25.004707,121.539156,其他,其他場所,本館教室內,櫃檯旁
新光三越百貨股份有限公司台北信義分公司二館,松高路12號,63000020,25.038021,121.56673,大型購物場所,百貨業,4F醫務室,4F醫務室
維京健身工作室,義理街81號,63000120,25.1180834,121.5159794,學校、大型集會場所,健身房,大廳,一樓入口右側
柯旅天閣股份有限公司開封分公司,開封街一段33號1樓,63000050,25.04606111,121.512915,旅宿場所,飯店,本館大廳,一樓大廳
國立陽明交通大學-陽明校區,立農街2段155號（陽明交通大學）,63000120,25.120313,121.514794,學校、大型集會場所,大專院校,陽明校區-軍艦岩親山步道入口,陽明校區實驗動物中心旁軍艦岩親山步道入口
國立陽明交通大學-陽明校區,立農街2段155號（陽明交通大學）,63000120,25.120313,121.514794,學校、大型集會場所,大專院校,陽明校區守仁樓一樓駐警隊值班室,陽明校區守仁樓一樓駐警隊值班室
國立陽明交通大學-陽明校區,立農街2段155號（陽明交通大學）,63000120,25.120313,121.514794,學校、大型集會場所,大專院校,男一舍一樓門口,陽明校區男一舍一樓門口外
國立陽明交通大學-陽明校區,立農街2段155號（陽明交通大學）,63000120,25.120313,121.514794,學校、大型集會場所,大專院校,男五舍一樓門口外,陽明校區男五舍一樓門口外
國立陽明交通大學-陽明校區,立農街2段155號（陽明交通大學）,63000120,25.120313,121.514794,學校、大型集會場所,大專院校,陽明校區山頂操場,陽明校區山頂操場司令台下一樓器材室門口外
國立陽明交通大學-陽明校區,立農街2段155號（陽明交通大學）,63000120,25.120313,121.514794,學校、大型集會場所,大專院校,生物醫學大樓一樓外面風雨走廊,陽明校區生物醫學大樓一樓外面風雨走廊
國立陽明交通大學-陽明校區,立農街2段155號（陽明交通大學）,63000120,25.120313,121.514794,學校、大型集會場所,大專院校,醫學二館一樓門口外,陽明校區醫學二館一樓門口外
國立陽明交通大學-陽明校區,立農街2段155號（陽明交通大學）,63000120,25.120313,121.514794,學校、大型集會場所,大專院校,知行樓前棟，人社院一樓音前廳,陽明校區知行樓前棟，人社院一樓音前廳還書箱旁.
國立陽明交通大學-陽明校區,立農街2段155號（陽明交通大學）,63000120,25.120313,121.514794,學校、大型集會場所,大專院校,實驗大樓一樓東側走廊,陽明校區實驗大樓一樓東側走道還書箱前
臺北市大同區太平國民小學,延平北路二段239號,63000060,25.061411,121.511471,其他,其他場所,行政大樓一樓,行政大樓一樓穿堂，總務處門口旁
臺北市大安區金華國民小學,愛國東路79巷11號,63000030,25.032275,121.527675,其他,其他場所,川堂左側/警衛室門旁,川堂左側/警衛室門旁
雀客藏居 台北?湖,成功路二段512號,63000100,25.0741594,121.589652,旅宿場所,旅館,大廳一樓  進門口右轉,一樓櫃台的側邊
國立政治大學,指南路2段64號,63000080,24.986398,121.574983,學校、大型集會場所,大專院校,國立政治大學四維堂,四維堂(古蹟)
國立政治大學,指南路2段64號,63000080,24.986398,121.574983,學校、大型集會場所,大專院校,國立政治大學莊敬一．二．三舍,莊敬一二三服務台前
國立政治大學,指南路2段64號,63000080,24.986398,121.574983,學校、大型集會場所,大專院校,國立政治大學莊敬九舍１樓,莊敬九舍
國立政治大學,指南路2段64號,63000080,24.986398,121.574983,學校、大型集會場所,大專院校,傳播學院門口右側,傳播學院門口右側
國立政治大學,指南路2段64號,63000080,24.986398,121.574983,學校、大型集會場所,大專院校,達賢圖書館,達賢圖書館入門左側
臺北市中正運動中心,信義路一段1號1F,63000050,25.03836826,121.5193062,大型休閒場所,運動場館(如小巨蛋),1樓櫃台,1樓櫃台大廳右側
國立政治大學,指南路2段64號,63000080,24.986398,121.574983,學校、大型集會場所,大專院校,國立政治大學國際大樓１樓,國際大樓一樓華語中心
國立政治大學,指南路2段64號,63000080,24.986398,121.574983,學校、大型集會場所,大專院校,後山警衛室,後山警衛室內
國立政治大學,指南路2段64號,63000080,24.986398,121.574983,學校、大型集會場所,大專院校,國立政治大學自強六舍１樓,自強5.6舍服務台前
國立政治大學,指南路2段64號,63000080,24.986398,121.574983,學校、大型集會場所,大專院校,道藩樓一樓,道藩樓一樓入門左側牆
國立政治大學,指南路2段64號,63000080,24.986398,121.574983,學校、大型集會場所,大專院校,國立政治大學季陶樓,季陶樓大門
國立政治大學,指南路2段64號,63000080,24.986398,121.574983,學校、大型集會場所,大專院校,商學院,商學院一樓門口服務台旁
國立政治大學,指南路2段64號,63000080,24.986398,121.574983,學校、大型集會場所,大專院校,國立政治大學四維網球場,四維網球場風雲樓
國立政治大學,指南路2段64號,63000080,24.986398,121.574983,學校、大型集會場所,大專院校,社資中心一樓入門右側,政治大學社資中心
國立政治大學,指南路2段64號,63000080,24.986398,121.574983,學校、大型集會場所,大專院校,新聞館,新聞館入門右側
國立政治大學,指南路2段64號,63000080,24.986398,121.574983,學校、大型集會場所,大專院校,國立政治大學百年樓１樓,文學院百年樓
國立政治大學,指南路2段64號,63000080,24.986398,121.574983,學校、大型集會場所,大專院校,國立政治大學山上運動場,山上運動場籃球場旁
國立政治大學,指南路2段64號,63000080,24.986398,121.574983,學校、大型集會場所,大專院校,中正圖書館,中正圖書館入門左側靠牆
國立政治大學,指南路2段64號,63000080,24.986398,121.574983,學校、大型集會場所,大專院校,國立政治大學游泳館,游泳館
國立政治大學,指南路2段64號,63000080,24.986398,121.574983,學校、大型集會場所,大專院校,井塘樓,井塘樓入門右側
國立政治大學,指南路2段64號,63000080,24.986398,121.574983,學校、大型集會場所,大專院校,行政大樓二樓,行政大樓二樓
國立政治大學,指南路2段64號,63000080,24.986398,121.574983,學校、大型集會場所,大專院校,國立政治大學自強十舍Ａ,自強10舍服務台前A
國立政治大學,指南路2段64號,63000080,24.986398,121.574983,學校、大型集會場所,大專院校,國立政治大學ＩＨＯＵＳＥ政大國際學生會館,秀明路二段112巷17號
國立政治大學,指南路2段64號,63000080,24.986398,121.574983,學校、大型集會場所,大專院校,國立政治大學自強十舍Ｂ,自強十舍B-第二台
國立政治大學,指南路2段64號,63000080,24.986398,121.574983,學校、大型集會場所,大專院校,國立政治大學國際關係研究中心,畜養樓
國立政治大學,指南路2段64號,63000080,24.986398,121.574983,學校、大型集會場所,大專院校,綜合院館北棟一樓,綜合院館北棟一樓電梯旁
臺北市中正運動中心,信義路一段1號1F,63000050,25.03836826,121.5193062,大型休閒場所,運動場館(如小巨蛋),B2游泳池辦公室,B2游泳池辦公室
洛碁大飯店忠孝館,忠孝東路四段180號,63000030,25.0411234,121.5515646,旅宿場所,旅館,4樓餐廳,出電梯左手邊
國立政治大學,指南路2段64號,63000080,24.986398,121.574983,學校、大型集會場所,大專院校,綜合院館南棟七樓,綜合院館南棟七樓電梯旁
國立政治大學,指南路2段64號,63000080,24.986398,121.574983,學校、大型集會場所,大專院校,藝文中心大禮堂,藝文中心大禮堂禮堂內出入口
國立政治大學,指南路2段64號,63000080,24.986398,121.574983,學校、大型集會場所,大專院校,藝文中心三樓,藝文中心三樓門口
國立政治大學,指南路2段64號,63000080,24.986398,121.574983,學校、大型集會場所,大專院校,國立政治大學逸仙樓１樓,逸仙樓
國立政治大學,指南路2段64號,63000080,24.986398,121.574983,學校、大型集會場所,大專院校,電子計算機中心1樓,電子計算機中心1樓電梯佈告欄旁
國立政治大學,指南路2段64號,63000080,24.986398,121.574983,學校、大型集會場所,大專院校,國立政治大學研究暨創新育成總中心,創新暨研究育成中心
國立政治大學,指南路2段64號,63000080,24.986398,121.574983,學校、大型集會場所,大專院校,國立政治大學自強二舍,自強三舍
國立政治大學,指南路2段64號,63000080,24.986398,121.574983,學校、大型集會場所,大專院校,國立政治大學環山網球場,網球場管理室
國立政治大學,指南路2段64號,63000080,24.986398,121.574983,學校、大型集會場所,大專院校,國立政治大學自強九舍,自強九舍
國立政治大學,指南路2段64號,63000080,24.986398,121.574983,學校、大型集會場所,大專院校,國立政治大學自強七．八舍,自強7.8舍交誼廳
國立政治大學,指南路2段64號,63000080,24.986398,121.574983,學校、大型集會場所,大專院校,綜合院館南棟1樓,綜合院館南棟1樓電梯旁
國立政治大學,指南路2段64號,63000080,24.986398,121.574983,學校、大型集會場所,大專院校,國立政治大學志希樓１樓,志希樓
國立政治大學,指南路2段64號,63000080,24.986398,121.574983,學校、大型集會場所,大專院校,大仁樓,大仁樓2樓入門左側飲水機旁
國立政治大學,指南路2段64號,63000080,24.986398,121.574983,學校、大型集會場所,大專院校,國立政治大學體育館,體育館
國立政治大學,指南路2段64號,63000080,24.986398,121.574983,學校、大型集會場所,大專院校,國立政治大學學思樓４樓,學思樓4樓逃生口旁
國立政治大學,指南路2段64號,63000080,24.986398,121.574983,學校、大型集會場所,大專院校,校門口警衛室,校門口警衛室門口
國立政治大學,指南路2段64號,63000080,24.986398,121.574983,學校、大型集會場所,大專院校,研究大樓4樓,研究大樓4樓電梯旁
國立政治大學,指南路2段64號,63000080,24.986398,121.574983,學校、大型集會場所,大專院校,綜合院館北棟七樓,綜合院館北棟七樓電梯旁
臺北市內湖區東湖國民小學,東湖路115號,63000100,25.06916,121.616068,其他,其他場所,健康中心外走廊,健康中心外走廊
臺北市內湖區東湖國民小學,東湖路115號,63000100,25.06916,121.616068,其他,其他場所,穿堂,穿堂(警衛室旁)
中國科技大學臺北校區,興隆路3段56號,63000080,24.997535,121.554239,學校、大型集會場所,大專院校,傳賢樓2樓視傳系辦門口旁,傳賢樓2樓視傳系辦門口旁
臺北嘉佩樂酒吧 Capella Glasshouse,敦化北路129號1F,63000010,25.0523227,121.5494055,旅宿場所,旅館,敦化北路129號1F,凱基金融大樓 前方 敦化北路大道旁
新北投車站,七星街1號1樓,63000120,25.13661816,121.5034783,觀光旅遊地區,地方政府主管風景區,車站展覽大廳,展場內大廳
臺北嘉佩樂酒店 Capella Taipei,"敦化北路139號1-2,14樓",63000010,25.053229,121.5499151,旅宿場所,飯店,酒店大廳1樓,台北市松山區敦化北路139號
臺北市萬華區西園國民小學,東園街73巷65號,63000070,25.026663,121.498884,其他,其他場所,書香樓一樓走廊(靠近警衛室),書香樓一樓走廊(靠近警衛室)
臺北市士林區三玉國民小學,天母東路116號,63000110,25.118013,121.537344,其他,其他場所,健康中心,健康中心近西花園門後方
光點華山電影館,八德路1段1號(中六電影館),63000050,25.044983,121.529005,大型休閒場所,電影片映演場所(戲院、電影院),光點華山電影館(售票櫃台),光點華山電影館(售票櫃台)
擎邦國際科技工程股份有限公司、彬台科技股份有限公司,瑞光路210號5樓,63000100,25.0751495,121.5762621,其他,其他場所,台北市內湖區瑞光路210號7樓,世紀國寶大樓7樓梯廳(出電梯左側)
六福開發股份有限公司-南港分公司(台北六福萬怡酒店),忠孝東路七段359號(台北六福萬怡酒店),63000090,25.052164,121.606883,旅宿場所,旅館,六福萬怡酒店11樓健身房,11F健身房
六福開發股份有限公司-南港分公司(台北六福萬怡酒店),忠孝東路七段359號(台北六福萬怡酒店),63000090,25.052164,121.606883,旅宿場所,旅館,六福萬怡酒店七樓大廳,本館七樓大廳櫃台旁
國立臺灣藝術教育館,南海路43號,63000050,25.032293,121.512074,大型休閒場所,美術館,南海書院1樓警衛室旁,置放於本館南海書院1樓警衛室旁。
誠品生活股份有限公司武昌店,武昌街2段77號,63000070,25.04517,121.505568,大型購物場所,百貨業,誠品生活武昌店4樓服務台旁,誠品生活武昌店4樓服務台旁
臺北市勞動檢查處,艋舺大道101號7樓,63000070,25.03346,121.501347,其他,其他場所,7樓,7樓
國立國父紀念館,仁愛路4段505號,63000020,25.03955,121.560265,觀光旅遊地區,文化園區,臨時辦公室-短棟近園區門內側,臨時辦公室-短棟近園區門內側
國立國父紀念館,仁愛路4段505號,63000020,25.03955,121.560265,觀光旅遊地區,文化園區,臨時辦公室-長棟服務台前,臨時辦公室-長棟服務台前
誠品生活股份有限公司松菸店,菸廠路88號,63000020,25.043938,121.559302,大型購物場所,商場,3F讀者服務中心,3F讀者服務中心
艾奕康工程顧問股份有限公司,信義路五段8號16樓,63000020,25.03275,121.561219,其他,其他場所,辦公室管制門內,辦公室管制門內
臺北市政府工務局衛生下水道工程處,酒泉街235號,63000060,25.0725688,121.5104486,其他,其他場所,本處1樓大廳,本處1樓大廳收發室旁
GYMEFIT健康店,台北市松山區健康路227號,63000010,25.0543148,121.5626807,其他,其他場所,入門左側牆上,GYMEFIT健康店
瀚寓酒店,台北市信義區基隆路一段206號,63000020,25.0398155,121.5631601,旅宿場所,飯店,飯店大廳,飯店大門右手邊
瀚寓酒店,台北市信義區基隆路一段206號,63000020,25.0398155,121.5631601,旅宿場所,飯店,飯店3樓健身房,3樓健身房，進入門口右手邊
臺北市水源劇場,羅斯福路四段92號10樓,63000050,25.013651,121.534973,大型休閒場所,演藝廳,水源劇場大廳走廊,水源劇場大廳B區走廊
台北中山雅樂軒酒店,雙城街一號,63000040,25.0658309,121.5243036,旅宿場所,飯店,台北中山雅樂軒16樓健身房,台北中山雅樂軒16樓健身房
老爺大酒店股份有限公司,中山北路2段37-1號,63000040,25.053924,121.522844,其他,其他場所,在1樓大廳,飯店1樓大門 進門後右轉 禮賓接待櫃台旁
GYM RULES 健身規則,農安街9號2樓,63000040,25.0651017,121.5233558,學校、大型集會場所,健身房,櫃台旁,櫃台旁邊
第一商業銀行中山分行,中山北路二段61號,63000040,25.056177,121.522992,其他,其他場所,一樓大廳右側茶水間外,一樓大廳右側茶水間外
第一商業銀行信用卡處(八德大樓),八德路二段203號10樓,63000040,25.046957,121.539723,其他,其他場所,八德大樓10樓，進門口右手邊,八德大樓10樓，進門口右手邊
誠品生活股份有限公司松菸店,菸廠路88號,63000020,25.043938,121.559302,大型購物場所,商場,B1F美食街手扶梯口,B1F美食街手扶梯口
京站實業股份有限公司,承德路一段一號,63000060,25.049449,121.517916,大型購物場所,百貨業,1F Q1出入口,1F 客服中心前
京站實業股份有限公司,承德路一段一號,63000060,25.049135,121.518315,大型購物場所,百貨業,B3 東側,B3 東側手扶梯旁
元大人壽金星大樓,(104)臺北市中山區松江路106號,63000040,25.0511593,121.5327385,其他,其他場所,1F信箱區,1F大廳的信箱區
碧山巖開漳聖王廟,碧山路24號,63000100,25.09732487,121.5876037,其他,其他場所,晨曦門,碧山巖開漳聖王廟 晨曦門
中國科技大學臺北校區,興隆路3段56號,63000080,24.997535,121.554239,學校、大型集會場所,大專院校,中國科技大學格致樓1樓大廳正門電視牆旁,中國科技大學格致樓1樓大廳正門電視牆旁
辛巴健身工作室,忠孝東路二段14號4樓,63000050,25.0436283,121.5272543,其他,其他場所,置物架旁,台北市忠孝東路二段14號4樓
國立臺灣師範大學圖書館校區(和平東路1段129號) ,和平東路1段129號,63000030,25.026732,121.528263,學校、大型集會場所,大專院校,進修推廣學院一樓,進修推廣學院一樓服務中心旁
臺北市立美術館,中山北路三段181號,63000040,25.072594,121.524852,其他,其他場所,D展間,B2樓D展間入口處
臺北市立美術館,中山北路三段181號,63000040,25.072594,121.524852,其他,其他場所,南進門入口,南進門1樓服務台側
臺北市立美術館,中山北路三段181號,63000040,25.072594,121.524852,其他,其他場所,大門入口,大門入口靠導覽服務中心側
台北金融大樓股份有限公司(觀景台),信義路5段7號,63000020,25.03388,121.564751,觀光旅遊地區,民營遊樂業,台北101觀景台88樓電梯口,台北101觀景台88樓電梯口
台灣虎航股份有限公司,敦化北路405巷123弄3號,63000010,25.06304,121.557636,長距離交通工具,航空器,B-50028航機，第13排 DEF行李艙,B-50028航機
台北金融大樓股份有限公司(觀景台),信義路5段7號,63000020,25.03388,121.564751,觀光旅遊地區,民營遊樂業,台北101觀景台5樓購票口旁,台北101觀景台5樓購票口旁
台北金融大樓股份有限公司(購物中心),市府路45號,63000020,25.033719,121.564735,大型購物場所,百貨業,2F中環手扶梯,2F中環手扶梯
台北金融大樓股份有限公司(觀景台),信義路5段7號,63000020,25.03388,121.564751,觀光旅遊地區,民營遊樂業,台北1012觀景台101樓服務台,台北1012觀景台101樓服務台
台北金融大樓股份有限公司(購物中心),市府路45號,63000020,25.033719,121.564735,大型購物場所,百貨業,B1美食街,B1美食街
台北金融大樓股份有限公司(辦公大樓),信義路五段7號59樓,63000020,25.033718,121.56481,其他,其他場所,辦公大樓B2F貨梯管制站,B2F辦公大樓貨梯管制站，可隨時以貨梯快速送至各樓層使用。
台北金融大樓股份有限公司(購物中心),市府路45號,63000020,25.033719,121.564735,大型購物場所,百貨業,4F都會廣場,4樓西側空橋旁
台北金融大樓股份有限公司(購物中心),市府路45號,63000020,25.033719,121.564735,大型購物場所,百貨業,B2停車場,B2商場2號客梯梯廳
台北金融大樓股份有限公司(購物中心),市府路45號,63000020,25.033719,121.564735,大型購物場所,百貨業,B1服務台,B1服務台
台北金融大樓股份有限公司(辦公大樓),信義路五段7號59樓,63000020,25.033718,121.56481,其他,其他場所,88樓,88樓會議中心
台北金融大樓股份有限公司(觀景台),信義路5段7號,63000020,25.03388,121.564751,觀光旅遊地區,民營遊樂業,台北101觀景台89樓服務台,台北101觀景台89樓服務台
台灣虎航股份有限公司,敦化北路405巷123弄3號,63000010,25.06304,121.557636,長距離交通工具,航空器,B-50029航機，第13排 DEF行李艙,B-50029航機
台北金融大樓股份有限公司(購物中心),市府路45號,63000020,25.033719,121.564735,大型購物場所,百貨業,3F中環手扶梯,3F中環手扶梯
台北金融大樓股份有限公司(辦公大樓),信義路五段7號59樓,63000020,25.033718,121.56481,其他,其他場所,辦公大樓59樓櫃台,辦公大樓59樓櫃台旁
台北金融大樓股份有限公司(購物中心),市府路45號,63000020,25.033719,121.564735,大型購物場所,百貨業,B2停車場,B2保全辦公室門口
台北金融大樓股份有限公司(觀景台),信義路5段7號,63000020,25.03388,121.564751,觀光旅遊地區,民營遊樂業,台北101觀景台91樓室內,台北101觀景台91樓室內
台北金融大樓股份有限公司(辦公大樓),信義路五段7號59樓,63000020,25.033718,121.56481,其他,其他場所,辦公大樓35樓,辦公大樓35樓電扶梯前方
台北金融大樓股份有限公司(購物中心),市府路45號,63000020,25.033719,121.564735,大型購物場所,百貨業,1F員工出入口,1F員工出入口
台北金融大樓股份有限公司(購物中心),市府路45號,63000020,25.033719,121.564735,大型購物場所,百貨業,6樓VIP室,6樓VIP室內
台北金融大樓股份有限公司(辦公大樓),信義路五段7號59樓,63000020,25.033718,121.56481,其他,其他場所,一樓大廳,一樓圓形櫃台週遭
臺北市立成淵高級中學,承德路2段235號,63000060,25.061177,121.518454,學校、大型集會場所,高中職,學生活動中心1樓,成淵高級中學學生活動中心1樓
摩登力量,濟南路三段62號1樓,63000030,25.0400187,121.5368474,學校、大型集會場所,健身房,本場所正門口櫃檯上方,本場所打門口櫃檯上方
臺北市大同區大橋國民小學,重慶北路三段2號,63000060,25.06428715,121.5133787,學校、大型集會場所,國小,大橋國小川堂,川堂右側
臺北市萬華區福星國民小學,中華路一段66號,63000070,25.046784,121.507931,其他,其他場所,新大樓5樓游泳池,新大樓5樓游泳池
臺北市萬華區福星國民小學,中華路一段66號,63000070,25.046784,121.507931,其他,其他場所,活動中心一樓球場,活動中心一樓球場
寒舍國際酒店股份有限公司,松高路18號,63000020,25.038884,121.567516,其他,其他場所,台北市松高路18號8樓,8樓健身房
飛躍運動館,成功路四段50號2樓之1,63000100,25.08218762,121.5921759,學校、大型集會場所,健身房,健身區,健身區
練一下GYMCUBE,成功路三段145號B1,63000100,25.079713,121.590033,學校、大型集會場所,健身房,健身房場館內,健身房場館內
臺北市立中山女子高級中學,長安東路2段141號,63000040,25.079202,121.542709,學校、大型集會場所,高中職,莊敬樓1樓入口,莊敬樓一樓入口右側(販賣機旁)
貓空纜車動物園站,新光路2段8號,63000080,24.99569,121.577094,交通要衝,捷運站,貓空纜車動物園站,車站4樓
貓空纜車動物園南站,新光路2段30-2號,63000080,24.990172,121.587576,交通要衝,捷運站,貓空纜車動物園南站,車站1樓
貓空纜車指南宮站,指南路3段157巷200號,63000080,24.979041,121.589698,交通要衝,捷運站,貓空纜車指南宮站,車站1樓
貓空纜車貓空站,指南路3段38巷35號,63000080,24.968914,121.588297,交通要衝,捷運站,貓空纜車貓空站,車站1樓
臺北市政府消防局信義分隊,松仁路1號,63000020,25.040833,121.568976,其他,其他場所,1樓值班室,1樓值班室
臺北市政府消防局城中分隊,忠孝西路1段86號,63000050,25.046998,121.513444,其他,其他場所,1樓值班室,1樓值班室
臺北市政府消防局防災科學教育館,成功路二段376號,63000100,25.069339,121.590343,大型休閒場所,博物館,1樓入口處,1樓入口處
臺北市災害應變中心,莊敬路391巷11弄2號(臺北市災害應變中心),63000020,25.028846,121.566153,其他,其他場所,5樓整備應變科門口,5樓整備應變科門口
臺北市立中山女子高級中學,長安東路2段141號,63000040,25.079202,121.542709,學校、大型集會場所,高中職,逸仙樓一樓,教官室旁
DREAM PLAZA,松高路11號,63000020,25.0395151,121.5652423,大型購物場所,百貨業,DREAM  PLAZA  B1F,B1F 服務台
citizenM Taipei Northgate世民酒店,中華路一段3號,63000050,25.047181,121.510506,旅宿場所,飯店,飯店 1F 大廳,旋轉梯後方
元大金融廣場,台北市大安區仁愛路三段157號17樓管理部,63000030,25.0383911,121.5432647,其他,其他場所,1樓側門備勤室,1樓收發室旁備勤室
元大金融廣場-多功能身心保健室,仁愛路三段157號17樓,63000030,25.03830901,121.5432607,其他,其他場所,元大金融廣場-17樓多功能身心保健室,17樓多功能身心保健室
頗行健體運動空間,長春路61巷27號,63000040,25.055722,121.526375,學校、大型集會場所,健身中心,頗行健體運動空間,入口右側牆上
臺北市私立薇閣高級中學,珠海路50號,63000120,25.138874,121.503907,學校、大型集會場所,高中職,進德樓一樓,進德樓位於珠海路上，學校正門進入即可看到(正面對就是進德樓)，壁掛式AED位於正前方電梯側面
臺北市政府環境保護局北投垃圾焚化廠,洲美街271號,63000120,25.100116,121.498582,其他,其他場所,廠區二樓中控室,廠區二樓中控室
潤泰旭展股份有限公司(CITYLINK南港店),忠孝東路七段369號,63000090,25.05267019,121.6072083,大型購物場所,商場,A棟7F商辦大樓,A棟7樓大櫃台前方
臺北市信義區光復國民小學,光復南路271號,63000020,25.04027,121.557853,其他,其他場所,明德樓活動中心(4樓),明德樓4樓活動中心
臺灣集中保管結算所-民生東路,民生東路133號10樓,63000010,25.05795229,121.5482395,其他,其他場所,台北市松山區民生東路133號10樓,投信輔導部門口
國立臺北科技大學,忠孝東路3 段1號,63000030,25.04246,121.53565,學校、大型集會場所,大專院校,億光大樓4樓電梯旁,億光大樓4樓電梯旁
台達電子工業股份有限公司,瑞光路186號,63000100,25.074192,121.577812,其他,其他場所,1F大廳,1F大廳充電站旁
貓空步道,指南路三段33巷34號,63000080,24.9844629,121.5804241,其他,其他場所,樟樹步道彩雲亭,樟樹步道彩雲亭
貓空步道,指南路三段33巷34號,63000080,24.9844629,121.5804241,其他,其他場所,草湳涼亭(草湳大榕樹 登山口),草湳大榕樹 登山口  臺北市文山區指南路三段195號附近
吸引力生活事業股份有限公司 ATT 4 FUN,松壽路12號,63000020,25.035666,121.566075,大型購物場所,百貨業,B2F,服務中心旁
TMMA台北格鬥運動館 內科館,內湖路一段411巷10-2號,63000100,25.0822673,121.5710139,學校、大型集會場所,健身房,TMMA內科館 一樓,於客座休息區旁的牆上
台灣萊珀妮股份有限公司,民生東路司段51號10樓,63000040,25.0577525,121.5406294,其他,其他場所,台北市中山區民生東路三段51號10樓,茶水間公共區域
嵨開安旅,復興南路一段191號1F,63000030,25.0401826,121.5438982,旅宿場所,飯店,本館5F,櫃台旁
財團法人台北市文化基金會臺北市影視音實驗教育機構,汀州路三段230巷18弄7-1號,63000050,25.010089,121.532141,其他,其他場所,臺北市中正區汀州路三段230巷10號,寶藏巖哨所1樓空間
臺北市中正區南門國民小學,廣州街6號,63000050,25.042079,121.519891,其他,其他場所,南門國民小學學務處旁走廊,南門國小學務處旁走廊
臺北市立浩然敬老院,福德街84巷36號2樓,63000020,25.0383539,121.5814527,其他,其他場所,3樓護理站前方,廣慈社宅3區3樓
臺北市立大安高級工業職業學校,復興南路2段52號,63000030,25.032033,121.54336,學校、大型集會場所,高中職,大安高工活動中心管控室,大安高工活動中心(泳池對面)
臺北市政府勞動局勞動權益中心,艋舺大道101號6樓,63000070,25.0333212,121.5015021,公眾服務單位設施,警察分局,服務台旁,服務台旁
臺北市立大安高級工業職業學校,復興南路2段52號,63000030,25.032033,121.54336,學校、大型集會場所,高中職,大安高工健康中心,行政大樓一樓健康中心
臺北市立第一女子高級中學,重慶南路一段165號,63000050,25.038561,121.513103,學校、大型集會場所,高中職,傳達室會客室,大門口會客室內
臺北市立大安高級工業職業學校,復興南路2段52號,63000030,25.032033,121.54336,學校、大型集會場所,高中職,大安高工游泳池,大安高工游泳池(B3)
臺北市立忠孝國民中學,西寧北路32號,63000060,25.051223,121.508218,學校、大型集會場所,國中,穿堂左側牆面,"由校門進入,面對穿堂左側牆面"
臺北市立懷生國民中學,忠孝東路3段248巷30號,63000030,25.04015,121.540847,學校、大型集會場所,國中,學務處,學務處門口
臺北市萬華區老松國民小學,桂林路64號,63000070,25.038046,121.502725,學校、大型集會場所,國小,本校穿堂,穿堂面對校門口右手邊
陽光健身(Sunshine Fitness),忠孝東路4段60號2樓,63000030,25.041393,121.545321,學校、大型集會場所,健身房,門內右手邊,開門右手邊
LIGHT WORKER 私人運動招待所,中山區樂群二路187號五樓之2,63000040,25.079966,121.558521,其他,其他場所,入口左手邊,櫃檯右側
臺北市立北投幼兒園,明德路208巷5號1樓,63000120,25.113142,121.522624,其他,其他場所,1樓活動室,1樓活動室大門牆壁上
臺北市立啟明學校,忠誠路二段207巷1號,63000110,25.116621,121.534969,學校、大型集會場所,高中職,學務處旁川堂,學務處旁川堂，緊鄰學務處及健康中心
華信航空股份有限公司,台北市松山區敦化北路405巷123弄3號,63000010,25.06304,121.557636,長距離交通工具,航空器,B16865飛機,B16865飛機
臺北市立啟明學校,忠誠路二段207巷1號,63000110,25.116621,121.534969,學校、大型集會場所,高中職,本校學生宿舍,本校學生宿舍一樓櫃台旁牆壁
財團法人台灣文學發展基金會市定古蹟紀州庵及新館營運管理處,同安街107號,63000050,25.021649,121.520421,大型休閒場所,博物館,2樓電梯口,紀州庵文學森林新館 2樓電梯口
交通部民用航空局臺北國際航空站(松山機場),敦化北路340-9號,63000010,25.06369,121.552742,交通要衝,機場,3樓觀景臺,3樓觀景臺廁所前方
越練越好運動事業有限公司,基隆路二段51號B1,63000020,25.0309321,121.558469,學校、大型集會場所,大專院校,櫃檯,櫃檯旁
財團法人台灣文學發展基金會市定古蹟紀州庵及新館營運管理處,同安街107號,63000050,25.021649,121.520421,大型休閒場所,博物館,1樓樓梯口,紀州庵文學森林新館 1樓樓梯口
佳飛雅醫美診所,辛亥路1段49號,63000050,25.0421407,121.5198716,其他,其他場所,本診所大刀房內,在本診所，2樓大刀房內
梧邸酒店台北杭州館,杭州南路一段12號,63000050,25.0400452,121.5254907,旅宿場所,旅館,一樓大廳,位於杭州南路一段及徐州路交叉口的建築物，正對面是水果行，正門口有三棵巨樹，氣派鮮明
臺北市教師研習中心,建國街2號,63000120,25.151185,121.549653,其他,其他場所,研習大樓,設置於教授休息室旁
內湖凱旋酒店,江南街55號,63000100,25.0775343,121.5780231,旅宿場所,飯店,內湖凱旋酒店大廳,"台北市內湖區江南街?55 號，距離港墘捷運站步行約?5–8?分鐘 。
AED 安置於一樓大廳區(接待櫃檯附近）"
臺北市信義區公所,福德街86號,63000020,25.03772618,121.5819729,其他,其他場所,1樓大廳,1樓大廳服務櫃台旁
臺北市大安區公館國民小學,基隆路4段41巷68弄2號,63000030,25.012408,121.542808,其他,其他場所,一樓穿堂,公館國小一樓穿堂
臺北市萬華區西門國民小學,成都路98號,63000070,25.043172,121.503597,其他,其他場所,本校游泳池,游泳池入口大廳
柯達大飯店 台北天津,中山北路一段53巷22號,63000040,25.048823,121.523208,旅宿場所,旅館,一樓大廳旁,一樓大廳旁
柯達大飯店股份有限公司林森分公司,林森北路76號,63000040,25.0496652,121.524494,旅宿場所,飯店,1F大廳,1F大廳
柯達大飯店台北一店,中山北路二段11巷1號,63000040,25.052813,121.523346,其他,其他場所,一樓商務中心內,放置於一樓商務中心內
國立傳統藝術中心臺灣戲曲中心,文林路751號,63000110,25.10234,121.519078,大型休閒場所,演藝廳,大表演廳前廳,大表演廳一樓前廳
國立傳統藝術中心臺灣戲曲中心,文林路751號,63000110,25.10234,121.519078,大型休閒場所,演藝廳,小表演廳前廳,小表演廳前廳
國立傳統藝術中心臺灣音樂館,文林路751號,63000110,25.102218,121.520049,大型休閒場所,演藝廳,台灣音樂館,台灣音樂館一樓
臺北市立天母國民中學,天母東路120號,63000110,25.117097,121.538127,學校、大型集會場所,國中,警衛室內,警衛室內
臺北市立南港高級工業職業學校,興中路29號,63000090,25.056498,121.607859,學校、大型集會場所,高中職,健康中心前走廊,健康中心前走廊
臺北市立福安國民中學,延平北路七段250號,63000110,25.102855,121.488071,學校、大型集會場所,國中,總務處外走廊,總務處外走廊，飲水機旁。
臺北市立聯合醫院松德院區,松德路309號,63000020,25.030508,121.574895,其他,其他場所,二院區松德精神護理之家,二院區松德精神護理之家大廳
臺北市文山區興華國民小學,興隆路3段125巷6號,63000080,24.99975,121.558903,學校、大型集會場所,國小,A階視聽教室前,A階視聽教室前，體育器材室旁
臺北市中正區螢橋國民小學,詔安街29號,63000050,25.025138,121.514353,其他,其他場所,臺北市立中正區螢橋國民小學,穿堂(前門)
臺北市民族實驗國民中學,羅斯福路4段113巷13號,63000030,25.011186,121.538874,學校、大型集會場所,國中,警衛室,入校後左側警衛室
臺北市立萬華國民中學,西藏路201號,63000070,25.029107,121.498835,其他,其他場所,臺北市立萬華國中,警衛室
臺北市士林區文昌國民小學,文林路615巷20號,63000110,25.09941,121.521296,其他,其他場所,健康中心前,1樓廁所旁
臺北市中山區中正國民小學,龍江路62號,63000040,25.05049,121.540072,其他,其他場所,臺北市中山區中正國民小學健康中心外C1樓梯旁,臺北市中山區中正國民小學健康中心外C1樓梯旁
臺北市政府地政局土地開發總隊,莊敬路391巷11弄2號3樓,63000020,25.0288455,121.5661533,其他,其他場所,臺北市政府地政局土地開發總隊3樓電梯口機關大門內,臺北市災害應變中心土地開發總隊3樓電梯口機關大門內
臺北市政府市政大樓,臺北市市府路1號,63000020,25.038211,121.564359,其他,其他場所,2F親子劇場,市政大樓2樓親子劇場出口前
臺北市立龍山國民中學,南寧路46號,63000070,25.036077,121.504618,學校、大型集會場所,國中,穿堂,臺北市立龍山國中穿堂
臺北市士林區雨聲國民小學,至誠路一段62巷70號,63000110,25.102662,121.535265,其他,其他場所,雨聲國小穿堂,穿堂
國家文官學院,忠孝東路7段576號,63000090,25.052806,121.612808,其他,其他場所,行政大樓1樓菁英講堂前,行政大樓1樓菁英講堂前
臺北市立文獻館,中華路一段174-1號,63000070,25.040198,121.507287,大型休閒場所,博物館,本館本堂常設展,"置放地點為常設展入口處,，門口貼有告示。"
國家文官學院,忠孝東路7段576號,63000090,25.052806,121.612808,其他,其他場所,教學大樓1樓服務中心前,教學大樓1樓服務中心前
練功房運動有限公司,林森北路612號2樓,63000040,25.0665238,121.5255827,學校、大型集會場所,健身房,進門右前方,進門右前方
內政部國家公園署陽明山國家公園管理處竹子湖蓬萊米原種田故事館,竹子湖路15-1號,63000120,25.168282,121.539439,觀光旅遊地區,國家公園,竹子湖路15-1號,入口左手邊服務台前方
內政部國家公園署陽明山國家公園管理處龍鳳谷遊客服務站,泉源路200號,63000120,25.143153,121.526371,觀光旅遊地區,國家公園,龍鳳谷遊客服務站入口右側,入口左手邊服務台前方
DREAM PLAZA,松高路11號,63000020,25.0395151,121.5652423,大型購物場所,百貨業,DREAM  PLAZA  6F,6F博客來結帳櫃檯
頭等艙飯店西門館,台北市中正區中華路一段59號13樓,63000050,25.0412815,121.5086389,旅宿場所,旅館,本場所大廳,門口右方，旅館營業正下方。
臺北市立士林國民中學,中正路345號,63000110,25.094366,121.52257,學校、大型集會場所,國中,繁星樓地下室游泳池,游泳池內
臺北市立士林國民中學,中正路345號,63000110,25.094366,121.52257,學校、大型集會場所,國中,中正樓健康中心外牆,中正樓健康中心外牆
臺北市文山區武功國民小學,興隆路一段68號,63000080,25.003889,121.540493,其他,其他場所,警衛室外牆,入校門口，看見警衛室右轉即可看見
臺灣網路認證股份有限公司,延平南路85號2樓,63000050,25.043317,121.5108155,其他,其他場所,台北市中正區延平南路85號2樓,該地址為城中大樓2樓區域
中飛科技股份有限公司,瑞光路583巷32號5樓,63000100,25.0808103,121.5683739,其他,其他場所,5樓 接待處(入口左側),"台北市內湖區瑞光路583巷32號5樓(富蘭克林大樓), 接待處入口左側"
中飛科技股份有限公司,瑞光路583巷32號5樓,63000100,25.0808103,121.5683739,其他,其他場所,7樓 戰情暨教育訓練中心(入口左側),"台北市內湖區瑞光路583巷26-1號7樓(富蘭克林大樓), 戰情暨教育訓練中心((入口左側)"
和苑三井花園飯店 台北忠孝,忠孝東路三段30號,63000030,25.0418375,121.5343789,旅宿場所,飯店,本樓一樓大廳,進大門左手邊面對櫃台左手邊柱子角落
城市學校財團法人臺北城市科技大學,學園路2號,63000120,25.133617,121.468879,學校、大型集會場所,大專院校,大成館一樓體育辦公室前,大成館一樓體育辦公室前
全聯實業股份有限公司(大直總部),敬業四路31、33號1樓,63000040,25.08076,121.557519,其他,其他場所,一樓電梯口旁走廊,臺北市中山區敬業四路31、33號1樓電梯口旁走廊，客戶及員工均要搭此處電梯上下樓。AED旁是逃生門。
寒舍國際酒店股份有限公司,松高路18號,63000020,25.038884,121.567516,其他,其他場所,五樓宴會廳樓梯旁,五樓宴會廳樓梯旁
國立政治大學,指南路2段64號,63000080,24.986398,121.574983,學校、大型集會場所,大專院校,法學院1樓,法學院1樓教師休息室門口(770107)
星宇航空股份有限公司,忠孝東路四段525號11樓,63000020,25.04216558,121.5615707,長距離交通工具,航空器,星宇客機B-58302,第68排HK行李艙
星宇航空股份有限公司,忠孝東路四段525號11樓,63000020,25.04216558,121.5615707,長距離交通工具,航空器,星宇客機B-58204,第33排ABC行李艙
ISPORTS愛健身俱樂部,仁愛路一段38號1樓,63000050,25.0384056,121.523029,其他,其他場所,1F,1F
赫威體適能,敦化南路一段219號地下一樓,63000030,25.04112,121.5492226,學校、大型集會場所,健身房,訓練區牆面上,"25.04176927807174, 121.54926888816793"
加減健康管理顧問有限公司 台北信義分公司,基隆路一段135號一樓,63000020,25.0440544,121.5665544,交通要衝,捷運站,健身房入口,健身房入口
臺北市大同運動中心,大龍街51號,63000060,25.064769,121.516146,學校、大型集會場所,健身中心,大同運動中心1F梯廳,本中心1F大廳電梯旁位置
臺北市私立東山高級中學,老泉街26巷3號,63000080,24.972689,121.561698,學校、大型集會場所,高中職,懷東九樓老師辦公室,懷東九樓老師辦公室牆外
新光三越百貨(股)公司台北南西分公司三館,南京西路15號4樓,63000040,25.052708,121.520607,大型購物場所,百貨業,4F顧客服務中心,4F顧客服務中心
新光三越百貨（股）公司台北南西分公司,南京西路12號1樓服務台,63000040,25.052266,121.521052,大型購物場所,百貨業,1樓服務台,1樓服務台
悍酷運動工作室,新生北路2段37號,63000040,25.0545401,121.5279456,學校、大型集會場所,健身房,大廳,門口左側地上
臺北市內湖區內湖國民小學,內湖路2段41號,63000100,25.079126,121.580239,學校、大型集會場所,國小,孝悌樓北側門旁,孝悌樓北側門旁
台北遠東香格里拉/Shangri-La Far Eastern Taipei (鼎鼎大飯店股份有限公司),敦化南路二段201號,63000030,25.026612,121.549282,旅宿場所,飯店,40樓 SPA區,40樓泳池電梯旁
給力健身房火山店,南京西路76號B1,63000060,25.05294914,121.5184056,大型休閒場所,運動場館(如小巨蛋),場館中間,場館中間靠牆，飲水機區域
國家攝影文化中心,忠孝西路一段70號,63000050,25.0467,121.514495,大型休閒場所,美術館,國家攝影文化中心,位於忠孝西路一段及懷寧街路口
活躍肌力訓練工作室,雙連街53巷14號1樓,63000060,25.0592579,121.5195186,學校、大型集會場所,健身中心,活躍肌力訓練工作室,教室內
臺北巿立介壽國民中學,延壽街401號,63000010,25.056421,121.55628,學校、大型集會場所,國中,3樓活動中心前門對面(女廁外牆),3樓活動中心前門對面(女廁外牆)
東吳大學(雙溪校區),臨溪路70號,63000110,25.094004,121.546276,學校、大型集會場所,大專院校,東吳大學綜合大樓四樓穿堂,"1.開放式空間，便於取用
2.具有簷廊遮陽及防雨，不易損壞"
第一商業銀行信用卡處(中山大樓),中山北路二段61號5樓,63000040,25.056177,121.522992,其他,其他場所,中山大樓5樓,中山大樓5樓
勁樂,松隆路239號2樓,63000020,25.0483788,121.5773401,學校、大型集會場所,健身房,本店大廳,大門入口置物櫃上方
欣亞國際酒店股份有限公司(北投亞太飯店),幽雅路31號,63000120,25.137099,121.515089,大型公眾浴場或溫泉區,溫泉區,本院大廳,大門入口右側
故事工廠永安藝文館,木新路二段156-1號,63000080,24.98445,121.568944,大型休閒場所,博物館,1樓電機室鐵櫃,進去右手邊鐵櫃第2層
行政院,忠孝東路一段1號,63000050,25.046317,121.520956,其他,其他場所,本院會客室,北平東路入口，1樓會客室
晟瑄工作室,11400臺北市內湖區內湖路2段480號2樓,63000100,25.0842133,121.5932084,學校、大型集會場所,健身房,門口旁邊,門口旁
臺北市萬華區新和國民小學,西藏路125巷31號,63000070,25.025983,121.503337,學校、大型集會場所,國小,本校校門口穿堂,本校校門口穿堂
臺北市萬華區新和國民小學(活動中心),西藏路125巷31號(活動中心),63000070,25.02600586,121.5033349,學校、大型集會場所,國小,臺北市萬華區新和國民小學(活動中心),臺北市萬華區新和國民小學(活動中心)
森林跑站大安館,新生南路二段60號1樓,63000030,25.02841,121.534155,其他,其他場所,台北市大安區新生南路二段60號1樓,面向水療池區域左側 休息區
臺北市萬華區龍山國民小學,和平西路3段235號,63000070,25.036439,121.495917,其他,其他場所,台北市萬華區龍山國小健康中心室內,健康中心室內
臺北市內湖區西湖國民小學,環山路一段25號,63000100,25.08383,121.565699,其他,其他場所,活動中心1樓,幼兒園前面走廊
明志大樓,民生東路四段54號1樓(警衛室),63000010,25.0575046,121.5510877,其他,其他場所,警衛室內,位於本棟大樓一樓警衛室內
合作金庫資產管理股份有限公司,館前路77號3樓,63000050,25.043675,121.515185,其他,其他場所,合作金庫資產管理公司三樓辦公室,中間佈告欄左側
臺北市忠義實驗國民小學,中華路二段307巷17號,63000050,25.02963,121.506346,其他,其他場所,進入川堂右側走廊旁,進入川堂右側走廊旁
Petra Training,仁愛路三段26-3號B1,63000030,25.0376231,121.5359993,其他,其他場所,本場館(B1)主訓練場,本場館(B1)主訓練場，進入門口右手邊牆壁上
恆健身有限公司,撫順街35號,63000040,25.0635933,121.5197985,學校、大型集會場所,健身中心,櫃檯休息區,櫃檯休息區
臺北市士林區雙溪國民小學,中社路2段66號,63000110,25.106069,121.563886,其他,其他場所,吟風樓大門,雙溪國小迎風樓大門
台灣高速鐵路(股)公司-台北車站,北平西路3號,63000050,25.047916,121.517002,交通要衝,高鐵站,高鐵台北車站一月台站務室北側柱面,一月台站務室北側柱面(南下月台)
健身工廠安和廠,安和路二段187號B1,63000030,25.02710616,121.5500115,學校、大型集會場所,健身房,教練部電視牆前方,教練部電視牆前方
星宇航空股份有限公司,忠孝東路四段525號11樓,63000020,25.04216558,121.5615707,長距離交通工具,航空器,星宇客機B-58552,24H前儲物箱
安倉營造股份有限公司,松江路223號6樓,63000040,25.058597,121.533478,其他,其他場所,104臺北市中山區松江路223號6樓,公司大門口
財政部關務署,塔城街13號,63000060,25.0513582,121.5108156,其他,其他場所,關務署主樓1F,大廳1樓右邊
臺北市文山區景美國民小學,景文街108號,63000080,24.989527,121.540781,其他,其他場所,忠孝樓1樓穿堂,從校門進來忠孝樓1樓穿堂右側
國泰期貨股份有限公司,敦化南路二段335號10樓,63000030,25.0219942,121.5491994,其他,其他場所,10樓電梯口前,國壽敦南大樓10樓電梯口前
臺北市私立滬江高級中學,羅斯福路六段336號,63000080,24.989488,121.538885,學校、大型集會場所,高中職,滬江高中信義樓一樓,滬江高中信義樓一樓飲水機旁
給力健身房林森店,林森北路381號B1,63000040,25.058537,121.525639,大型休閒場所,運動場館(如小巨蛋),場館中間柱子,場館中間柱子
臺北市文山區萬興國民小學,秀明路2段114號,63000080,24.990429,121.576593,其他,其他場所,活動中心一樓(游泳池出入口),萬興國小活動中心一樓(游泳池出入口)
拾力健身,大度路三段270巷69號三樓,63000120,25.1251067,121.467214,學校、大型集會場所,健身房,台北市北投區大度路三段270巷69號三樓,拾力健身場館內辦公室旁
星宇航空股份有限公司,忠孝東路四段525號11樓,63000020,25.04216558,121.5615707,長距離交通工具,航空器,星宇客機B-58307,第68排HK行李艙
臺北市立動物園,新光路二段30號,63000080,24.998347,121.581036,其他,其他場所,鳥園車站,車站候車車處
臺北市立動物園,新光路二段30號,63000080,24.998347,121.581036,其他,其他場所,企鵝館,企鵝館入口右側
臺北市立動物園,新光路二段30號,63000080,24.998347,121.581036,其他,其他場所,溫帶區萊爾富,萊爾富外牆
臺北市立動物園,新光路二段30號,63000080,24.998347,121.581036,其他,其他場所,溫帶區,截尾貓廁所涼亭
臺北市立動物園,新光路二段30號,63000080,24.998347,121.581036,其他,其他場所,園南站,園南站候車處
臺北市立動物園,新光路二段30號,63000080,24.998347,121.581036,其他,其他場所,熱帶雨林區綠野仙蹤廁所,綠野仙蹤廁所
臺北市立動物園,新光路二段30號,63000080,24.998347,121.581036,其他,其他場所,沙澳店廁所,沙澳店廁所
臺北市立動物園,新光路二段30號,63000080,24.998347,121.581036,其他,其他場所,非洲區河馬賣站,河馬賣站廁所
來去動一動,明水路581巷25號地下一層,63000040,25.0801016,121.5505443,其他,其他場所,團課教室內,下樓梯進門左轉後，左前方的團課教室內
國泰世紀產物保險股份有限公司,台北市大安區仁愛路四段296號7樓,63000030,25.0374016,121.5535462,其他,其他場所,台北市大安區仁愛路四段296號,本棟5樓電梯口旁
國泰世紀產物保險股份有限公司,台北市大安區仁愛路四段296號7樓,63000030,25.0374016,121.5535462,其他,其他場所,台北市大安區仁愛路四段296號7樓,本棟7樓電梯口外。
國泰世紀產物保險股份有限公司_敦南信義大樓,敦化南路二段39號14樓,63000030,25.0317557,121.5492338,其他,其他場所,國泰產險_敦南信義大樓14樓,國泰產險_敦南信義大樓14樓門口
國泰世紀產物保險股份有限公司-北區行政分公司,南京東路四段16號4樓,63000010,25.0512958,121.5530311,其他,其他場所,北區行政分公司門口,公司門口入口處
老爺榮康股份有限公司(北投老爺酒店),中和街2號,63000120,25.138848,121.501697,大型公眾浴場或溫泉區,溫泉區,本館一樓大廳入口處右側,位於一樓大廳餐廳入口處右側
?體能工作室,金湖路413號,63000100,25.07333435,121.6045785,學校、大型集會場所,健身房,進門左側,進門左側
轉化訓練空間工作室,中和街240號,63000120,25.1395462,121.5013562,學校、大型集會場所,健身房,櫃檯,櫃檯
國泰世紀產物保險股份有限公司,台北市大安區仁愛路四段296號7樓,63000030,25.0374016,121.5535462,其他,其他場所,台北市大安區仁愛路四段296號,本棟大樓11樓電梯口
國泰世紀產物保險股份有限公司_北區營業分公司,南京東路四段126號2樓A1室,63000010,25.0513966,121.5553183,其他,其他場所,2樓A1室門口,2樓A1室門口
國泰世紀產物保險股份有限公司_資訊瑞湖大樓,陽光街292號2樓,63000100,25.0729105,121.575628,其他,其他場所,2樓,2樓
群益證券投資信託股份有限公司,敦化南路二段69號15樓,63000030,25.0306554,121.5492076,其他,其他場所,大廳走廊,大廳走廊靠近茶水間處
